title,artist,genre,moods,release_date,version,download_url,cover_url
Echoes,"criticaleye, SHIRO, dolshi",Witch House,"Witch House, dark, energetic, relaxed",31 Jul 2025,Regular,https://ncsmusic.s3.eu-west-1.amazonaws.com/tracks/000/001/939/echoes-1753920071-ifL816qHm9.mp3,https://ncsmusic.s3.eu-west-1.amazonaws.com/tracks/000/001/939/100x100/echoes-1753920069-8AaZyYITqf.png
digital death,Kim,Witch House,"Witch House, dramatic, majestic, energetic",29 Jul 2025,Regular,https://ncsmusic.s3.eu-west-1.amazonaws.com/tracks/000/001/938/digital-death-1753747264-AO6BW8pMLN.mp3,https://ncsmusic.s3.eu-west-1.amazonaws.com/tracks/000/001/938/100x100/digital-death-1753747262-shgPd7e2QJ.png
Overheat,Cartoon,Drum & Bass,"Drum & Bass, dark, energetic",25 Jul 2025,"Regular, Instrumental",https://ncsmusic.s3.eu-west-1.amazonaws.com/tracks/000/001/933/overheat-1753401663-XiLNKZXuMQ.mp3,https://ncsmusic.s3.eu-west-1.amazonaws.com/tracks/000/001/933/100x100/overheat-1753401661-jCw57CrERF.jpg
Do It All,Cartoon,Drum & Bass,"Drum & Bass, dark, energetic",25 Jul 2025,"Regular, Instrumental",https://ncsmusic.s3.eu-west-1.amazonaws.com/tracks/000/001/934/do-it-all-1753401672-mqUmgLQl39.mp3,https://ncsmusic.s3.eu-west-1.amazonaws.com/tracks/000/001/934/100x100/do-it-all-1753401670-NWheLbYfQb.jpg
Whiplash,Cartoon,Drum & Bass,"Drum & Bass, energetic, exciting, powerful",25 Jul 2025,"Regular, Instrumental",https://ncsmusic.s3.eu-west-1.amazonaws.com/tracks/000/001/935/whiplash-1753401678-PIShhKSwKc.mp3,https://ncsmusic.s3.eu-west-1.amazonaws.com/tracks/000/001/935/100x100/whiplash-1753401676-JTecfK3BPO.jpg
Spicy,Cartoon,Dubstep,"Dubstep, energetic, exciting, dramatic",25 Jul 2025,"Regular, Instrumental",https://ncsmusic.s3.eu-west-1.amazonaws.com/tracks/000/001/936/spicy-1753401685-iT8S1vbWcj.mp3,https://ncsmusic.s3.eu-west-1.amazonaws.com/tracks/000/001/936/100x100/spicy-1753401683-lCxhgFEIkO.jpg
Dependant,Cartoon,Drum & Bass,"Drum & Bass, dramatic, powerful, positive",25 Jul 2025,"Regular, Instrumental",https://ncsmusic.s3.eu-west-1.amazonaws.com/tracks/000/001/937/dependant-1753401691-ERQ9HipO4q.mp3,https://ncsmusic.s3.eu-west-1.amazonaws.com/tracks/000/001/937/100x100/dependant-1753401689-szCyQtIzQf.jpg
Sky Verse,"Lieless, Luuna, Yarimov",Brazilian Phonk,"Brazilian Phonk, exciting",24 Jul 2025,Regular,https://ncsmusic.s3.eu-west-1.amazonaws.com/tracks/000/001/932/sky-verse-1753315264-yJlMg65j6p.mp3,https://ncsmusic.s3.eu-west-1.amazonaws.com/tracks/000/001/932/100x100/sky-verse-1753315261-E7DGvky63q.jpg
Her Body,"QKReign, DMHP_SKN",Jersey Club,"Jersey Club, energetic, exciting",22 Jul 2025,Regular,https://ncsmusic.s3.eu-west-1.amazonaws.com/tracks/000/001/930/her-body-1753142465-rCKeoztiLi.mp3,https://ncsmusic.s3.eu-west-1.amazonaws.com/tracks/000/001/930/100x100/her-body-1753142463-mLaEHq78ih.png
soulforge,"dezoliar, glossier, TWISTED",Witch House,"Witch House, dark, energetic, majestic",22 Jul 2025,Regular,https://ncsmusic.s3.eu-west-1.amazonaws.com/tracks/000/001/931/soulforge-1753142469-k8MlCPfbNw.mp3,https://ncsmusic.s3.eu-west-1.amazonaws.com/tracks/000/001/931/100x100/soulforge-1753142468-Y3LABgMgp6.jpg
Euphoria,"Cartoon, VALLO, KAZHI, Blooom",Drum & Bass,"Drum & Bass, energetic, exciting, powerful",18 Jul 2025,"Regular, Instrumental",https://ncsmusic.s3.eu-west-1.amazonaws.com/tracks/000/001/929/euphoria-1752796864-8afg8OUTHY.mp3,https://ncsmusic.s3.eu-west-1.amazonaws.com/tracks/000/001/929/100x100/euphoria-1752796862-7bFNs2A8kL.png
The Sound,"Fluorescents, Mazare",Drum & Bass,"Drum & Bass, energetic, exciting, positive",17 Jul 2025,Regular,https://ncsmusic.s3.eu-west-1.amazonaws.com/tracks/000/001/928/the-sound-1752710465-tuslnyGztG.mp3,https://ncsmusic.s3.eu-west-1.amazonaws.com/tracks/000/001/928/100x100/the-sound-1752710462-a8OV9dEaHf.png
On My Mind,"Slenderino, Tatsunoshin",Hardcore,"Hardcore, energetic, exciting, powerful",15 Jul 2025,"Regular, Instrumental",https://ncsmusic.s3.eu-west-1.amazonaws.com/tracks/000/001/927/on-my-mind-1752537664-RVzObzOTfO.mp3,https://ncsmusic.s3.eu-west-1.amazonaws.com/tracks/000/001/927/100x100/on-my-mind-1752537662-o1e8Qqtl6d.jpg
Victim,"STM, MRJay",Witch House,"Witch House, dark, energetic, dramatic",11 Jul 2025,Regular,https://ncsmusic.s3.eu-west-1.amazonaws.com/tracks/000/001/926/victim-1752192064-VnCE1Bv0RG.mp3,https://ncsmusic.s3.eu-west-1.amazonaws.com/tracks/000/001/926/100x100/victim-1752192062-5E5Nbx4z0a.jpg
All I Need,"jeonghyeon, SUNGYOO",Future House,"Future House, energetic, powerful",10 Jul 2025,Regular,https://ncsmusic.s3.eu-west-1.amazonaws.com/tracks/000/001/925/all-i-need-1752105664-i7xcxePI5E.mp3,https://ncsmusic.s3.eu-west-1.amazonaws.com/tracks/000/001/925/100x100/all-i-need-1752105662-Wrikk0L6OX.jpg
miffy cafe,sakuracloud,Lofi Hip-Hop,"Lofi Hip-Hop, relaxed",8 Jul 2025,Regular,https://ncsmusic.s3.eu-west-1.amazonaws.com/tracks/000/001/924/miffy-cafe-1752058862-g0Mxp2jNdj.mp3,https://ncsmusic.s3.eu-west-1.amazonaws.com/tracks/000/001/924/100x100/miffy-cafe-1752058860-YiqW3IIGPt.png
So Sweet,"ALEXYS, Strn.",Speed Garage,"Speed Garage, energetic, powerful",4 Jul 2025,Regular,https://ncsmusic.s3.eu-west-1.amazonaws.com/tracks/000/001/922/so-sweet-1751587262-1UEtP6sHvl.mp3,https://ncsmusic.s3.eu-west-1.amazonaws.com/tracks/000/001/922/100x100/1751628953_zX0RA73CDw_ALEXYS-Strn.---So-Sweet-Cover-Art.png
ROCK PAPER SCISSORS!,Dyolow,Pluggnb,"Pluggnb, energetic, exciting",3 Jul 2025,Regular,https://ncsmusic.s3.eu-west-1.amazonaws.com/tracks/000/001/921/rock-paper-scissors-1751500864-pFZm0Uogll.mp3,https://ncsmusic.s3.eu-west-1.amazonaws.com/tracks/000/001/921/100x100/rock-paper-scissors-1751500862-WE2igIca6P.png
musicismytherapy,chy deep,Drum & Bass,"Drum & Bass, exciting, energetic",1 Jul 2025,Regular,https://ncsmusic.s3.eu-west-1.amazonaws.com/tracks/000/001/920/1751470373_4mshqlS4k1_chy-deep---musicismytherapy.mp3,https://ncsmusic.s3.eu-west-1.amazonaws.com/tracks/000/001/920/100x100/musicismytherapy-1751328061-RLnJZwX3Ws.jpg
ghost,youth®,Indie Dance,"Indie Dance, romantic, energetic, exciting",27 Jun 2025,Regular,https://ncsmusic.s3.eu-west-1.amazonaws.com/tracks/000/001/917/ghost-1751025660-io22pBCfSr.mp3,https://ncsmusic.s3.eu-west-1.amazonaws.com/tracks/000/001/917/100x100/ghost-1751025658-VidT6QnM2c.jpg
snake eyes,youth®,,"energetic, dramatic, powerful",27 Jun 2025,Regular,https://ncsmusic.s3.eu-west-1.amazonaws.com/tracks/000/001/918/snake-eyes-1751025663-4rEVt9WCxp.mp3,https://ncsmusic.s3.eu-west-1.amazonaws.com/tracks/000/001/918/100x100/snake-eyes-1751025661-qkbFtd9axD.jpg
a little break,youth®,Breakbeat,"Breakbeat, exciting, neutral",27 Jun 2025,Regular,https://ncsmusic.s3.eu-west-1.amazonaws.com/tracks/000/001/919/a-little-break-1751025665-W37nUToerg.mp3,https://ncsmusic.s3.eu-west-1.amazonaws.com/tracks/000/001/919/100x100/a-little-break-1751025664-A74k7OLSOZ.jpg
Time,wayudance,Trap,"Trap, energetic, powerful",26 Jun 2025,Regular,https://ncsmusic.s3.eu-west-1.amazonaws.com/tracks/000/001/916/time-1750896062-joS08R6oI9.mp3,https://ncsmusic.s3.eu-west-1.amazonaws.com/tracks/000/001/916/100x100/time-1750896060-ZpuHFPTwSw.png
Need You Again,"SadBois, ROY KNOX, Jake Neumar",Melodic Dubstep,"Melodic Dubstep, dramatic, sad, powerful",24 Jun 2025,Regular,https://ncsmusic.s3.eu-west-1.amazonaws.com/tracks/000/001/915/need-you-again-1750780861-VYEjPSYWYk.mp3,https://ncsmusic.s3.eu-west-1.amazonaws.com/tracks/000/001/915/100x100/need-you-again-1750780859-c0gWPkVEhc.jpg
tell me why,youth®,Dance-Pop,"Dance-Pop, energetic, neutral, powerful, exciting",20 Jun 2025,Regular,https://ncsmusic.s3.eu-west-1.amazonaws.com/tracks/000/001/912/tell-me-why-1750377670-UKrVCagSme.mp3,https://ncsmusic.s3.eu-west-1.amazonaws.com/tracks/000/001/912/100x100/tell-me-why-1750377669-21WY9pZfx8.jpg
Wait A While (ft. Pasha & m els),"m els, Pasha, Leowi, Cartoon",Speed Garage,"Speed Garage, exciting, energetic",20 Jun 2025,"Regular, Instrumental",https://ncsmusic.s3.eu-west-1.amazonaws.com/tracks/000/001/914/1750411466_U8goDeMwPk_01-Cartoon-LEOWI---Wait-A-While-feat.-Pasha--m-els-NCS-Release.mp3,https://ncsmusic.s3.eu-west-1.amazonaws.com/tracks/000/001/914/100x100/wait-a-while-ft-pasha-m-els-1750377677-2Sr8HAcw4J.png
Sirens,"Amber Jay, More Plastic",Drum & Bass,"Drum & Bass, powerful, exciting, energetic",19 Jun 2025,Regular,https://ncsmusic.s3.eu-west-1.amazonaws.com/tracks/000/001/910/sirens-1750291264-j7eI3iqDhL.mp3,https://ncsmusic.s3.eu-west-1.amazonaws.com/tracks/000/001/910/100x100/sirens-1750291263-Yo6Zy6nn4p.jpg
Ghost Of Me,"Prong, BOTCASH, Justin OH",Melodic Dubstep,"Melodic Dubstep, powerful, exciting, energetic",17 Jun 2025,Regular,https://ncsmusic.s3.eu-west-1.amazonaws.com/tracks/000/001/909/ghost-of-me-1750118462-TaoZ8RUoBz.mp3,https://ncsmusic.s3.eu-west-1.amazonaws.com/tracks/000/001/909/100x100/ghost-of-me-1750118460-1wcvsrNskQ.png
stuck in my head!,youth®,Hyperpop,"Hyperpop, energetic, powerful, exciting",13 Jun 2025,Regular,https://ncsmusic.s3.eu-west-1.amazonaws.com/tracks/000/001/908/stuck-in-my-head-1749772863-rPqCNSW3oe.mp3,https://ncsmusic.s3.eu-west-1.amazonaws.com/tracks/000/001/908/100x100/stuck-in-my-head-1749772860-1dIbu6YpK5.jpg
THE REDEEMER,"BVSSL7ON, ANIZYZ",Brazilian Phonk,"Brazilian Phonk, energetic, powerful, dramatic",12 Jun 2025,Regular,https://ncsmusic.s3.eu-west-1.amazonaws.com/tracks/000/001/907/the-redeemer-1749686466-xKHJDkf3VU.mp3,https://ncsmusic.s3.eu-west-1.amazonaws.com/tracks/000/001/907/100x100/the-redeemer-1749686462-OiTdxWXHMS.jpg
Hit The Ground,"LULO, kaya!",Electro House,"Electro House, energetic, exciting, dramatic",10 Jun 2025,Regular,https://ncsmusic.s3.eu-west-1.amazonaws.com/tracks/000/001/906/hit-the-ground-1749513664-VVUMdziUSN.mp3,https://ncsmusic.s3.eu-west-1.amazonaws.com/tracks/000/001/906/100x100/hit-the-ground-1749513661-s2wWLrXFO9.png
VEM LENTA!,"KPHK, Eluvo, Sayfalse",Brazilian Phonk,"Brazilian Phonk, exciting, dark",6 Jun 2025,Regular,https://ncsmusic.s3.eu-west-1.amazonaws.com/tracks/000/001/905/vem-lenta-1749168063-Go69o98QIG.mp3,https://ncsmusic.s3.eu-west-1.amazonaws.com/tracks/000/001/905/100x100/vem-lenta-1749168061-CmpXE19Jdp.png
X2,MUPP,Brazilian Phonk,"Brazilian Phonk, sad, energetic, romantic",5 Jun 2025,Regular,https://ncsmusic.s3.eu-west-1.amazonaws.com/tracks/000/001/904/x2-1749081663-OsDJ79GqE6.mp3,https://ncsmusic.s3.eu-west-1.amazonaws.com/tracks/000/001/904/100x100/x2-1749081661-dfXbnb58pO.png
Rush,nomu.,Hyperpop,"Hyperpop, energetic, relaxed, neutral",3 Jun 2025,Regular,https://ncsmusic.s3.eu-west-1.amazonaws.com/tracks/000/001/903/rush-1748908862-F6nFVZ0D9Q.mp3,https://ncsmusic.s3.eu-west-1.amazonaws.com/tracks/000/001/903/100x100/rush-1748908859-RPlW1dU9lu.png
Reason,"Nito-Onna, Mangoo",House,"House, energetic, majestic, dark",30 May 2025,Regular,https://ncsmusic.s3.eu-west-1.amazonaws.com/tracks/000/001/902/reason-1748563259-ByGQnPvApG.mp3,https://ncsmusic.s3.eu-west-1.amazonaws.com/tracks/000/001/902/100x100/reason-1748563257-HR0Yv32lYA.png
Loner,"NOYSE, Rudeejay",Dance-Pop,"Dance-Pop, energetic, powerful, dramatic",29 May 2025,Regular,https://ncsmusic.s3.eu-west-1.amazonaws.com/tracks/000/001/901/loner-1748476859-Ozyxekwdra.mp3,https://ncsmusic.s3.eu-west-1.amazonaws.com/tracks/000/001/901/100x100/loner-1748476858-lUYNYVwpCI.jpg
Missing Life,"gabriawll, QKReign",RnB,"RnB, dramatic, sad, dark",28 May 2025,Regular,https://ncsmusic.s3.eu-west-1.amazonaws.com/tracks/000/001/900/missing-life-1748390462-IoxHeRfzLP.mp3,https://ncsmusic.s3.eu-west-1.amazonaws.com/tracks/000/001/900/100x100/missing-life-1748390460-IcnTNjPFiB.png
Around Us (ft. Pasha & Carlos Ukareda),"Pasha, Carlos Ukareda, VALLO, NCT, Cartoon",Drum & Bass,"Drum & Bass, exciting, positive, romantic, powerful, majestic, energetic, dramatic",23 May 2025,"Regular, Instrumental",https://ncsmusic.s3.eu-west-1.amazonaws.com/tracks/000/001/898/1747994883_Z0rLbOcy5Z_Cartoon-NCT-VALLO---Around-Us-ft.-Pasha--Carlos-Ukareda.mp3,https://ncsmusic.s3.eu-west-1.amazonaws.com/tracks/000/001/898/100x100/1747994850_tmS6IgPj5N_Cartoon-NCT-Vallo---Around-Us-ft.-Pasha--Carlos-Ukareda-Cover-Art-PNG.png
lover online,Zachz Winner,Pluggnb,"Pluggnb, positive, relaxed",23 May 2025,Regular,https://ncsmusic.s3.eu-west-1.amazonaws.com/tracks/000/001/899/lover-online-1747962068-nwiMWDVCC6.mp3,https://ncsmusic.s3.eu-west-1.amazonaws.com/tracks/000/001/899/100x100/lover-online-1747962066-fRKRZ0h0Hv.jpg
Can't Heal You,Bad Computer,Electro House,"Electro House, dramatic, energetic",22 May 2025,Regular,https://ncsmusic.s3.eu-west-1.amazonaws.com/tracks/000/001/897/cant-heal-you-1747900858-CIGwlziCQp.mp3,https://ncsmusic.s3.eu-west-1.amazonaws.com/tracks/000/001/897/100x100/1747933910_crDg0Nr6H6_cant-heal-you-artwork.png
Let Go,Conro,House,"House, energetic, exciting",20 May 2025,Regular,https://ncsmusic.s3.eu-west-1.amazonaws.com/tracks/000/001/895/let-go-1747738859-uGxxJawndy.mp3,https://ncsmusic.s3.eu-west-1.amazonaws.com/tracks/000/001/895/100x100/let-go-1747738857-Vbpik8CUtX.jpg
Goodbye My Love,Irokz,Progressive House,"Progressive House, dramatic, energetic, exciting",16 May 2025,Regular,https://ncsmusic.s3.eu-west-1.amazonaws.com/tracks/000/001/894/goodbye-my-love-1747353661-jA3mXE9qXR.mp3,https://ncsmusic.s3.eu-west-1.amazonaws.com/tracks/000/001/894/100x100/1747405970_LDM0rs3Cip_IRV1.png
Like Fire,"Apollo On The Run, Immy Odon, Biometrix",Melodic Dubstep,"Melodic Dubstep, energetic, exciting, powerful",15 May 2025,"Regular, Instrumental",https://ncsmusic.s3.eu-west-1.amazonaws.com/tracks/000/001/893/like-fire-1747267263-K8BHn8dXi4.mp3,https://ncsmusic.s3.eu-west-1.amazonaws.com/tracks/000/001/893/100x100/like-fire-1747267261-XL3TK9FCq7.jpg
Alive,Tamlin,Disco,"Disco, exciting, positive",13 May 2025,"Regular, Instrumental",https://ncsmusic.s3.eu-west-1.amazonaws.com/tracks/000/001/892/alive-1747094459-lPjurAlNuY.mp3,https://ncsmusic.s3.eu-west-1.amazonaws.com/tracks/000/001/892/100x100/1747150157_9C3w1dwmfZ_tamlin---alive-shrunk.jpg
Montagem Toma,"X972, sk3tch01, MXZI",Brazilian Phonk,"Brazilian Phonk, dramatic, majestic, powerful",9 May 2025,Regular,https://ncsmusic.s3.eu-west-1.amazonaws.com/tracks/000/001/891/1748533196_2w2lQuHMYe_MXZI-sk3tch01-X972---Montagem-Toma.mp3,https://ncsmusic.s3.eu-west-1.amazonaws.com/tracks/000/001/891/100x100/montagem-toma-1746748860-6K4yovfivX.png
TEMPO,SUPXR,Hyperpop,"Hyperpop, energetic, positive, tense",2 May 2025,Regular,https://ncsmusic.s3.eu-west-1.amazonaws.com/tracks/000/001/884/tempo-1746144064-ibHxFbKCm1.mp3,https://ncsmusic.s3.eu-west-1.amazonaws.com/tracks/000/001/884/100x100/tempo-1746144062-m9xIUdUelY.jpg
TEMPO (Slowed),SUPXR,Hyperpop,"Hyperpop, energetic, positive, tense",2 May 2025,Regular,https://ncsmusic.s3.eu-west-1.amazonaws.com/tracks/000/001/885/tempo-slowed-1746144068-aNNywaEwGn.mp3,https://ncsmusic.s3.eu-west-1.amazonaws.com/tracks/000/001/885/100x100/tempo-slowed-1746144066-csUf1ByQCQ.jpg
Royalty Funk,LXNGVX,Brazilian Phonk,"Brazilian Phonk, energetic, positive, tense",2 May 2025,Regular,https://ncsmusic.s3.eu-west-1.amazonaws.com/tracks/000/001/889/royalty-funk-1746180063-cNbhXdKFRf.mp3,https://ncsmusic.s3.eu-west-1.amazonaws.com/tracks/000/001/889/100x100/royalty-funk-1746180059-mUfwZVybPN.png
Ghost In The Wall,"Gaash, Whales",Drum & Bass,"Drum & Bass, exciting, energetic, powerful",1 May 2025,Regular,https://ncsmusic.s3.eu-west-1.amazonaws.com/tracks/000/001/883/ghost-in-the-wall-1746057658-2TLJS9lvcN.mp3,https://ncsmusic.s3.eu-west-1.amazonaws.com/tracks/000/001/883/100x100/ghost-in-the-wall-1746057656-0yzSsRAJRF.jpg
So Good,More Plastic,Drum & Bass,"Drum & Bass, energetic, exciting",29 Apr 2025,"Regular, Instrumental",https://ncsmusic.s3.eu-west-1.amazonaws.com/tracks/000/001/882/so-good-1745884858-CkVJa5s2T5.mp3,https://ncsmusic.s3.eu-west-1.amazonaws.com/tracks/000/001/882/100x100/so-good-1745884856-vwpV9PmcyC.jpg
Made For The Game (ft. Kazhi),"AC13, KAZHI, Jessee, Cartoon",Dance-Pop,"Dance-Pop, powerful, majestic, energetic, dramatic, positive, exciting",25 Apr 2025,"Regular, Instrumental",https://ncsmusic.s3.eu-west-1.amazonaws.com/tracks/000/001/881/1745595149_YnDptFoNMX_Cartoon---Made-For-The-Game.mp3,https://ncsmusic.s3.eu-west-1.amazonaws.com/tracks/000/001/881/100x100/1745595149_TUaaccTBtm_final.jpg
fellshortofhell,THIRST,Phonk,"Phonk, dark, dramatic, tense",22 Apr 2025,Regular,https://ncsmusic.s3.eu-west-1.amazonaws.com/tracks/000/001/880/fellshortofhell-1745280069-HhfrK6Gkjv.mp3,https://ncsmusic.s3.eu-west-1.amazonaws.com/tracks/000/001/880/100x100/fellshortofhell-1745280067-J3VsPodyUr.jpg
cut you off,kitz,Hyperpop,"Hyperpop, energetic, exciting",18 Apr 2025,Regular,https://ncsmusic.s3.eu-west-1.amazonaws.com/tracks/000/001/879/cut-you-off-1744934457-fPKiGcNbim.mp3,https://ncsmusic.s3.eu-west-1.amazonaws.com/tracks/000/001/879/100x100/cut-you-off-1744934455-a6KmalhYWz.png
Intranet Crush,"hiræth, Willix",Brazilian Phonk,"Brazilian Phonk, energetic, powerful",17 Apr 2025,Regular,https://ncsmusic.s3.eu-west-1.amazonaws.com/tracks/000/001/878/intranet-crush-1744848056-W4gwjwA0UE.mp3,https://ncsmusic.s3.eu-west-1.amazonaws.com/tracks/000/001/878/100x100/intranet-crush-1744848054-3BnwnWaDmX.png
Runaway,"Nytrix, Chime",Melodic Dubstep,"Melodic Dubstep, energetic, exciting, majestic, positive",15 Apr 2025,Regular,https://ncsmusic.s3.eu-west-1.amazonaws.com/tracks/000/001/877/runaway-1744675262-y9bfHJrSCY.mp3,https://ncsmusic.s3.eu-west-1.amazonaws.com/tracks/000/001/877/100x100/runaway-1744675259-ICfUDtmgCl.jpg
Shine (Neddie Flip),"Neddie, Spektrem",Colour Bass,"Colour Bass, energetic, powerful, positive",11 Apr 2025,Regular,https://ncsmusic.s3.eu-west-1.amazonaws.com/tracks/000/001/876/1744639599_6vpA0S8bTO_01-Spektrem---Shine-Neddie-Flip-NCS-Release.mp3,https://ncsmusic.s3.eu-west-1.amazonaws.com/tracks/000/001/876/100x100/shine-neddie-flip-1744329659-IiVnuZdVvy.png
Sky High x Feel Good Mashup,"Elektronomia, Syn Cole",House,"House, powerful, dramatic, energetic",8 Apr 2025,Regular,https://ncsmusic.s3.eu-west-1.amazonaws.com/tracks/000/001/875/sky-high-x-feel-good-mashup-1744110059-kdyPjTimw8.mp3,https://ncsmusic.s3.eu-west-1.amazonaws.com/tracks/000/001/875/100x100/sky-high-x-feel-good-mashup-1744110058-9Z7X0XldXy.jpg
TRANSFER (Slowed),SUPXR,Hyperpop,"Hyperpop, energetic, positive, tense",4 Apr 2025,Regular,https://ncsmusic.s3.eu-west-1.amazonaws.com/tracks/000/001/873/1744016475_oTP46iWZih_SUPXR---TRANSFER-Slowed.mp3,https://ncsmusic.s3.eu-west-1.amazonaws.com/tracks/000/001/873/100x100/transfer-slowed-1743724860-JcwdrkI1r5.jpg
TRANSFER,SUPXR,Hyperpop,"Hyperpop, energetic, positive, tense",4 Apr 2025,Regular,https://ncsmusic.s3.eu-west-1.amazonaws.com/tracks/000/001/874/1744016489_FkNXPPUFrR_SUPXR---TRANSFER.mp3,https://ncsmusic.s3.eu-west-1.amazonaws.com/tracks/000/001/874/100x100/transfer-1743724863-ADEsjvtctX.jpg
Fading Light,Fytch,Melodic Dubstep,"Melodic Dubstep, powerful, dramatic, energetic",3 Apr 2025,"Regular, Instrumental",https://ncsmusic.s3.eu-west-1.amazonaws.com/tracks/000/001/872/fading-light-1743638460-9psUiNAmpv.mp3,https://ncsmusic.s3.eu-west-1.amazonaws.com/tracks/000/001/872/100x100/fading-light-1743638458-dMxWRAzl1Z.png
Dunes,Warriyo,Dubstep,"Dubstep, powerful, dramatic, energetic",28 Mar 2025,Regular,https://ncsmusic.s3.eu-west-1.amazonaws.com/tracks/000/001/869/dunes-1743123657-TkJfW0C51C.mp3,https://ncsmusic.s3.eu-west-1.amazonaws.com/tracks/000/001/869/100x100/dunes-1743123656-XBnt8PrH9P.jpg
Signs,Naym,Alternative Pop,"Alternative Pop, powerful, energetic, neutral",28 Mar 2025,Regular,https://ncsmusic.s3.eu-west-1.amazonaws.com/tracks/000/001/870/signs-1743523256-kbzCyA7POt.mp3,https://ncsmusic.s3.eu-west-1.amazonaws.com/tracks/000/001/870/100x100/1743523494_BJcBva7qcN_Untitled-1-copy.jpg
River,Naym,Alternative Pop,"Alternative Pop, powerful, energetic, neutral",28 Mar 2025,Regular,https://ncsmusic.s3.eu-west-1.amazonaws.com/tracks/000/001/871/river-1743523259-9XWGyUxFUE.mp3,https://ncsmusic.s3.eu-west-1.amazonaws.com/tracks/000/001/871/100x100/river-1743523258-DECiWK1xNv.jpg
DANÇA DO VERÃO,"Scythermane, SH3RWIN, NXGHT!",Phonk,"Phonk, angry, dark, energetic, exciting, majestic",27 Mar 2025,Regular,https://ncsmusic.s3.eu-west-1.amazonaws.com/tracks/000/001/868/danca-do-verao-1743037257-McMvNvZjhY.mp3,https://ncsmusic.s3.eu-west-1.amazonaws.com/tracks/000/001/868/100x100/danca-do-verao-1743037255-1bKZd8zK8n.jpg
Move Like This,Bad Computer,House,"House, energetic, exciting",25 Mar 2025,"Regular, Instrumental",https://ncsmusic.s3.eu-west-1.amazonaws.com/tracks/000/001/867/move-like-this-1742904058-cxjnrl1CT5.mp3,https://ncsmusic.s3.eu-west-1.amazonaws.com/tracks/000/001/867/100x100/move-like-this-1742904057-brzeqL1Gp1.jpg
Bounce On Da Riddim (ft. Emily J),"Emily J, Cartoon, Southby, NCT",Drum & Bass,"Drum & Bass, energetic, exciting, positive",21 Mar 2025,"Regular, Instrumental",https://ncsmusic.s3.eu-west-1.amazonaws.com/tracks/000/001/866/bounce-on-da-riddim-ft-emily-j-1742518856-kaWSAM8RXf.mp3,https://ncsmusic.s3.eu-west-1.amazonaws.com/tracks/000/001/866/100x100/bounce-on-da-riddim-ft-emily-j-1742518855-azYHbrCH1W.jpg
Carry On,"Anna Yvette, Lost Sky",Trap,"Trap, energetic, exciting, positive",20 Mar 2025,"Regular, Instrumental",https://ncsmusic.s3.eu-west-1.amazonaws.com/tracks/000/001/865/carry-on-1742432457-pMLHKSFPJC.mp3,https://ncsmusic.s3.eu-west-1.amazonaws.com/tracks/000/001/865/100x100/carry-on-1742432455-gDPDd8i5XU.jpg
All Or Nothing,"No Hero, Tatsunoshin",Hardcore,"Hardcore, powerful, energetic, neutral",18 Mar 2025,"Regular, Instrumental",https://ncsmusic.s3.eu-west-1.amazonaws.com/tracks/000/001/864/all-or-nothing-1742259656-iJZxWWcZ7Y.mp3,https://ncsmusic.s3.eu-west-1.amazonaws.com/tracks/000/001/864/100x100/all-or-nothing-1742259654-EKtAHFBDZm.png
Dancefloor Dreamer,NIVIRO,Trance,"Trance, energetic, exciting, positive",14 Mar 2025,"Regular, Instrumental",https://ncsmusic.s3.eu-west-1.amazonaws.com/tracks/000/001/863/dancefloor-dreamer-1741914058-lTh4V56Tbf.mp3,https://ncsmusic.s3.eu-west-1.amazonaws.com/tracks/000/001/863/100x100/dancefloor-dreamer-1741914055-3JjXxIkd4U.png
Lighthouse (feat. PhiloSofie),"PhiloSofie, Azertion, JJD",Future Bass,"Future Bass, dramatic, energetic, powerful",13 Mar 2025,"Regular, Instrumental",https://ncsmusic.s3.eu-west-1.amazonaws.com/tracks/000/001/862/lighthouse-feat-philosofie-1741827658-EKeY0F5YVN.mp3,https://ncsmusic.s3.eu-west-1.amazonaws.com/tracks/000/001/862/100x100/lighthouse-feat-philosofie-1741827656-hDRVcdP2FL.jpg
Live Your Life,Tobu,Futurepop,"Futurepop, energetic, exciting, positive",11 Mar 2025,Regular,https://ncsmusic.s3.eu-west-1.amazonaws.com/tracks/000/001/861/live-your-life-1741654859-yFnsN7SUFj.mp3,https://ncsmusic.s3.eu-west-1.amazonaws.com/tracks/000/001/861/100x100/live-your-life-1741654856-2nQueoDu5k.png
Love Letter,m3gatron,Electronic Pop,"Electronic Pop, energetic, exciting, positive",7 Mar 2025,Regular,https://ncsmusic.s3.eu-west-1.amazonaws.com/tracks/000/001/860/love-letter-1741309257-qbG1Wm3rEm.mp3,https://ncsmusic.s3.eu-west-1.amazonaws.com/tracks/000/001/860/100x100/love-letter-1741309256-nO2BEYBfgh.jpg
Back To Default,Immy Odon,Drum & Bass,"Drum & Bass, energetic, positive, powerful",6 Mar 2025,Regular,https://ncsmusic.s3.eu-west-1.amazonaws.com/tracks/000/001/859/back-to-default-1741222859-siO0QZuNyY.mp3,https://ncsmusic.s3.eu-west-1.amazonaws.com/tracks/000/001/859/100x100/back-to-default-1741222856-zZLCd3hmtd.jpg
Hold It Up To The Light,Zeli,Dance-Pop,"Dance-Pop, powerful, energetic, neutral",4 Mar 2025,"Regular, Instrumental",https://ncsmusic.s3.eu-west-1.amazonaws.com/tracks/000/001/858/hold-it-up-to-the-light-1741050057-kt0Vkzk41j.mp3,https://ncsmusic.s3.eu-west-1.amazonaws.com/tracks/000/001/858/100x100/hold-it-up-to-the-light-1741050055-t3Hr5BdRbe.png
Stutterfly,Spektrem,Progressive House,"Progressive House, energetic, positive, powerful",28 Feb 2025,Regular,https://ncsmusic.s3.eu-west-1.amazonaws.com/tracks/000/001/857/stutterfly-1740704457-ZM6MLGNhj7.mp3,https://ncsmusic.s3.eu-west-1.amazonaws.com/tracks/000/001/857/100x100/stutterfly-1740704455-NQ13SD2ADl.jpg
Buried Alive,"REEBZ, Badlokk",Neurofunk,"Neurofunk, energetic, positive, powerful",27 Feb 2025,Regular,https://ncsmusic.s3.eu-west-1.amazonaws.com/tracks/000/001/856/buried-alive-1740618057-loR9j84eZ6.mp3,https://ncsmusic.s3.eu-west-1.amazonaws.com/tracks/000/001/856/100x100/1740651926_hwGpEEMIUg_Buries_Alive_FINAL_shrunk.jpg
Back Again,ThatBehavior,Drum & Bass,"Drum & Bass, powerful, energetic, neutral",25 Feb 2025,"Regular, Instrumental",https://ncsmusic.s3.eu-west-1.amazonaws.com/tracks/000/001/855/back-again-1740445261-k3fcXySPR1.mp3,https://ncsmusic.s3.eu-west-1.amazonaws.com/tracks/000/001/855/100x100/back-again-1740445258-UbVnFb4lC8.jpg
Another Way,"KDH, Syn Cole, Vikkstar, Joe Jury",Melodic House,"Melodic House, energetic, positive",21 Feb 2025,Regular,https://ncsmusic.s3.eu-west-1.amazonaws.com/tracks/000/001/851/another-way-1740099658-8uAHVXn6qb.mp3,https://ncsmusic.s3.eu-west-1.amazonaws.com/tracks/000/001/851/100x100/another-way-1740099656-K3fjmMaGPH.jpg
Let's Go,"Mo Falk, MADZI",Bass House,"Bass House, powerful, energetic, neutral",21 Feb 2025,Regular,https://ncsmusic.s3.eu-west-1.amazonaws.com/tracks/000/001/852/lets-go-1740420057-gATJ3zOB2w.mp3,https://ncsmusic.s3.eu-west-1.amazonaws.com/tracks/000/001/852/100x100/lets-go-1740420055-8P9uEpsSZg.jpg
BUSSIN' (xxephyrr remix),"xxephyrr, TWISTED",Brazilian Phonk,"Brazilian Phonk, energetic, exciting, positive",21 Feb 2025,Regular,https://ncsmusic.s3.eu-west-1.amazonaws.com/tracks/000/001/853/bussin-xxephyrr-remix-1740420060-A9DivFZEdw.mp3,https://ncsmusic.s3.eu-west-1.amazonaws.com/tracks/000/001/853/100x100/bussin-xxephyrr-remix-1740420059-6OD1BhDl6m.jpg
Real Good Liar,Nokae,Bass House,"Bass House, energetic, positive, powerful",21 Feb 2025,"Regular, Instrumental",https://ncsmusic.s3.eu-west-1.amazonaws.com/tracks/000/001/854/real-good-liar-1740420063-3QUgyv8ZnF.mp3,https://ncsmusic.s3.eu-west-1.amazonaws.com/tracks/000/001/854/100x100/1741273409_7AbwDmZcSn_final.jpg
Die For You,Whales,Melodic Dubstep,"Melodic Dubstep, powerful, angry, neutral",20 Feb 2025,Regular,https://ncsmusic.s3.eu-west-1.amazonaws.com/tracks/000/001/850/die-for-you-1740013258-7D01Jyvv9p.mp3,https://ncsmusic.s3.eu-west-1.amazonaws.com/tracks/000/001/850/100x100/die-for-you-1740013256-QnCLggN17S.jpg
Break My Heart (Rameses B Remix),"sapientdream, Rameses B, Slushii",Neurofunk,"Neurofunk, energetic, powerful, majestic",18 Feb 2025,Regular,https://ncsmusic.s3.eu-west-1.amazonaws.com/tracks/000/001/849/break-my-heart-rameses-b-remix-1739840456-60befC97Ek.mp3,https://ncsmusic.s3.eu-west-1.amazonaws.com/tracks/000/001/849/100x100/1740046847_NyVtKeuhQ1_REMIX--RAMESES02.jpg
Mortals (TOKYO MACHINE & Boom Kitty Remix),"Boom Kitty, TOKYO MACHINE, Warriyo",Dubstep,"Dubstep, dramatic, energetic, powerful",14 Feb 2025,"Regular, Instrumental",https://ncsmusic.s3.eu-west-1.amazonaws.com/tracks/000/001/847/mortals-tokyo-machine-boom-kitty-remix-1739494860-VWW8EK08jQ.mp3,https://ncsmusic.s3.eu-west-1.amazonaws.com/tracks/000/001/847/100x100/mortals-tokyo-machine-boom-kitty-remix-1739494857-3w55QtVX6X.jpg
harinezumi,waera,Nu-Jazz,"Nu-Jazz, energetic, positive",14 Feb 2025,Regular,https://ncsmusic.s3.eu-west-1.amazonaws.com/tracks/000/001/848/harinezumi-1739530854-Dz5HzYsUJ1.mp3,https://ncsmusic.s3.eu-west-1.amazonaws.com/tracks/000/001/848/100x100/harinezumi-1739530852-Mddq9ATw1T.jpg
Change,"November Lights, Diviners",Progressive House,"Progressive House, energetic, positive, powerful",13 Feb 2025,"Regular, Instrumental",https://ncsmusic.s3.eu-west-1.amazonaws.com/tracks/000/001/846/change-1739448055-jglllaZEOZ.mp3,https://ncsmusic.s3.eu-west-1.amazonaws.com/tracks/000/001/846/100x100/change-1739448053-51CaRYxW3A.jpg
Gang,DJ Nansuya,Pluggnb,"Pluggnb, energetic, positive, powerful",11 Feb 2025,Regular,https://ncsmusic.s3.eu-west-1.amazonaws.com/tracks/000/001/845/gang-1739271654-GIYeJcDtx7.mp3,https://ncsmusic.s3.eu-west-1.amazonaws.com/tracks/000/001/845/100x100/gang-1739271652-lnDEM3j9pp.jpg
Just A Minute More (feat. Halvorsen),"Division One, Halvorsen, JJD",Future Bass,"Future Bass, dramatic, energetic, powerful",6 Feb 2025,"Regular, Instrumental",https://ncsmusic.s3.eu-west-1.amazonaws.com/tracks/000/001/844/just-a-minute-more-feat-halvorsen-1738846857-vybxkwaoda.mp3,https://ncsmusic.s3.eu-west-1.amazonaws.com/tracks/000/001/844/100x100/just-a-minute-more-feat-halvorsen-1738846855-GKmre8kELO.jpg
Lay Low,"Zeli, Biometrix",Trap,"Trap, dramatic, energetic, powerful",4 Feb 2025,"Regular, Instrumental",https://ncsmusic.s3.eu-west-1.amazonaws.com/tracks/000/001/843/lay-low-1738630857-mdmOOj0cA3.mp3,https://ncsmusic.s3.eu-west-1.amazonaws.com/tracks/000/001/843/100x100/lay-low-1738630855-jMDyVPEQkN.jpg
Boogie,"Joyful, Фрози, Zachz Winner",Disco,"Disco, energetic, positive",31 Jan 2025,Regular,https://ncsmusic.s3.eu-west-1.amazonaws.com/tracks/000/001/842/boogie-1738285258-iKM0woq6EC.mp3,https://ncsmusic.s3.eu-west-1.amazonaws.com/tracks/000/001/842/100x100/boogie-1738285256-uylnzZsdyO.png
Feelings Fade,"Wwings, jeonghyeon",Future House,"Future House, energetic, positive, powerful",30 Jan 2025,"Regular, Instrumental",https://ncsmusic.s3.eu-west-1.amazonaws.com/tracks/000/001/841/feelings-fade-1738198858-NBrajlaaLo.mp3,https://ncsmusic.s3.eu-west-1.amazonaws.com/tracks/000/001/841/100x100/feelings-fade-1738198857-uiObKsCngw.jpg
Wanderlust,Everen Maxwell,Electro,"Electro, powerful, angry, neutral",28 Jan 2025,"Regular, Instrumental",https://ncsmusic.s3.eu-west-1.amazonaws.com/tracks/000/001/840/wanderlust-1738026057-L9PK6mmeTn.mp3,https://ncsmusic.s3.eu-west-1.amazonaws.com/tracks/000/001/840/100x100/wanderlust-1738026055-vgM4SB1vEF.png
Beautiful Disaster,"Rarin, Mason Musso, Tyla Yaweh",Alternative Pop,"Alternative Pop, energetic, positive, powerful",24 Jan 2025,"Regular, Instrumental",https://ncsmusic.s3.eu-west-1.amazonaws.com/tracks/000/001/839/beautiful-disaster-1737680458-1IQtVmVPtj.mp3,https://ncsmusic.s3.eu-west-1.amazonaws.com/tracks/000/001/839/100x100/beautiful-disaster-1737680455-sYVVeqRJEU.jpg
Button Masher,MDK,Complextro,"Complextro, energetic, positive, powerful",23 Jan 2025,Regular,https://ncsmusic.s3.eu-west-1.amazonaws.com/tracks/000/001/838/button-masher-1737594056-KRtlrf3jYh.mp3,https://ncsmusic.s3.eu-west-1.amazonaws.com/tracks/000/001/838/100x100/button-masher-1737594054-lk9lmasl8Q.png
Skyline Pt. II,"Electro-Light, Kovan",Future Bounce,"Future Bounce, energetic, positive, powerful",21 Jan 2025,"Regular, Instrumental",https://ncsmusic.s3.eu-west-1.amazonaws.com/tracks/000/001/837/skyline-pt-ii-1737457258-w7Fx4Orpbo.mp3,https://ncsmusic.s3.eu-west-1.amazonaws.com/tracks/000/001/837/100x100/skyline-pt-ii-1737457256-pawiAl5d7U.jpg
Mortals Funk Remix (Sped Up),"Warriyo, LXNGVX",Brazilian Phonk,"Brazilian Phonk, powerful, angry, neutral",17 Jan 2025,Regular,https://ncsmusic.s3.eu-west-1.amazonaws.com/tracks/000/001/833/mortals-funk-remix-sped-up-1737075656-1qquCx7EwV.mp3,https://ncsmusic.s3.eu-west-1.amazonaws.com/tracks/000/001/833/100x100/mortals-funk-remix-sped-up-1737075655-r7mO3BxdHM.jpg
Mortals Funk Remix (Super Slowed),"Warriyo, LXNGVX",Brazilian Phonk,"Brazilian Phonk, powerful, angry, neutral",17 Jan 2025,Regular,https://ncsmusic.s3.eu-west-1.amazonaws.com/tracks/000/001/834/mortals-funk-remix-super-slowed-1737075662-It4xbTDYpy.mp3,https://ncsmusic.s3.eu-west-1.amazonaws.com/tracks/000/001/834/100x100/mortals-funk-remix-super-slowed-1737075660-kxuVW78tzm.jpg
Mortals Funk Remix (Slowed),"Warriyo, LXNGVX",Brazilian Phonk,"Brazilian Phonk, powerful, angry, neutral",17 Jan 2025,Regular,https://ncsmusic.s3.eu-west-1.amazonaws.com/tracks/000/001/835/mortals-funk-remix-slowed-1737075667-MUsvZXeADr.mp3,https://ncsmusic.s3.eu-west-1.amazonaws.com/tracks/000/001/835/100x100/mortals-funk-remix-slowed-1737075666-3yluk2Kukh.jpg
Mortals Funk Remix,"Warriyo, LXNGVX",Brazilian Phonk,"Brazilian Phonk, powerful, angry, neutral",17 Jan 2025,Regular,https://ncsmusic.s3.eu-west-1.amazonaws.com/tracks/000/001/836/mortals-funk-remix-1737075672-B868z8NMpI.mp3,https://ncsmusic.s3.eu-west-1.amazonaws.com/tracks/000/001/836/100x100/mortals-funk-remix-1737075671-f0Fq4IOd7G.jpg
Asteroid II,Rameses B,Drum & Bass,"Drum & Bass, dramatic, energetic, powerful",16 Jan 2025,Regular,https://ncsmusic.s3.eu-west-1.amazonaws.com/tracks/000/001/832/asteroid-ii-1736989258-yYbnV6eveM.mp3,https://ncsmusic.s3.eu-west-1.amazonaws.com/tracks/000/001/832/100x100/asteroid-ii-1736989254-utbfPqZx94.png
Overdrive,Aspyer,Garage,"Garage, dramatic, energetic, powerful",14 Jan 2025,"Regular, Instrumental",https://ncsmusic.s3.eu-west-1.amazonaws.com/tracks/000/001/831/overdrive-1736816459-8sfVlCu4RA.mp3,https://ncsmusic.s3.eu-west-1.amazonaws.com/tracks/000/001/831/100x100/overdrive-1736816457-8JySfC9OkU.jpg
Duckstep,"Chime, Teminite",Dubstep,"Dubstep, powerful, angry, neutral",10 Jan 2025,Regular,https://ncsmusic.s3.eu-west-1.amazonaws.com/tracks/000/001/830/duckstep-1736470865-da2pLNQytY.mp3,https://ncsmusic.s3.eu-west-1.amazonaws.com/tracks/000/001/830/100x100/duckstep-1736470863-6ReoQuTupo.jpg
Funk It,Tobu,House,"House, energetic, positive, powerful",9 Jan 2025,Regular,https://ncsmusic.s3.eu-west-1.amazonaws.com/tracks/000/001/829/funk-it-1736384462-joizMf81te.mp3,https://ncsmusic.s3.eu-west-1.amazonaws.com/tracks/000/001/829/100x100/funk-it-1736384459-yI8paH9WJ1.jpg
Ocean,Seanyy,Future House,"Future House, powerful, angry, negative",7 Jan 2025,"Regular, Instrumental",https://ncsmusic.s3.eu-west-1.amazonaws.com/tracks/000/001/828/ocean-1736211663-N1m6T6kkxG.mp3,https://ncsmusic.s3.eu-west-1.amazonaws.com/tracks/000/001/828/100x100/ocean-1736211660-RQ3AK5KFmS.jpg
On The Break Of Dawn,"Nordic Pulse, Kitty Florentine, Kristjan Järvi, Cartoon",Dance-Pop,"Dance-Pop, energetic, positive, powerful",3 Jan 2025,"Regular, Instrumental",https://ncsmusic.s3.eu-west-1.amazonaws.com/tracks/000/001/827/on-the-break-of-dawn-1735866055-ngn2O91f3w.mp3,https://ncsmusic.s3.eu-west-1.amazonaws.com/tracks/000/001/827/100x100/1736168271_iSHCvj2EKC_Final.jpg
Muscle Up (feat. Drama B & Ryo),"Drama B, SKAN",Trap,"Trap, powerful, angry, negative",2 Jan 2025,"Regular, Instrumental",https://ncsmusic.s3.eu-west-1.amazonaws.com/tracks/000/001/826/muscle-up-feat-drama-b-ryo-1735779657-EdAVTaUmT6.mp3,https://ncsmusic.s3.eu-west-1.amazonaws.com/tracks/000/001/826/100x100/muscle-up-feat-drama-b-ryo-1735779655-wWFKnAvVUs.jpg
NCS New Years Mix 2024 (with NIVIRO),NIVIRO,,"energetic, positive, powerful",31 Dec 2024,Regular,https://ncsmusic.s3.eu-west-1.amazonaws.com/tracks/000/001/825/ncs-new-years-mix-2024-with-niviro-1735606857-Mp287aAwMo.mp3,https://ncsmusic.s3.eu-west-1.amazonaws.com/tracks/000/001/825/100x100/ncs-new-years-mix-2024-with-niviro-1735606855-AonYb4qwxc.jpg
Freefall,"NCT, RIENK",Drum & Bass,"Drum & Bass, dramatic, energetic, powerful",27 Dec 2024,Regular,https://ncsmusic.s3.eu-west-1.amazonaws.com/tracks/000/001/824/freefall-1735261262-09kTMiuffM.mp3,https://ncsmusic.s3.eu-west-1.amazonaws.com/tracks/000/001/824/100x100/freefall-1735261259-2GAAPjn187.png
Doxx My Heart,Diamond Eyes,Drum & Bass,"Drum & Bass, dramatic, energetic, powerful",26 Dec 2024,"Regular, Instrumental",https://ncsmusic.s3.eu-west-1.amazonaws.com/tracks/000/001/823/doxx-my-heart-1735174859-KJ7Fns5Akb.mp3,https://ncsmusic.s3.eu-west-1.amazonaws.com/tracks/000/001/823/100x100/doxx-my-heart-1735174857-2zpQpfOJXM.jpg
Noel Electra,Everen Maxwell,Complextro,"Complextro, powerful, angry, neutral",24 Dec 2024,Regular,https://ncsmusic.s3.eu-west-1.amazonaws.com/tracks/000/001/822/noel-electra-1735002059-rTbbAMUih3.mp3,https://ncsmusic.s3.eu-west-1.amazonaws.com/tracks/000/001/822/100x100/noel-electra-1735002058-SpFPTv3fTW.jpg
Backstreet Boy,"Halvorsen, Netrum",Indie Dance,"Indie Dance, energetic, positive, powerful",20 Dec 2024,"Regular, Instrumental",https://ncsmusic.s3.eu-west-1.amazonaws.com/tracks/000/001/821/backstreet-boy-1734656459-gF8KHe973t.mp3,https://ncsmusic.s3.eu-west-1.amazonaws.com/tracks/000/001/821/100x100/backstreet-boy-1734656457-1mj02zkpxh.jpg
Gimme,Ripple,Drum & Bass,"Drum & Bass, powerful, angry, negative",19 Dec 2024,Regular,https://ncsmusic.s3.eu-west-1.amazonaws.com/tracks/000/001/820/gimme-1734570061-putfJJj9u2.mp3,https://ncsmusic.s3.eu-west-1.amazonaws.com/tracks/000/001/820/100x100/gimme-1734570059-e67zlEsw2Y.png
After The End,Rex Hooligan,Drum & Bass,"Drum & Bass, energetic, positive, powerful",17 Dec 2024,"Regular, Instrumental",https://ncsmusic.s3.eu-west-1.amazonaws.com/tracks/000/001/819/1734441205_bXSf9DoWLA_01-Rex-Hooligan---After-The-End-NCS-Release.mp3,https://ncsmusic.s3.eu-west-1.amazonaws.com/tracks/000/001/819/100x100/after-the-end-1734397255-9Lh9UTTj82.jpg
Shine x Never Have I Felt This (VIP) Mashup,"Koven, Spektrem",Drum & Bass,"Drum & Bass, dramatic, energetic, powerful",15 Dec 2024,Regular,https://ncsmusic.s3.eu-west-1.amazonaws.com/tracks/000/001/818/shine-x-never-have-i-felt-this-vip-mashup-1734224456-mkQK6MstNZ.mp3,https://ncsmusic.s3.eu-west-1.amazonaws.com/tracks/000/001/818/100x100/shine-x-never-have-i-felt-this-vip-mashup-1734224454-llSoL9nvW5.jpg
CHEAT CODES,TOKYO MACHINE,Dubstep,"Dubstep, powerful, angry, negative",13 Dec 2024,Regular,https://ncsmusic.s3.eu-west-1.amazonaws.com/tracks/000/001/817/cheat-codes-1734051655-NotfduweTh.mp3,https://ncsmusic.s3.eu-west-1.amazonaws.com/tracks/000/001/817/100x100/cheat-codes-1734051653-hHkS55rL0V.jpg
I Can Feel,Syn Cole,Drum & Bass,"Drum & Bass, energetic, positive, powerful",12 Dec 2024,Regular,https://ncsmusic.s3.eu-west-1.amazonaws.com/tracks/000/001/816/i-can-feel-1733965258-CUZGpIG30o.mp3,https://ncsmusic.s3.eu-west-1.amazonaws.com/tracks/000/001/816/100x100/i-can-feel-1733965256-YXbmlkiuMp.jpg
What You Did,"eerie, Rameses B",Liquid DnB,"Liquid DnB, powerful, energetic, neutral",10 Dec 2024,Regular,https://ncsmusic.s3.eu-west-1.amazonaws.com/tracks/000/001/815/what-you-did-1733792461-IunWtNAKbg.mp3,https://ncsmusic.s3.eu-west-1.amazonaws.com/tracks/000/001/815/100x100/what-you-did-1733792458-vYVprGNPBu.png
Strobe,NIVIRO,Techno,"Techno, energetic, dark, neutral",6 Dec 2024,"Regular, Instrumental",https://ncsmusic.s3.eu-west-1.amazonaws.com/tracks/000/001/813/strobe-1733446858-c4mvlbTKTf.mp3,https://ncsmusic.s3.eu-west-1.amazonaws.com/tracks/000/001/813/100x100/strobe-1733446856-PCrTkLuaWv.png
RUINS,"DJ FKU, LXNGVX",Drum & Bass,"Drum & Bass, powerful, energetic, neutral",6 Dec 2024,Regular,https://ncsmusic.s3.eu-west-1.amazonaws.com/tracks/000/001/814/ruins-1733446865-LQlnvzERhj.mp3,https://ncsmusic.s3.eu-west-1.amazonaws.com/tracks/000/001/814/100x100/ruins-1733446864-4gin1pwuwN.jpg
Severed Rose,"SlidV, Clarx",Electronic Rock,"Electronic Rock, dramatic, energetic, powerful",5 Dec 2024,"Regular, Instrumental",https://ncsmusic.s3.eu-west-1.amazonaws.com/tracks/000/001/812/severed-rose-1733360456-Vpv1z3x0mY.mp3,https://ncsmusic.s3.eu-west-1.amazonaws.com/tracks/000/001/812/100x100/severed-rose-1733360455-zVggjMOPR9.png
Like That,"Cherry Morello, Don Darkoe",Drum & Bass,"Drum & Bass, dramatic, energetic, powerful",3 Dec 2024,Regular,https://ncsmusic.s3.eu-west-1.amazonaws.com/tracks/000/001/811/like-that-1733187657-jvnY9Ppx3V.mp3,https://ncsmusic.s3.eu-west-1.amazonaws.com/tracks/000/001/811/100x100/like-that-1733187655-L15ODYoZAG.JPG
Second Wind,Matt Pridgyn,Progressive House,"Progressive House, energetic, powerful, positive",29 Nov 2024,Regular,https://ncsmusic.s3.eu-west-1.amazonaws.com/tracks/000/001/810/second-wind-1732842057-rxivPWt0Vm.mp3,https://ncsmusic.s3.eu-west-1.amazonaws.com/tracks/000/001/810/100x100/second-wind-1732842054-KYgMrGozrf.png
Retrospective,"Alex Skrindo, JJD",Indie Dance,"Indie Dance, energetic, powerful, positive",28 Nov 2024,Regular,https://ncsmusic.s3.eu-west-1.amazonaws.com/tracks/000/001/809/retrospective-1732755656-insKerPyAF.mp3,https://ncsmusic.s3.eu-west-1.amazonaws.com/tracks/000/001/809/100x100/retrospective-1732755654-fkVlbqmplD.jpg
On My Mind,No Hero,Hardstyle,"Hardstyle, energetic, powerful, positive",26 Nov 2024,"Regular, Instrumental",https://ncsmusic.s3.eu-west-1.amazonaws.com/tracks/000/001/808/on-my-mind-1732582857-HrvroCzgQ9.mp3,https://ncsmusic.s3.eu-west-1.amazonaws.com/tracks/000/001/808/100x100/on-my-mind-1732582855-BeyB7w7ETO.jpg
Firestarter,"Lack D, KDH, jeonghyeon",Future House,"Future House, powerful, energetic, neutral",22 Nov 2024,"Regular, Instrumental",https://ncsmusic.s3.eu-west-1.amazonaws.com/tracks/000/001/806/firestarter-1732273255-86MB4ibYuj.mp3,https://ncsmusic.s3.eu-west-1.amazonaws.com/tracks/000/001/806/100x100/firestarter-1732273253-0z9FH8fDXU.jpg
Citadel,"Boom Kitty, Waterflame",Bass House,"Bass House, powerful, energetic, neutral",21 Nov 2024,Regular,https://ncsmusic.s3.eu-west-1.amazonaws.com/tracks/000/001/807/citadel-1732273259-JkI4v3mrNV.mp3,https://ncsmusic.s3.eu-west-1.amazonaws.com/tracks/000/001/807/100x100/citadel-1732273257-0dOvLwQ0V6.jpg
Your Burn,"vxcelm, ANIZYZ",Hardstyle,"Hardstyle, energetic, exciting, positive",19 Nov 2024,Regular,https://ncsmusic.s3.eu-west-1.amazonaws.com/tracks/000/001/805/your-burn-1731978057-NcMU8vkEBn.mp3,https://ncsmusic.s3.eu-west-1.amazonaws.com/tracks/000/001/805/100x100/your-burn-1731978054-rhCAZVNaIC.png
Call My Name,"Robbie Hutton, Janji",Dance-Pop,"Dance-Pop, romantic, powerful, neutral",15 Nov 2024,"Regular, Instrumental",https://ncsmusic.s3.eu-west-1.amazonaws.com/tracks/000/001/804/call-my-name-1731632457-61g1WQb0d8.mp3,https://ncsmusic.s3.eu-west-1.amazonaws.com/tracks/000/001/804/100x100/call-my-name-1731632455-PS8GyCQEln.jpg
Geometry,"Diviners, Tobu",Progressive House,"Progressive House, energetic, exciting, positive",14 Nov 2024,Regular,https://ncsmusic.s3.eu-west-1.amazonaws.com/tracks/000/001/803/geometry-1731546058-Hz3KjOVBtU.mp3,https://ncsmusic.s3.eu-west-1.amazonaws.com/tracks/000/001/803/100x100/geometry-1731546056-ZRpP9TkxU5.jpg
Crowded Room,Josh Rubin,Future Bass,"Future Bass, powerful, angry, negative",12 Nov 2024,Regular,https://ncsmusic.s3.eu-west-1.amazonaws.com/tracks/000/001/802/crowded-room-1731373258-cFfqyLhLpr.mp3,https://ncsmusic.s3.eu-west-1.amazonaws.com/tracks/000/001/802/100x100/crowded-room-1731373256-PmYUDXScqk.jpg
Back on Dash,DJVI,Progressive House,"Progressive House, energetic, exciting, positive",8 Nov 2024,Regular,https://ncsmusic.s3.eu-west-1.amazonaws.com/tracks/000/001/801/back-on-dash-1731027656-46x8eA7Qc4.mp3,https://ncsmusic.s3.eu-west-1.amazonaws.com/tracks/000/001/801/100x100/back-on-dash-1731027655-GO2zDIsYtp.jpg
Obsession,More Plastic,Neurofunk,"Neurofunk, energetic, powerful, neutral",7 Nov 2024,"Regular, Instrumental",https://ncsmusic.s3.eu-west-1.amazonaws.com/tracks/000/001/800/obsession-1730941257-mFaCk2t7kZ.mp3,https://ncsmusic.s3.eu-west-1.amazonaws.com/tracks/000/001/800/100x100/1731427545_vUim1pu6wh_obsession-cover_3k.jpg
i want u,Rameses B,Drum & Bass,"Drum & Bass, powerful, energetic, neutral",5 Nov 2024,Regular,https://ncsmusic.s3.eu-west-1.amazonaws.com/tracks/000/001/799/i-want-u-1730768460-8aJSGzPgJD.mp3,https://ncsmusic.s3.eu-west-1.amazonaws.com/tracks/000/001/799/100x100/i-want-u-1730768457-7wk36p9MQU.jpg
Perfection (Feat. Derek Cate),"Derek Cate, B3nte, Mangoo",Dance-Pop,"Dance-Pop, relaxed, positive",1 Nov 2024,Regular,https://ncsmusic.s3.eu-west-1.amazonaws.com/tracks/000/001/798/1730713313_7UzY0cpVMj_01-Mangoo-B3nte---Perfection-Feat.-Derek-Cate-NCS-Release.mp3,https://ncsmusic.s3.eu-west-1.amazonaws.com/tracks/000/001/798/100x100/1730713312_hsfbBKXzm4_Perfection_FINAL_shrunk.jpg
Cyberblade,"Extra Terra, Max Brhon",Midtempo Bass,"Midtempo Bass, powerful, angry, negative",31 Oct 2024,"Regular, Instrumental",https://ncsmusic.s3.eu-west-1.amazonaws.com/tracks/000/001/797/cyberblade-1730336458-qObwoJC2Nd.mp3,https://ncsmusic.s3.eu-west-1.amazonaws.com/tracks/000/001/797/100x100/cyberblade-1730336456-G3cx4PbGyL.png
Hinterlands,Everen Maxwell,Midtempo Bass,"Midtempo Bass, powerful, sad, negative",29 Oct 2024,"Regular, Instrumental",https://ncsmusic.s3.eu-west-1.amazonaws.com/tracks/000/001/795/hinterlands-1730163656-67BplquSFh.mp3,https://ncsmusic.s3.eu-west-1.amazonaws.com/tracks/000/001/795/100x100/hinterlands-1730163654-bJagtIMajE.jpg
My Heart x Everything Mashup,"EH!DE, Different Heaven, Diamond Eyes",Melodic Dubstep,"Melodic Dubstep, powerful, angry, neutral",25 Oct 2024,Regular,https://ncsmusic.s3.eu-west-1.amazonaws.com/tracks/000/001/796/my-heart-x-everything-mashup-1730199656-LpTZsoJ7zp.mp3,https://ncsmusic.s3.eu-west-1.amazonaws.com/tracks/000/001/796/100x100/my-heart-x-everything-mashup-1730199654-J4W9CRumPX.png
AIWA,THIRST,Phonk,"Phonk, powerful, angry, neutral",24 Oct 2024,Regular,https://ncsmusic.s3.eu-west-1.amazonaws.com/tracks/000/001/794/aiwa-1729728057-pGTSvDFEse.mp3,https://ncsmusic.s3.eu-west-1.amazonaws.com/tracks/000/001/794/100x100/aiwa-1729728055-kHJL0MnYqD.jpg
Shoulders of Giants,Halvorsen,Complextro,"Complextro, energetic, powerful, positive",22 Oct 2024,Regular,https://ncsmusic.s3.eu-west-1.amazonaws.com/tracks/000/001/793/shoulders-of-giants-1729555257-ZS80Q2HrAP.mp3,https://ncsmusic.s3.eu-west-1.amazonaws.com/tracks/000/001/793/100x100/shoulders-of-giants-1729555255-lV3oPLz333.jpg
Break My Heart,"sapientdream, Slushii",Drum & Bass,"Drum & Bass, dark, neutral",18 Oct 2024,Regular,https://ncsmusic.s3.eu-west-1.amazonaws.com/tracks/000/001/792/break-my-heart-1729209661-ztNlIJxb0a.mp3,https://ncsmusic.s3.eu-west-1.amazonaws.com/tracks/000/001/792/100x100/1729257940_RyLwhtv90T_FINAL-BMH_3k.jpg
From The Top,Ariis,Phonk,"Phonk, romantic, energetic, neutral",17 Oct 2024,Regular,https://ncsmusic.s3.eu-west-1.amazonaws.com/tracks/000/001/791/from-the-top-1729123260-3tOJiB7Ewf.mp3,https://ncsmusic.s3.eu-west-1.amazonaws.com/tracks/000/001/791/100x100/from-the-top-1729123257-DTjTWVwvmu.jpg
Alright (Yvvan Back Remix),"Yvvan Back, Marky Style, Sync",Tribal House,"Tribal House, energetic, neutral, romantic, positive",16 Oct 2024,"Regular, Instrumental",,https://ncsmusic.s3.eu-west-1.amazonaws.com/tracks/000/001/790/100x100/alright-yvvan-back-remix-1729036859-OTZz2XGIK2.JPG
Notice That,Zaug,Electronic Rock,"Electronic Rock, powerful, neutral",15 Oct 2024,"Regular, Instrumental",https://ncsmusic.s3.eu-west-1.amazonaws.com/tracks/000/001/789/notice-that-1728950459-uHbxIHB2J8.mp3,https://ncsmusic.s3.eu-west-1.amazonaws.com/tracks/000/001/789/100x100/notice-that-1728950458-5ZtHHKDo52.jpg
Revolution,"Linn Sandin, Midranger, Poylow",Future Rave,"Future Rave, powerful, exciting, neutral, dark, negative, energetic",11 Oct 2024,Regular,https://ncsmusic.s3.eu-west-1.amazonaws.com/tracks/000/001/788/1728648382_QznkBmsygy_01-Poylow-Linn-Sandin-Midranger---Revolution-NCS-Release.mp3,https://ncsmusic.s3.eu-west-1.amazonaws.com/tracks/000/001/788/100x100/revolution-1728648053-lcOYMCjgjw.jpg
Your Poison,ROY KNOX,Dubstep,"Dubstep, Epic, Euphoric, Glamorous, Heavy, Restless, Hopeful",10 Oct 2024,"Regular, Instrumental",https://ncsmusic.s3.eu-west-1.amazonaws.com/tracks/000/001/786/1728645187_ZAIsKaw6Lv_ROY-KNOX---Your-Poison.mp3,https://ncsmusic.s3.eu-west-1.amazonaws.com/tracks/000/001/786/100x100/your-poison-1728561655-YBgf7fx1Bb.jpg
Magnetic,springs!,Pluggnb,"Pluggnb, Dreamy, Elegant, Euphoric, Floating, Glamorous, Laid Back, Quirky, romantic, Sentimental, Sexy",8 Oct 2024,Regular,https://ncsmusic.s3.eu-west-1.amazonaws.com/tracks/000/001/785/magnetic-1728385253-LamC7QyVlv.mp3,https://ncsmusic.s3.eu-west-1.amazonaws.com/tracks/000/001/785/100x100/magnetic-1728385251-hyJZShDHui.jpg
The Riot,NIVIRO,Midtempo Bass,"Midtempo Bass, Angry, Chasing, Fear, Heavy, Restless, Suspense",4 Oct 2024,"Regular, Instrumental",https://ncsmusic.s3.eu-west-1.amazonaws.com/tracks/000/001/777/the-riot-1728000056-LYPkA3oa3w.mp3,https://ncsmusic.s3.eu-west-1.amazonaws.com/tracks/000/001/777/100x100/the-riot-1728000053-6YoJReHr7r.png
Happier Now,"Gabriel Eli, SadBois",Electronic Rock,"Electronic Rock, Chasing, Euphoric, Heavy, Restless, Sentimental",3 Oct 2024,Regular,https://ncsmusic.s3.eu-west-1.amazonaws.com/tracks/000/001/776/happier-now-1727913656-M2yKqJiV3p.mp3,https://ncsmusic.s3.eu-west-1.amazonaws.com/tracks/000/001/776/100x100/happier-now-1727913653-F6F2izeDCI.jpg
Baby Sweet (Tails Remix),"Tails, intouch",Garage,"Garage, Dreamy, Eccentric, Elegant, Euphoric, Floating, Glamorous, romantic, Sentimental",2 Oct 2024,Regular,https://ncsmusic.s3.eu-west-1.amazonaws.com/tracks/000/001/775/baby-sweet-tails-remix-1727827255-BIPxwsifqt.mp3,https://ncsmusic.s3.eu-west-1.amazonaws.com/tracks/000/001/775/100x100/baby-sweet-tails-remix-1727827254-b9w3wK0kIY.jpg
Echo,Apollo On The Run,Alternative Pop,"Alternative Pop, Dark, Dreamy, Epic, Hopeful, Mysterious, Restless, Suspense",1 Oct 2024,"Regular, Instrumental",https://ncsmusic.s3.eu-west-1.amazonaws.com/tracks/000/001/774/echo-1727784055-0bQCYNqoKJ.mp3,https://ncsmusic.s3.eu-west-1.amazonaws.com/tracks/000/001/774/100x100/echo-1727784053-ScH5VfFzvw.jpg
On and On,"Sayfro, BAYZY",House,"House, Epic, Euphoric, Happy, Restless",26 Sep 2024,"Regular, Instrumental",https://ncsmusic.s3.eu-west-1.amazonaws.com/tracks/000/001/758/on-and-on-1727308858-tLh4ktBdt5.mp3,https://ncsmusic.s3.eu-west-1.amazonaws.com/tracks/000/001/758/100x100/on-and-on-1727308855-nY2KAC7oXx.jpg
Desperate,"TOKYO MACHINE, NEFFEX",Dubstep,"Dubstep, Dark, Angry, Heavy, Epic",25 Sep 2024,Regular,https://ncsmusic.s3.eu-west-1.amazonaws.com/tracks/000/001/757/desperate-1727222454-NxFwPQLQCk.mp3,https://ncsmusic.s3.eu-west-1.amazonaws.com/tracks/000/001/757/100x100/desperate-1727222452-FZRAmrmXyX.jpg
blu,Zachz Winner,Pluggnb,"Pluggnb, Eccentric, Elegant, Funny, Happy",24 Sep 2024,Regular,https://ncsmusic.s3.eu-west-1.amazonaws.com/tracks/000/001/756/blu-1727136055-NS2Rx3v9Ex.mp3,https://ncsmusic.s3.eu-west-1.amazonaws.com/tracks/000/001/756/100x100/blu-1727136052-XeLOIaKGYK.jpg
Like Rain,Rameses B,Drum & Bass,"Drum & Bass, Chasing, Dark, Floating, Mysterious, Restless, Quirky",20 Sep 2024,Regular,https://ncsmusic.s3.eu-west-1.amazonaws.com/tracks/000/001/755/like-rain-1726790455-JHo5d1Ehqe.mp3,https://ncsmusic.s3.eu-west-1.amazonaws.com/tracks/000/001/755/100x100/like-rain-1726790452-KAwYXEWC9j.jpg
Invincible (Sped Up),DEAF KEV,Melodic Dubstep,"Melodic Dubstep, Floating, Elegant, Sentimental, Funny",20 Sep 2024,Regular,https://ncsmusic.s3.eu-west-1.amazonaws.com/tracks/000/001/759/invincible-sped-up-1727366457-RfLWTl9BNp.mp3,https://ncsmusic.s3.eu-west-1.amazonaws.com/tracks/000/001/759/100x100/invincible-sped-up-1727366455-0LrxIyWqd4.jpg
Invincible (Slowed),DEAF KEV,Melodic Dubstep,"Melodic Dubstep, Floating, Elegant, Sentimental, Funny",20 Sep 2024,Regular,https://ncsmusic.s3.eu-west-1.amazonaws.com/tracks/000/001/760/invincible-slowed-1727366463-hj0o5nmrgG.mp3,https://ncsmusic.s3.eu-west-1.amazonaws.com/tracks/000/001/760/100x100/invincible-slowed-1727366461-vVYEdFUvMf.jpg
Silence,"N3b, Extra Terra",Midtempo Bass,"Midtempo Bass, Chasing, Dark, Angry, Eccentric, Fear, Mysterious, Restless, Suspense",19 Sep 2024,"Regular, Instrumental",https://ncsmusic.s3.eu-west-1.amazonaws.com/tracks/000/001/754/silence-1726704056-SKhwVEYNSL.mp3,https://ncsmusic.s3.eu-west-1.amazonaws.com/tracks/000/001/754/100x100/silence-1726704054-uoTEHNm0c7.jpg
Ares (Tear Up My Horizon),"ZAM, Reverse Prodigy, Fourier",Alternative Pop,"Alternative Pop, Chasing, Dark, Epic, Fear, Heavy, Mysterious, Restless, Suspense, Weird",17 Sep 2024,Regular,https://ncsmusic.s3.eu-west-1.amazonaws.com/tracks/000/001/753/ares-tear-up-my-horizon-1726531257-0RV7vjR9l2.mp3,https://ncsmusic.s3.eu-west-1.amazonaws.com/tracks/000/001/753/100x100/ares-tear-up-my-horizon-1726531255-ekPiPOYUBh.jpg
Party Pioneers,"NOYSE, Rudeejay",Dance-Pop,"Dance-Pop, Euphoric, Heavy, Quirky, Restless, Suspense",13 Sep 2024,"Regular, Instrumental",https://ncsmusic.s3.eu-west-1.amazonaws.com/tracks/000/001/752/party-pioneers-1726185656-2Yf3gOw55u.mp3,https://ncsmusic.s3.eu-west-1.amazonaws.com/tracks/000/001/752/100x100/party-pioneers-1726185655-s0bfh1Mbjg.jpg
Lock n' Load,HXI,Phonk,"Phonk, Angry, Dark, Chasing, Fear, Heavy, Restless, Suspense",12 Sep 2024,Regular,https://ncsmusic.s3.eu-west-1.amazonaws.com/tracks/000/001/751/lock-n-load-1726099257-4Zci4qJmWw.mp3,https://ncsmusic.s3.eu-west-1.amazonaws.com/tracks/000/001/751/100x100/lock-n-load-1726099255-6eKiGFRmjN.jpg
RIDE WITH ME,LUKE ALEXANDER,Garage,"Garage, Dreamy, Chasing, Floating, Elegant, Restless",10 Sep 2024,Regular,https://ncsmusic.s3.eu-west-1.amazonaws.com/tracks/000/001/749/ride-with-me-1725926456-5kJmxfN93V.mp3,https://ncsmusic.s3.eu-west-1.amazonaws.com/tracks/000/001/749/100x100/ride-with-me-1725926454-iHAGikW6lx.jpg
Heroes Tonight x Dreams pt. II Mashup,"Sara Skinner, Lost Sky, Johnning, Janji",Trap,"Trap, Epic, Euphoric, Happy, Restless",8 Sep 2024,Regular,https://ncsmusic.s3.eu-west-1.amazonaws.com/tracks/000/001/750/heroes-tonight-x-dreams-pt-ii-mashup-1725969652-gPmvlvBBTP.mp3,https://ncsmusic.s3.eu-west-1.amazonaws.com/tracks/000/001/750/100x100/heroes-tonight-x-dreams-pt-ii-mashup-1725969651-F2Ho14TMDA.jpg
Look No Further (ft Grace Luisa),"Grace Luisa, Madison Mars",Drum & Bass,"Drum & Bass, Dreamy, Elegant, Floating, Glamorous, Laid Back, romantic, Sentimental, Sexy",6 Sep 2024,Regular,https://ncsmusic.s3.eu-west-1.amazonaws.com/tracks/000/001/748/look-no-further-ft-grace-luisa-1725580855-UU82B1Ixlx.mp3,https://ncsmusic.s3.eu-west-1.amazonaws.com/tracks/000/001/748/100x100/look-no-further-ft-grace-luisa-1725580853-htXRq9BJrb.jpg
Models,Hush,Dubstep,"Dubstep, Eccentric, Heavy, Mysterious, Quirky, Restless, Suspense, Weird",5 Sep 2024,Regular,https://ncsmusic.s3.eu-west-1.amazonaws.com/tracks/000/001/747/models-1725494457-HAp6uMRH2l.mp3,https://ncsmusic.s3.eu-west-1.amazonaws.com/tracks/000/001/747/100x100/models-1725494456-yA4G6tIanw.jpg
Home,Robbie Mendez,House,"House, Dreamy, Euphoric, Quirky, Restless, Suspense",3 Sep 2024,"Regular, Instrumental",https://ncsmusic.s3.eu-west-1.amazonaws.com/tracks/000/001/746/home-1725372056-sUBZMDMTgs.mp3,https://ncsmusic.s3.eu-west-1.amazonaws.com/tracks/000/001/746/100x100/home-1725372052-GWRK7fgqwq.jpg
Why So Serious,"Eytan Peled, Roby Fayer, Sync",Electronic Pop,"Electronic Pop, Eccentric, Elegant, Glamorous, Laid Back, Quirky, Restless",29 Aug 2024,Regular,https://ncsmusic.s3.eu-west-1.amazonaws.com/tracks/000/001/745/why-so-serious-1724889655-g87mRygxzb.mp3,https://ncsmusic.s3.eu-west-1.amazonaws.com/tracks/000/001/745/100x100/why-so-serious-1724889654-6Hs7AZkTlT.jpg
Win & Lose,Chime,Melodic Dubstep,"Melodic Dubstep, Dreamy, Glamorous, Happy, Laid Back, romantic, Sentimental",27 Aug 2024,"Regular, Instrumental",https://ncsmusic.s3.eu-west-1.amazonaws.com/tracks/000/001/744/win-lose-1724716855-av5xiHP4Am.mp3,https://ncsmusic.s3.eu-west-1.amazonaws.com/tracks/000/001/744/100x100/win-lose-1724716853-eU08vmIL7s.jpg
Wonder (ft. Rarin & Bri Tolani),"Rarin, Bri Tolani, Unknown Brain",Trap,"Trap, Dreamy, Eccentric, Elegant, Heavy, Hopeful, Restless, Sentimental, Glamorous",23 Aug 2024,"Regular, Instrumental",https://ncsmusic.s3.eu-west-1.amazonaws.com/tracks/000/001/743/wonder-ft-rarin-bri-tolani-1724371256-h6oXol1wF2.mp3,https://ncsmusic.s3.eu-west-1.amazonaws.com/tracks/000/001/743/100x100/wonder-ft-rarin-bri-tolani-1724371254-EijOHavsBb.jpg
AIN'T MISS A CALL,Guy Arthur,Future Trap,"Future Trap, Chasing, Eccentric, Glamorous, Restless, Weird",22 Aug 2024,"Regular, Instrumental",https://ncsmusic.s3.eu-west-1.amazonaws.com/tracks/000/001/742/aint-miss-a-call-1724284856-tqZRznMNUU.mp3,https://ncsmusic.s3.eu-west-1.amazonaws.com/tracks/000/001/742/100x100/aint-miss-a-call-1724284854-9vROhK0KyQ.jpg
Earthquake (feat. Justin J. Moore),"Justin J. Moore, SNAILS, ESCARGOT, Jay Eskar",Future House,"Future House, Floating, Mysterious, Dark, Heavy, Restless, Suspense",20 Aug 2024,"Regular, Instrumental",https://ncsmusic.s3.eu-west-1.amazonaws.com/tracks/000/001/740/earthquake-feat-justin-j-moore-1724112056-47MvZZyqAh.mp3,https://ncsmusic.s3.eu-west-1.amazonaws.com/tracks/000/001/740/100x100/earthquake-feat-justin-j-moore-1724112054-G6qcggrrg5.jpg
Pump Up The Bassline,"Sippy, RIOT",Dubstep,"Dubstep, Heavy, Restless, Quirky, Suspense, Weird",16 Aug 2024,Regular,https://ncsmusic.s3.eu-west-1.amazonaws.com/tracks/000/001/739/pump-up-the-bassline-1723766458-cYyol13E96.mp3,https://ncsmusic.s3.eu-west-1.amazonaws.com/tracks/000/001/739/100x100/pump-up-the-bassline-1723766456-kcVAcn4OHx.jpg
EXECUTIONER,DJ FKU,Phonk,"Phonk, Dark, Fear, Chasing, Mysterious, Restless",15 Aug 2024,Regular,https://ncsmusic.s3.eu-west-1.amazonaws.com/tracks/000/001/738/1723718204_7CFlBpXrJX_01-DJ-FKU---EXECUTIONER-NCS-Release.mp3,https://ncsmusic.s3.eu-west-1.amazonaws.com/tracks/000/001/738/100x100/executioner-1723680055-GZacfkgNhO.jpg
Always Be,Netrum,Indie Dance,"Indie Dance, Dreamy, Elegant, Glamorous, Quirky, romantic, Sentimental",13 Aug 2024,Regular,https://ncsmusic.s3.eu-west-1.amazonaws.com/tracks/000/001/737/always-be-1723507256-gamV2XQBUz.mp3,https://ncsmusic.s3.eu-west-1.amazonaws.com/tracks/000/001/737/100x100/always-be-1723507254-OZov3jT85E.jpg
Faster,Tobu,Progressive House,"Progressive House, Dreamy, Elegant, Euphoric, Glamorous, Epic, Sentimental",9 Aug 2024,"Regular, Instrumental",https://ncsmusic.s3.eu-west-1.amazonaws.com/tracks/000/001/736/faster-1723161657-IGbXrc4RXA.mp3,https://ncsmusic.s3.eu-west-1.amazonaws.com/tracks/000/001/736/100x100/faster-1723161655-zwzjLFKZKK.jpg
Shine (Always Mirin Remix),"Always Mirin, Spektrem",Hardstyle,"Hardstyle, Epic, Euphoric, Glamorous, Quirky, Restless, romantic, Suspense",8 Aug 2024,Regular,https://ncsmusic.s3.eu-west-1.amazonaws.com/tracks/000/001/735/1723124218_kxyo2wrwh0_01-Spektrem---Shine-Always-Mirin-Remix-NCS-Release.mp3,https://ncsmusic.s3.eu-west-1.amazonaws.com/tracks/000/001/735/100x100/shine-always-mirin-remix-1723075256-1pE77PfBRZ.jpg
Crash,"Charlotte Reed, Josh Rubin, Slippy",Drum & Bass,"Drum & Bass, Dreamy, Elegant, Glamorous, Restless, Sentimental, Quirky",6 Aug 2024,"Regular, Instrumental",https://ncsmusic.s3.eu-west-1.amazonaws.com/tracks/000/001/734/1722936968_ptBtpCTER8_01-Slippy--Josh-Rubin---Crash-NCS-Release.mp3,https://ncsmusic.s3.eu-west-1.amazonaws.com/tracks/000/001/734/100x100/crash-1722902454-8plVPH48Ma.jpg
Follow Back,LXNGVX,Jersey Club,"Jersey Club, Elegant, Epic, Euphoric, Glamorous, Happy, Hopeful",2 Aug 2024,Regular,https://ncsmusic.s3.eu-west-1.amazonaws.com/tracks/000/001/733/1722605922_E3174sULx6_01-LXNGVX---Follow-Back-NCS-Release.mp3,https://ncsmusic.s3.eu-west-1.amazonaws.com/tracks/000/001/733/100x100/follow-back-1722556857-SviEzbx69z.jpg
Time Is Eating,Unlike Pluto,Electronic Rock,"Electronic Rock, Dark, Dreamy, Elegant, Mysterious, Quirky, Restless",1 Aug 2024,Regular,https://ncsmusic.s3.eu-west-1.amazonaws.com/tracks/000/001/732/time-is-eating-1722470458-xkh4Zv9NC2.mp3,https://ncsmusic.s3.eu-west-1.amazonaws.com/tracks/000/001/732/100x100/time-is-eating-1722470456-CSOOD7YKHm.jpg
My Heart Is Broken,NEYVO,Dance-Pop,"Dance-Pop, Dreamy, Elegant, Epic, Euphoric, Glamorous, Laid Back, Quirky, Restless, Sentimental",30 Jul 2024,"Regular, Instrumental",https://ncsmusic.s3.eu-west-1.amazonaws.com/tracks/000/001/731/my-heart-is-broken-1722297659-UymY5IcFlm.mp3,https://ncsmusic.s3.eu-west-1.amazonaws.com/tracks/000/001/731/100x100/my-heart-is-broken-1722297657-7xB1esLdPO.jpg
Overdose (feat. David Allen) (Tatsunoshin Remix),"Tatsunoshin, David Allen, Andrew A, KDH",Hardstyle,"Hardstyle, Eccentric, Chasing, Euphoric, Heavy, Mysterious, Restless, Dark",26 Jul 2024,"Regular, Instrumental",https://ncsmusic.s3.eu-west-1.amazonaws.com/tracks/000/001/727/overdose-feat-david-allen-tatsunoshin-remix-1721952059-BM6edZwvyt.mp3,https://ncsmusic.s3.eu-west-1.amazonaws.com/tracks/000/001/727/100x100/overdose-feat-david-allen-tatsunoshin-remix-1721952057-G5TkhVnWHs.jpg
Puzzle (2024 Edit),RetroVision,Future House,"Future House, Funny, Elegant, Happy",26 Jul 2024,Regular,https://ncsmusic.s3.eu-west-1.amazonaws.com/tracks/000/001/728/1721987489_Fa9ltCmQNd_01-RetroVision---Puzzle-2024-Edit-NCS-Release.mp3,https://ncsmusic.s3.eu-west-1.amazonaws.com/tracks/000/001/728/100x100/puzzle-2024-edit-1721952062-psTInhmFDm.jpg
Overdose (feat. David Allen) (VIP),"David Allen, Andrew A, KDH",Future House,"Future House, Heavy, Eccentric, Chasing, Dark, Mysterious",26 Jul 2024,"Regular, Instrumental",https://ncsmusic.s3.eu-west-1.amazonaws.com/tracks/000/001/729/overdose-feat-david-allen-vip-1722254461-17jgEqfUGR.mp3,https://ncsmusic.s3.eu-west-1.amazonaws.com/tracks/000/001/729/100x100/overdose-feat-david-allen-vip-1722254458-DPmVhNtj32.jpg
Overdose (feat. David Allen) (KDH Edit),"David Allen, Andrew A, KDH",Future House,"Future House, Heavy, Eccentric, Chasing, Dark, Mysterious",26 Jul 2024,"Regular, Instrumental",https://ncsmusic.s3.eu-west-1.amazonaws.com/tracks/000/001/730/overdose-feat-david-allen-kdh-edit-1722254468-Zu7WYwpCh3.mp3,https://ncsmusic.s3.eu-west-1.amazonaws.com/tracks/000/001/730/100x100/overdose-feat-david-allen-kdh-edit-1722254466-Zmm1LJ63Gn.jpg
GRAVE,"Idle Days, HOWL",Drum & Bass,"Drum & Bass, Dreamy, Elegant, Euphoric, Glamorous, Restless",25 Jul 2024,"Regular, Instrumental",https://ncsmusic.s3.eu-west-1.amazonaws.com/tracks/000/001/726/grave-1721865658-FWsNrvLnXo.mp3,https://ncsmusic.s3.eu-west-1.amazonaws.com/tracks/000/001/726/100x100/grave-1721865655-Bzhp5RtDMn.jpg
Mortals x Royalty Mashup,"Egzod, Neoni, Maestro Chives, Warriyo",Trap,"Trap, Eccentric, energetic, Epic, Euphoric, Restless",24 Jul 2024,Regular,https://ncsmusic.s3.eu-west-1.amazonaws.com/tracks/000/001/725/1724059397_cG4UXu5nHp_01-Egzod-Neoni-Maestro-Chives-Warriyo---Mortals-x-Royalty-Mashup.mp3,https://ncsmusic.s3.eu-west-1.amazonaws.com/tracks/000/001/725/100x100/1721817328_whh1S1CyIp_artwork.jpg
Symphony (feat. Barmuda),"Barmuda, Revaeon, Lionis",Bass House,"Bass House, Chasing, Dark, Mysterious, Restless, Weird, Quirky",23 Jul 2024,"Regular, Instrumental",https://ncsmusic.s3.eu-west-1.amazonaws.com/tracks/000/001/724/symphony-feat-barmuda-1721692858-m4ZvNrkuSw.mp3,https://ncsmusic.s3.eu-west-1.amazonaws.com/tracks/000/001/724/100x100/symphony-feat-barmuda-1721692855-y1PDzg3Jnt.jpg
Rally Up!,"XI$OW, Grioten",Brazilian Phonk,"Brazilian Phonk, Chasing, Dark, Heavy, Mysterious, Restless, Weird",19 Jul 2024,"Regular, Instrumental",https://ncsmusic.s3.eu-west-1.amazonaws.com/tracks/000/001/722/rally-up-1721347256-42ulyBL9wj.mp3,https://ncsmusic.s3.eu-west-1.amazonaws.com/tracks/000/001/722/100x100/rally-up-1721347255-B0mFg1KOQm.jpg
Love You (Anyway),LAADS,Garage,"Garage, Elegant, Epic, Euphoric, Glamorous, Happy, Hopeful",19 Jul 2024,"Regular, Instrumental",https://ncsmusic.s3.eu-west-1.amazonaws.com/tracks/000/001/723/love-you-anyway-1721347260-oNYrlZiWEI.mp3,https://ncsmusic.s3.eu-west-1.amazonaws.com/tracks/000/001/723/100x100/love-you-anyway-1721347259-Lgv6yeDDLL.jpg
Different Eyes,"ANIZYZ, MVSTAFA",Hardstyle,"Hardstyle, Chasing, Dreamy, Euphoric, Heavy, Mysterious, Restless, Suspense",18 Jul 2024,Regular,https://ncsmusic.s3.eu-west-1.amazonaws.com/tracks/000/001/721/different-eyes-1721260856-z2bbseBRrh.mp3,https://ncsmusic.s3.eu-west-1.amazonaws.com/tracks/000/001/721/100x100/different-eyes-1721260855-pmSCM61woj.jpg
jealous,The Trinity,Hyperpop,"Hyperpop, Dreamy, Eccentric, Elegant, Hopeful, Laid Back, romantic, Sentimental",16 Jul 2024,Regular,https://ncsmusic.s3.eu-west-1.amazonaws.com/tracks/000/001/720/jealous-1721088056-1L8ma7xHTU.mp3,https://ncsmusic.s3.eu-west-1.amazonaws.com/tracks/000/001/720/100x100/jealous-1721088055-Cl1P56ilZ7.jpg
Overdose (feat. David Allen),"David Allen, Andrew A, KDH",Future House,"Future House, Eccentric, Chasing, Euphoric, Heavy, Mysterious, Restless",12 Jul 2024,"Regular, Instrumental",https://ncsmusic.s3.eu-west-1.amazonaws.com/tracks/000/001/719/overdose-feat-david-allen-1720742456-pWcnZ0DgYV.mp3,https://ncsmusic.s3.eu-west-1.amazonaws.com/tracks/000/001/719/100x100/overdose-feat-david-allen-1720742455-tXR8VYPFpL.jpg
OFFLINE,"eerie, Rameses B",Phonk,"Phonk, Chasing, Dark, Eccentric, Heavy, Restless, Suspense",11 Jul 2024,Regular,https://ncsmusic.s3.eu-west-1.amazonaws.com/tracks/000/001/718/1720706190_xbkJYMpNxE_01-Rameses-B--eerie---OFFLINE-NCS-Release.mp3,https://ncsmusic.s3.eu-west-1.amazonaws.com/tracks/000/001/718/100x100/offline-1720656058-5UPK5suxCm.jpg
grow apart,Ghostnaps,Garage,"Garage, Chasing, Elegant, Floating, Glamorous, Quirky, Restless, Sentimental",9 Jul 2024,"Regular, Instrumental",https://ncsmusic.s3.eu-west-1.amazonaws.com/tracks/000/001/717/grow-apart-1720483260-vvTq9bTWmY.mp3,https://ncsmusic.s3.eu-west-1.amazonaws.com/tracks/000/001/717/100x100/1720543849_CgQryprAmK_grow-apart-_shrunk.jpg
Without You (feat. Justin J. Moore),"Justin J. Moore, NIVIRO",Hardstyle,"Hardstyle, Heavy, Euphoric, Chasing, Epic, Happy",5 Jul 2024,Regular,https://ncsmusic.s3.eu-west-1.amazonaws.com/tracks/000/001/715/without-you-feat-justin-j-moore-1720137659-hUNPAfS1IK.mp3,https://ncsmusic.s3.eu-west-1.amazonaws.com/tracks/000/001/715/100x100/without-you-feat-justin-j-moore-1720137658-6nkGhDz5bM.jpg
Worship,Diamond Eyes,Drum & Bass,"Drum & Bass, Chasing, Eccentric, Epic, Euphoric, Heavy, Mysterious, Restless, Suspense",5 Jul 2024,"Regular, Instrumental",https://ncsmusic.s3.eu-west-1.amazonaws.com/tracks/000/001/716/worship-1720137668-FHKI9y7zWW.mp3,https://ncsmusic.s3.eu-west-1.amazonaws.com/tracks/000/001/716/100x100/worship-1720137666-u4h0cwwTUc.jpg
Bring Me Back (feat. Nieulotni),"Nieulotni, Adikop",Future House,"Future House, Dreamy, Eccentric, Glamorous, Mysterious, Quirky, Restless, Sentimental, Suspense",4 Jul 2024,"Regular, Instrumental",https://ncsmusic.s3.eu-west-1.amazonaws.com/tracks/000/001/714/bring-me-back-feat-nieulotni-1720051260-IKWWsgpztd.mp3,https://ncsmusic.s3.eu-west-1.amazonaws.com/tracks/000/001/714/100x100/bring-me-back-feat-nieulotni-1720051257-bbxvBjM2B8.jpg
Shadow Of Ages ([BORDERS] & Fryware Remix),"[BORDERS], Fryware, Ric Waves, Wiguez",Drum & Bass,"Drum & Bass, Chasing, Eccentric, Euphoric, Heavy, Mysterious, Restless",3 Jul 2024,Regular,https://ncsmusic.s3.eu-west-1.amazonaws.com/tracks/000/001/709/shadow-of-ages-borders-fryware-remix-1719964863-tV1ZyeHX2g.mp3,https://ncsmusic.s3.eu-west-1.amazonaws.com/tracks/000/001/709/100x100/shadow-of-ages-borders-fryware-remix-1719964861-i0HsEZBjtO.jpg
Nunca (Frannabik & A.way Remix),"Maria-Lea, A.WAY, FRANNABIK, Wiguez",Drum & Bass,"Drum & Bass, Chasing, Eccentric, Euphoric, Heavy, Mysterious, Restless",3 Jul 2024,Regular,https://ncsmusic.s3.eu-west-1.amazonaws.com/tracks/000/001/710/1720715675_xh8xpSG7CP_02-Wiguez---Nunca-Ft.-Maria-Lea-Frannabik-y-A.way-Remix-NCS-Release.mp3,https://ncsmusic.s3.eu-west-1.amazonaws.com/tracks/000/001/710/100x100/nunca-frannabik-away-remix-1719964865-tfh4d4FOZq.jpg
Marcheur (The Clamps Remix),"The Clamps, Wiguez",Neurofunk,"Neurofunk, Angry, Chasing, Dark, Heavy, Fear, Restless",3 Jul 2024,Regular,https://ncsmusic.s3.eu-west-1.amazonaws.com/tracks/000/001/711/marcheur-the-clamps-remix-1719964870-QLtJQZQYbT.mp3,https://ncsmusic.s3.eu-west-1.amazonaws.com/tracks/000/001/711/100x100/marcheur-the-clamps-remix-1719964869-pnbhOQS0kj.jpg
VBM (Juno Remix),"JUNO, P-One, Wiguez",Drum & Bass,"Drum & Bass, Angry, Chasing, Dark, Heavy, Fear, Restless",3 Jul 2024,Regular,https://ncsmusic.s3.eu-west-1.amazonaws.com/tracks/000/001/712/vbm-juno-remix-1719964873-SUOrk1Rh7j.mp3,https://ncsmusic.s3.eu-west-1.amazonaws.com/tracks/000/001/712/100x100/vbm-juno-remix-1719964872-OAtqdRQMgy.jpg
Moon Farewell (TWO XY Remix),"TWO XY, Josh Levoid, P-One, Alltair, Wiguez",Drum & Bass,"Drum & Bass, Chasing, Eccentric, Floating, Mysterious, Restless, Suspense",3 Jul 2024,Regular,https://ncsmusic.s3.eu-west-1.amazonaws.com/tracks/000/001/713/moon-farewell-two-xy-remix-1719964876-Zo1lijF31E.mp3,https://ncsmusic.s3.eu-west-1.amazonaws.com/tracks/000/001/713/100x100/moon-farewell-two-xy-remix-1719964875-aPZuIF5UDD.jpg
corrupted,zetuv,Hardstyle,"Hardstyle, Dark, Chasing, Elegant, Glamorous, Laid Back, Quirky, Restless",2 Jul 2024,Regular,https://ncsmusic.s3.eu-west-1.amazonaws.com/tracks/000/001/708/corrupted-1719878460-o15QLEKVpP.mp3,https://ncsmusic.s3.eu-west-1.amazonaws.com/tracks/000/001/708/100x100/corrupted-1719878457-eycqID02sk.png
Warzone (feat. Zaug),"Zaug, Clarx",Trap,"Trap, Dark, Elegant, Euphoric, Glamorous, Heavy, Mysterious, Restless",28 Jun 2024,"Regular, Instrumental",https://ncsmusic.s3.eu-west-1.amazonaws.com/tracks/000/001/707/warzone-feat-zaug-1719532857-B6YXdNmwDY.mp3,https://ncsmusic.s3.eu-west-1.amazonaws.com/tracks/000/001/707/100x100/warzone-feat-zaug-1719532856-grMfcFMGOf.jpg
Taking It Slow,JVNA,Future Bass,"Future Bass, Dreamy, Elegant, Floating, Glamorous, Sentimental, Hopeful",27 Jun 2024,"Regular, Instrumental",https://ncsmusic.s3.eu-west-1.amazonaws.com/tracks/000/001/706/taking-it-slow-1719446455-z0LLg9dkwj.mp3,https://ncsmusic.s3.eu-west-1.amazonaws.com/tracks/000/001/706/100x100/1719483220_SeNOoa2pCr_JVNA-Taking-It-Slow-Art-1.png
Stay Focused,"Artino, Jessee",Drum & Bass,"Drum & Bass, Chasing, Heavy, Restless, Suspense",25 Jun 2024,Regular,https://ncsmusic.s3.eu-west-1.amazonaws.com/tracks/000/001/705/stay-focused-1719273661-u2nWojg8WP.mp3,https://ncsmusic.s3.eu-west-1.amazonaws.com/tracks/000/001/705/100x100/stay-focused-1719273658-kf8QDsv02M.jpg
GET MUCKY,Rameses B,Drum & Bass,"Drum & Bass, Chasing, Dark, Dreamy, Epic, Fear, Restless, Suspense",21 Jun 2024,Regular,https://ncsmusic.s3.eu-west-1.amazonaws.com/tracks/000/001/704/get-mucky-1718928063-ps0Bt22Z1V.mp3,https://ncsmusic.s3.eu-west-1.amazonaws.com/tracks/000/001/704/100x100/get-mucky-1718928061-xhoD1DzSep.jpg
Rave Teacher,KEVU,Techno,"Techno, Chasing, Angry, Dark, Euphoric, Heavy, Mysterious, Restless, scary, Suspense",20 Jun 2024,Regular,https://ncsmusic.s3.eu-west-1.amazonaws.com/tracks/000/001/703/rave-teacher-1718841659-OEJbzrfqO0.mp3,https://ncsmusic.s3.eu-west-1.amazonaws.com/tracks/000/001/703/100x100/rave-teacher-1718841656-DMVKOW0tdM.jpg
BANDIDO FUNK,"Kamran747, Emin Nilsen",Brazilian Phonk,"Brazilian Phonk, Chasing, Dark, Dreamy, Elegant, Floating, Laid Back, Mysterious, Restless, Suspense",18 Jun 2024,Regular,https://ncsmusic.s3.eu-west-1.amazonaws.com/tracks/000/001/702/1718694973_MCiguD5Pq4_01-Emin-Nilsen--Kamran747---BANDIDO-FUNK-NCS-Release.mp3,https://ncsmusic.s3.eu-west-1.amazonaws.com/tracks/000/001/702/100x100/bandido-funk-1718668860-wX6vMQt44J.jpg
DELTA,DJ FKU,Colour Bass,"Colour Bass, Dreamy, Elegant, Euphoric, Glamorous, Quirky, Restless",14 Jun 2024,Regular,https://ncsmusic.s3.eu-west-1.amazonaws.com/tracks/000/001/700/delta-1718323262-RGGWSkCqe4.mp3,https://ncsmusic.s3.eu-west-1.amazonaws.com/tracks/000/001/700/100x100/delta-1718323261-Lontas8qxq.jpg
Nostalgia,"Johnning, Janji",House,"House, Dreamy, Elegant, Euphoric, Floating, romantic, Sentimental, Sexy",14 Jun 2024,Regular,https://ncsmusic.s3.eu-west-1.amazonaws.com/tracks/000/001/701/nostalgia-1718323268-ryc3TL4X2U.mp3,https://ncsmusic.s3.eu-west-1.amazonaws.com/tracks/000/001/701/100x100/nostalgia-1718323267-zWVQ91T49m.jpg
Everytime I See Your Face (Dust of Apollon Remix),"Dust of Apollon, Sam Day",Drum & Bass,"Drum & Bass, Epic, Euphoric, Dark, Heavy, Restless",13 Jun 2024,Regular,https://ncsmusic.s3.eu-west-1.amazonaws.com/tracks/000/001/693/everytime-i-see-your-face-dust-of-apollon-remix-1718236867-C0DOg5FRq3.mp3,https://ncsmusic.s3.eu-west-1.amazonaws.com/tracks/000/001/693/100x100/everytime-i-see-your-face-dust-of-apollon-remix-1718236864-ostLidzOxo.jpg
BABY (Thorne Remix),"Thorne, Sam Day",Progressive House,"Progressive House, Elegant, Laid Back, Quirky, Suspense",13 Jun 2024,Regular,https://ncsmusic.s3.eu-west-1.amazonaws.com/tracks/000/001/694/baby-thorne-remix-1718236872-s9VARTnitA.mp3,https://ncsmusic.s3.eu-west-1.amazonaws.com/tracks/000/001/694/100x100/baby-thorne-remix-1718236870-tDJL5q15s9.jpg
BE THE ONE (WinWel Remix),"WinWel, Sam Day",Trap,"Trap, Dreamy, Elegant, Glamorous, Laid Back, Mysterious, Restless",13 Jun 2024,"Regular, Instrumental",https://ncsmusic.s3.eu-west-1.amazonaws.com/tracks/000/001/695/be-the-one-winwel-remix-1718236878-9HflbAbvhJ.mp3,https://ncsmusic.s3.eu-west-1.amazonaws.com/tracks/000/001/695/100x100/be-the-one-winwel-remix-1718236875-sYb5bOwdWM.jpg
EVERYTIME I SEE YOUR FACE (intouch Remix),"intouch, Sam Day",Garage,"Garage, Dreamy, Glamorous, Mysterious, Restless",13 Jun 2024,Regular,https://ncsmusic.s3.eu-west-1.amazonaws.com/tracks/000/001/696/everytime-i-see-your-face-intouch-remix-1718236885-6PXVzCWwLn.mp3,https://ncsmusic.s3.eu-west-1.amazonaws.com/tracks/000/001/696/100x100/everytime-i-see-your-face-intouch-remix-1718236882-qFAjcNY2OU.jpg
BABY (Pala Chrome Remix),"Pala Chrome, Sam Day",Garage,"Garage, Dreamy, Elegant, Floating, Restless, Suspense",13 Jun 2024,Regular,https://ncsmusic.s3.eu-west-1.amazonaws.com/tracks/000/001/697/baby-pala-chrome-remix-1718236891-PZJU80DYR7.mp3,https://ncsmusic.s3.eu-west-1.amazonaws.com/tracks/000/001/697/100x100/baby-pala-chrome-remix-1718236888-JxaHysSCwU.jpg
BABY (Callie Reiff Remix),"Callie Reiff, Sam Day",Garage,"Garage, Chasing, Eccentric, Restless, Laid Back",13 Jun 2024,Regular,https://ncsmusic.s3.eu-west-1.amazonaws.com/tracks/000/001/698/baby-callie-reiff-remix-1718236896-dRS42MSV02.mp3,https://ncsmusic.s3.eu-west-1.amazonaws.com/tracks/000/001/698/100x100/baby-callie-reiff-remix-1718236893-ITfdWEKi9E.jpg
For You,"SYNTHEZAAR, NECROLX",Phonk,"Phonk, Chasing, Dark, Dreamy, Elegant, Epic, Mysterious, Restless, Suspense",13 Jun 2024,Regular,https://ncsmusic.s3.eu-west-1.amazonaws.com/tracks/000/001/699/1718795511_xNuG67kabH_01-NECROLX--SYNTHEZAAR---For-You-NCS-Release.mp3,https://ncsmusic.s3.eu-west-1.amazonaws.com/tracks/000/001/699/100x100/for-you-1718236898-7LyW1vj0CY.png
You Get Me High,Rex Hooligan,Drum & Bass,"Drum & Bass, Elegant, Dreamy, Euphoric, Glamorous, Happy, Quirky, Restless, Sentimental",11 Jun 2024,"Regular, Instrumental",https://ncsmusic.s3.eu-west-1.amazonaws.com/tracks/000/001/692/you-get-me-high-1718064058-E1hVfDYXrH.mp3,https://ncsmusic.s3.eu-west-1.amazonaws.com/tracks/000/001/692/100x100/you-get-me-high-1718064055-8mUTOXYhoB.png
The Right Time,"LUVIUM, Youth In Circles",Electronic Rock,"Electronic Rock, Dreamy, Epic, Euphoric, Hopeful, Restless, Sentimental",6 Jun 2024,"Regular, Instrumental",https://ncsmusic.s3.eu-west-1.amazonaws.com/tracks/000/001/690/the-right-time-1717671656-jSRE0tu4QI.mp3,https://ncsmusic.s3.eu-west-1.amazonaws.com/tracks/000/001/690/100x100/the-right-time-1717671654-XbQeVIYjju.jpg
Underrated (Feat. Sunny Lukas),"Sunny Lukas, Zushi & Vanko",Drum & Bass,"Drum & Bass, Dreamy, Elegant, Euphoric, Floating, Glamorous, romantic, Sentimental, Sexy",4 Jun 2024,Regular,https://ncsmusic.s3.eu-west-1.amazonaws.com/tracks/000/001/689/underrated-feat-sunny-lukas-1717498853-r0PbfV6FZf.mp3,https://ncsmusic.s3.eu-west-1.amazonaws.com/tracks/000/001/689/100x100/underrated-feat-sunny-lukas-1717498851-siwNPDgNlL.jpg
Pushing On,RIOT,Dubstep,"Dubstep, Chasing, Epic, Heavy, Restless",31 May 2024,Regular,https://ncsmusic.s3.eu-west-1.amazonaws.com/tracks/000/001/688/1717149481_iZYKQ30TdR_01-RIOT---Pushing-On-NCS-Release.mp3,https://ncsmusic.s3.eu-west-1.amazonaws.com/tracks/000/001/688/100x100/1717149481_ZQIuzR0KYO_PUSHING-ON---Final.jpg
Red Lights,"Ella Rosa, Cafe Disko",Garage,"Garage, Elegant, Glamorous, Restless, romantic, Sexy",30 May 2024,"Regular, Instrumental",https://ncsmusic.s3.eu-west-1.amazonaws.com/tracks/000/001/687/red-lights-1717027257-zwWLuAk1zN.mp3,https://ncsmusic.s3.eu-west-1.amazonaws.com/tracks/000/001/687/100x100/red-lights-1717027255-5TrvbCgaUy.jpg
Purpose,"Sketchez, Aeden",Dance-Pop,"Dance-Pop, Dreamy, Elegant, Euphoric, Floating, Glamorous, Laid Back, romantic, Sexy",28 May 2024,Regular,https://ncsmusic.s3.eu-west-1.amazonaws.com/tracks/000/001/686/purpose-1716854456-40zrYsfARo.mp3,https://ncsmusic.s3.eu-west-1.amazonaws.com/tracks/000/001/686/100x100/purpose-1716854454-YCR6bYfSep.PNG
Feel Like,Aix Cee,Tech House,"Tech House, Dark, Eccentric, Fear, Glamorous, Mysterious, Quirky, Restless, Suspense",24 May 2024,Regular,https://ncsmusic.s3.eu-west-1.amazonaws.com/tracks/000/001/685/feel-like-1716544856-5YaGdjPpCf.mp3,https://ncsmusic.s3.eu-west-1.amazonaws.com/tracks/000/001/685/100x100/feel-like-1716544854-pYxFtraNxA.jpg
Comet,"Keepsake, Skybreak",Drumstep,"Drumstep, Dreamy, Epic, Euphoric, Happy, Hopeful, Sexy",23 May 2024,"Regular, Instrumental",https://ncsmusic.s3.eu-west-1.amazonaws.com/tracks/000/001/683/comet-1716422457-Vd6pvNXfSt.mp3,https://ncsmusic.s3.eu-west-1.amazonaws.com/tracks/000/001/683/100x100/comet-1716422454-LbQTehJ3ek.jpg
Stuck,Ripple,Drum & Bass,"Drum & Bass, Chasing, Dark, Epic, Fear, Heavy, Mysterious, Restless, Suspense",21 May 2024,Regular,https://ncsmusic.s3.eu-west-1.amazonaws.com/tracks/000/001/682/1716284149_XdwkW7Wylp_01-Ripple---Stuck-NCS-Release.mp3,https://ncsmusic.s3.eu-west-1.amazonaws.com/tracks/000/001/682/100x100/stuck-1716249660-PoLBFgECNN.jpg
Soundclash,Jonth,Drum & Bass,"Drum & Bass, Chasing, Dark, Eccentric, Heavy, Mysterious, Restless, Suspense, Weird",17 May 2024,Regular,https://ncsmusic.s3.eu-west-1.amazonaws.com/tracks/000/001/681/soundclash-1715904063-s4m9PtzCL0.mp3,https://ncsmusic.s3.eu-west-1.amazonaws.com/tracks/000/001/681/100x100/soundclash-1715904060-cWKCNXwEQl.png
BANE,Emin Nilsen,Brazilian Phonk,"Brazilian Phonk, Eccentric, Elegant, Glamorous, Floating, Laid Back, Sentimental, Restless, energetic",16 May 2024,Regular,https://ncsmusic.s3.eu-west-1.amazonaws.com/tracks/000/001/680/1715943750_B6xIOZRafw_01-Emin-Nilsen---BANE-NCS-Release.mp3,https://ncsmusic.s3.eu-west-1.amazonaws.com/tracks/000/001/680/100x100/bane-1715817653-UgIOxKoMke.png
Donna,"maria kallastu, Sander Mölder, Soundy",Garage,"Garage, Dreamy, Eccentric, Elegant, Euphoric, Floating, Glamorous, Restless, romantic, Sentimental, Sexy",14 May 2024,Regular,https://ncsmusic.s3.eu-west-1.amazonaws.com/tracks/000/001/679/donna-1715644860-7a2bMLVxPd.mp3,https://ncsmusic.s3.eu-west-1.amazonaws.com/tracks/000/001/679/100x100/donna-1715644858-iNkVX404SO.jpg
fade,dashie,Brazilian Phonk,"Brazilian Phonk, Dreamy, Euphoric, Mysterious, Quirky, Weird",10 May 2024,Regular,https://ncsmusic.s3.eu-west-1.amazonaws.com/tracks/000/001/678/1715334349_3pvHPqPk5e_01-dashie---Fade-NCS-Release.mp3,https://ncsmusic.s3.eu-west-1.amazonaws.com/tracks/000/001/678/100x100/fade-1715299258-UMAjk5s2UY.jpg
Will You Come,"Reuben Cameron, DEAN, Palm Skies",Dance Pop,"Dance-Pop, Dreamy, Euphoric, Happy, Quirky, Restless, Sentimental, Sexy",9 May 2024,"Regular, Instrumental",https://ncsmusic.s3.eu-west-1.amazonaws.com/tracks/000/001/677/will-you-come-1715212858-FK2XJ6Ksjk.mp3,https://ncsmusic.s3.eu-west-1.amazonaws.com/tracks/000/001/677/100x100/will-you-come-1715212857-YkB10P07r8.jpg
Back & Forth,MANSHN,Garage,"Garage, Chasing, Dreamy, Heavy, Mysterious, Quirky, Restless, Suspense",7 May 2024,Regular,https://ncsmusic.s3.eu-west-1.amazonaws.com/tracks/000/001/672/back-forth-1715040058-kAbtnPseSr.mp3,https://ncsmusic.s3.eu-west-1.amazonaws.com/tracks/000/001/672/100x100/back-forth-1715040056-pBp6GBMpE8.jpg
Never Knew Me,"Veela, Rameses B",Phonk,"Phonk, Dark, Dreamy, Fear, Laid Back, Mysterious, Sentimental, Suspense, Weird",3 May 2024,Regular,https://ncsmusic.s3.eu-west-1.amazonaws.com/tracks/000/001/671/never-knew-me-1714694458-fKAOeO5QYK.mp3,https://ncsmusic.s3.eu-west-1.amazonaws.com/tracks/000/001/671/100x100/never-knew-me-1714694455-vpqd36PBtL.jpg
Want It All,"Mqx, MVSTAFA",Hardstyle,"Hardstyle, Angry, Chasing, Dark, Dreamy, Heavy, Quirky, Mysterious, scary",2 May 2024,"Regular, Instrumental",https://ncsmusic.s3.eu-west-1.amazonaws.com/tracks/000/001/670/want-it-all-1714608054-xb4cqJAYuB.mp3,https://ncsmusic.s3.eu-west-1.amazonaws.com/tracks/000/001/670/100x100/want-it-all-1714608053-YXthkcJrdJ.jpg
In Bonfires Green,Psylla,Jersey Club,"Jersey Club, Chasing, Dreamy, Eccentric, Elegant, Epic, Floating, Quirky, Restless, Suspense",30 Apr 2024,Regular,https://ncsmusic.s3.eu-west-1.amazonaws.com/tracks/000/001/669/in-bonfires-green-1714435257-BujVHrFqxS.mp3,https://ncsmusic.s3.eu-west-1.amazonaws.com/tracks/000/001/669/100x100/in-bonfires-green-1714435254-kp355CUWgz.jpg
Kapoeira Phonk,"DYNAMIS, HXDES",Brazilian Phonk,"Brazilian Phonk, Angry, Chasing, Dark, Fear, Heavy, Quirky, Restless",26 Apr 2024,Regular,https://ncsmusic.s3.eu-west-1.amazonaws.com/tracks/000/001/668/1715334625_3BjiNbkiiH_01-HXDES-DYNAMIS---Kapoeira-Phonk-NCS-Release.mp3,https://ncsmusic.s3.eu-west-1.amazonaws.com/tracks/000/001/668/100x100/kapoeira-phonk-1714089650-AluvaspqC3.png
VIDA NOVA,Emin Nilsen,Brazilian Phonk,"Brazilian Phonk, Dark, Dreamy, Fear, Heavy, Mysterious, Quirky, Restless, scary, Suspense, Weird",25 Apr 2024,Regular,https://ncsmusic.s3.eu-west-1.amazonaws.com/tracks/000/001/667/1714042007_JniJKdkGeo_01-Emin-Nilsen---VIDA-NOVA-NCS-Release.mp3,https://ncsmusic.s3.eu-west-1.amazonaws.com/tracks/000/001/667/100x100/vida-nova-1714003253-3Le18wvpzX.jpg
Vibe,Spicyverse,House,"House, Dreamy, Elegant, Eccentric, Glamorous, Happy, Quirky, Restless, romantic, Sentimental, Sexy",23 Apr 2024,"Regular, Instrumental",https://ncsmusic.s3.eu-west-1.amazonaws.com/tracks/000/001/666/vibe-1713830458-cw0Xa0Hago.mp3,https://ncsmusic.s3.eu-west-1.amazonaws.com/tracks/000/001/666/100x100/vibe-1713830456-NaXt0yALGW.jpg
Help Me Help You,"Clarx, Shiah Maisel",Electronic Rock,"Electronic Rock, Angry, Dark, Dreamy, Epic, Euphoric, Glamorous, Hopeful, Laid Back, Mysterious, Quirky, Restless, sad, Suspense, Chasing, Eccentric, Elegant, Floating, Heavy, Sentimental",19 Apr 2024,"Regular, Instrumental",https://ncsmusic.s3.eu-west-1.amazonaws.com/tracks/000/001/664/help-me-help-you-1713484856-ps8OA7f3pn.mp3,https://ncsmusic.s3.eu-west-1.amazonaws.com/tracks/000/001/664/100x100/help-me-help-you-1713484854-0qtgOu0bPa.jpg
Gotta Leave,"Shiah Maisel, Clarx",Electronic Rock,"Electronic Rock, Angry, Dark, Dreamy, Epic, Euphoric, Glamorous, Hopeful, Laid Back, Mysterious, Quirky, Restless, sad, Suspense, Chasing, Eccentric, Elegant, Floating, Heavy, Sentimental",19 Apr 2024,"Regular, Instrumental",https://ncsmusic.s3.eu-west-1.amazonaws.com/tracks/000/001/665/gotta-leave-1713484868-A7hMzxerW0.mp3,https://ncsmusic.s3.eu-west-1.amazonaws.com/tracks/000/001/665/100x100/gotta-leave-1713484866-XfceEbkf1O.jpg
Everyday,Ripple,Drum & Bass,"Drum & Bass, Angry, Chasing, Euphoric, Heavy, Restless, scary, Suspense, Weird",18 Apr 2024,Regular,https://ncsmusic.s3.eu-west-1.amazonaws.com/tracks/000/001/663/everyday-1713398472-7nbruWZVfa.mp3,https://ncsmusic.s3.eu-west-1.amazonaws.com/tracks/000/001/663/100x100/everyday-1713398470-TwM8V3eejv.jpg
I Wanna Dance,PYTI,Techno,"Techno, Angry, Dark, Chasing, Euphoric, Epic, Fear, Heavy, Restless, Suspense",16 Apr 2024,"Regular, Instrumental",https://ncsmusic.s3.eu-west-1.amazonaws.com/tracks/000/001/662/1713276672_isnlxFlS9J_01-PYTI---I-Wanna-Dance-NCS-Release.mp3,https://ncsmusic.s3.eu-west-1.amazonaws.com/tracks/000/001/662/100x100/i-wanna-dance-1713272452-ESu9xGPxYk.jpg
Hollow,Unlike Pluto,Alternative Pop,"Alternative Pop, Chasing, Eccentric, Euphoric, Heavy, Mysterious, Quirky, Restless",12 Apr 2024,"Regular, Instrumental",https://ncsmusic.s3.eu-west-1.amazonaws.com/tracks/000/001/661/hollow-1712880052-0MJUprE41X.mp3,https://ncsmusic.s3.eu-west-1.amazonaws.com/tracks/000/001/661/100x100/hollow-1712880050-hgQO2wDq2Y.jpg
blessing,P3PPER,Melodic House,"Melodic House, Dreamy, Elegant, Euphoric, Floating, Hopeful, Sexy",11 Apr 2024,Regular,https://ncsmusic.s3.eu-west-1.amazonaws.com/tracks/000/001/660/blessing-1712793654-kznX5SFTsL.mp3,https://ncsmusic.s3.eu-west-1.amazonaws.com/tracks/000/001/660/100x100/blessing-1712793652-4JwmiqrIUP.jpg
Stars in the Sky,BEKSY.,Dance Pop,"Dance-Pop, Dreamy, Eccentric, Elegant, Glamorous, Floating, Laid Back, relaxed, romantic, Sentimental",9 Apr 2024,Regular,https://ncsmusic.s3.eu-west-1.amazonaws.com/tracks/000/001/659/stars-in-the-sky-1712620859-Z5NW7kpyJJ.mp3,https://ncsmusic.s3.eu-west-1.amazonaws.com/tracks/000/001/659/100x100/stars-in-the-sky-1712620851-2jkA3mqxBh.jpg
Cybernetic,Rameses B,Drum & Bass,"Drum & Bass, Chasing, Dreamy, Heavy, Quirky, Restless, Suspense",5 Apr 2024,Regular,https://ncsmusic.s3.eu-west-1.amazonaws.com/tracks/000/001/657/cybernetic-1712275264-C5hzzeTaFI.mp3,https://ncsmusic.s3.eu-west-1.amazonaws.com/tracks/000/001/657/100x100/cybernetic-1712275254-qCOGidJYHk.jpg
I'll Be There,NIVIRO,Dance Pop,"Dance-Pop, Dreamy, Elegant, Epic, Euphoric, Floating, Glamorous, Hopeful, Happy, Quirky, romantic, Sexy",5 Apr 2024,Regular,https://ncsmusic.s3.eu-west-1.amazonaws.com/tracks/000/001/658/ill-be-there-1712275268-IM77objThy.mp3,https://ncsmusic.s3.eu-west-1.amazonaws.com/tracks/000/001/658/100x100/ill-be-there-1712275266-nEBOJ5oMrC.jpg
Along Your Way,"Pala Chrome, Dust of Apollon",Electronic Rock,"Electronic Rock, Dreamy, Elegant, Euphoric, Floating, Glamorous, Hopeful, Epic, romantic, Sentimental",4 Apr 2024,"Regular, Instrumental",https://ncsmusic.s3.eu-west-1.amazonaws.com/tracks/000/001/656/along-your-way-1712188851-XJSLniq5hC.mp3,https://ncsmusic.s3.eu-west-1.amazonaws.com/tracks/000/001/656/100x100/1712228179_bAWjMdpUpk_alongyourway.jpg
Code,MANSHN,Breakbeat,"Breakbeat, Chasing, Dark, Eccentric, Euphoric, Floating, Heavy, Mysterious, Restless, Suspense, Weird",2 Apr 2024,Regular,https://ncsmusic.s3.eu-west-1.amazonaws.com/tracks/000/001/655/code-1712016052-VJdwATQso1.mp3,https://ncsmusic.s3.eu-west-1.amazonaws.com/tracks/000/001/655/100x100/1712055855_8OZEb5mgxW_MANSHN---Code-Art-Final.jpg
Stay,Diamond Eyes,Electronic Pop,"Electronic Pop, Dreamy, Elegant, Epic, Euphoric, Floating, Quirky, Restless, Sentimental",29 Mar 2024,Regular,https://ncsmusic.s3.eu-west-1.amazonaws.com/tracks/000/001/654/stay-1711674052-gZN6nSYj6R.mp3,https://ncsmusic.s3.eu-west-1.amazonaws.com/tracks/000/001/654/100x100/stay-1711674051-Cqkswv0Ii5.jpg
Lost My Love,Tatsunoshin,Hardstyle,"Hardstyle, Chasing, Epic, Euphoric, Glamorous, Happy, Sentimental, Sexy",28 Mar 2024,"Regular, Instrumental",https://ncsmusic.s3.eu-west-1.amazonaws.com/tracks/000/001/653/lost-my-love-1711587652-x2MazRS6o8.mp3,https://ncsmusic.s3.eu-west-1.amazonaws.com/tracks/000/001/653/100x100/lost-my-love-1711587650-eideDUfU5z.jpg
KHARMA,Christopher Damas,Trap,"Trap, Chasing, Dark, Eccentric, Fear, Heavy, Mysterious, Restless, Suspense, Weird",27 Mar 2024,"Regular, Instrumental",https://ncsmusic.s3.eu-west-1.amazonaws.com/tracks/000/001/652/kharma-1711501253-uFfiiDpAFO.mp3,https://ncsmusic.s3.eu-west-1.amazonaws.com/tracks/000/001/652/100x100/kharma-1711501251-SVtSQEWn00.jpg
Cruising,"Aisake, Dosi",Lofi Hip-Hop,"Lofi Hip-Hop, Dreamy, Elegant, Floating, Glamorous, Laid Back, Peaceful, relaxed",26 Mar 2024,Regular,https://ncsmusic.s3.eu-west-1.amazonaws.com/tracks/000/001/651/cruising-1711414854-uhB6wfB93z.mp3,https://ncsmusic.s3.eu-west-1.amazonaws.com/tracks/000/001/651/100x100/cruising-1711414850-od52vcP5Fn.jpg
Round n' Round,"Shiah Maisel, Clarx",Electronic Rock,"Electronic Rock, Chasing, Eccentric, Epic, Euphoric, Hopeful, Restless, Elegant",22 Mar 2024,"Regular, Instrumental",https://ncsmusic.s3.eu-west-1.amazonaws.com/tracks/000/001/650/round-n-round-1711069253-oOinB40dxM.mp3,https://ncsmusic.s3.eu-west-1.amazonaws.com/tracks/000/001/650/100x100/round-n-round-1711069252-PgFzZidJC3.jpg
AI,Max Brhon,Midtempo Bass,"Midtempo Bass, Angry, Chasing, Epic, Fear, Heavy, Mysterious, Restless, scary, Suspense",21 Mar 2024,"Regular, Instrumental",https://ncsmusic.s3.eu-west-1.amazonaws.com/tracks/000/001/649/ai-1710982853-7EiHpXX1oa.mp3,https://ncsmusic.s3.eu-west-1.amazonaws.com/tracks/000/001/649/100x100/ai-1710982850-96mG1KgKCF.jpg
I'm Not Ready,Low Mileage,Garage House,"Garage, Dreamy, Eccentric, Elegant, Euphoric, Floating, Glamorous, Happy, Hopeful, Laid Back, Quirky, relaxed",19 Mar 2024,"Regular, Instrumental",https://ncsmusic.s3.eu-west-1.amazonaws.com/tracks/000/001/648/im-not-ready-1710810050-E2GtSVizap.mp3,https://ncsmusic.s3.eu-west-1.amazonaws.com/tracks/000/001/648/100x100/im-not-ready-1710810048-2OURc7BOMe.jpg
Fell For A Demon,"LINKER, ROY KNOX",Melodic Dubstep,"Melodic Dubstep, Epic, Euphoric, Hopeful, Quirky, Restless, Sentimental",15 Mar 2024,"Regular, Instrumental",https://ncsmusic.s3.eu-west-1.amazonaws.com/tracks/000/001/647/fell-for-a-demon-1710464453-Oq4JdE5M7E.mp3,https://ncsmusic.s3.eu-west-1.amazonaws.com/tracks/000/001/647/100x100/fell-for-a-demon-1710464451-M6TQUSUTOh.jpg
On Your Mind,Ripple,Drum & Bass,"Drum & Bass, Chasing, Dreamy, Eccentric, Floating, Glamorous, Heavy, Mysterious, Quirky, Restless",14 Mar 2024,Regular,https://ncsmusic.s3.eu-west-1.amazonaws.com/tracks/000/001/646/1710413023_8BG50oyYKC_01-Ripple---On-Your-Mind-NCS-Release.mp3,https://ncsmusic.s3.eu-west-1.amazonaws.com/tracks/000/001/646/100x100/on-your-mind-1710378051-9tS0lIU1Xt.jpg
Stick Around You,JINXSPR0,Dance Pop,"Dance-Pop, Dreamy, Dark, Eccentric, Floating, Glamorous, Mysterious, Quirky, Restless, sad",12 Mar 2024,Regular,https://ncsmusic.s3.eu-west-1.amazonaws.com/tracks/000/001/645/stick-around-you-1710205254-COKaZYdJCa.mp3,https://ncsmusic.s3.eu-west-1.amazonaws.com/tracks/000/001/645/100x100/stick-around-you-1710205252-DG2hxzTYZ1.jpg
Karma,Ariadne,Alternative Pop,"Alternative Pop, Chasing, Elegant, Eccentric, Quirky, Restless, Sexy, Suspense",8 Mar 2024,"Regular, Instrumental",https://ncsmusic.s3.eu-west-1.amazonaws.com/tracks/000/001/643/karma-1709859653-fjvkja0j31.mp3,https://ncsmusic.s3.eu-west-1.amazonaws.com/tracks/000/001/643/100x100/karma-1709859652-YtrQEhSzIV.jpg
pretty afternoon,Andrah,Drum & Bass,"Drum & Bass, Dreamy, Elegant, Euphoric, Floating, Glamorous, Happy, Laid Back, Hopeful, romantic, Sexy, Sentimental",8 Mar 2024,"Regular, Instrumental",https://ncsmusic.s3.eu-west-1.amazonaws.com/tracks/000/001/644/pretty-afternoon-1709859660-YMGngjKnpJ.mp3,https://ncsmusic.s3.eu-west-1.amazonaws.com/tracks/000/001/644/100x100/pretty-afternoon-1709859658-TKAtqZGQtZ.jpg
Only The Fallen,Zeli,"Techno, Pop, Electronic, Tech House","Techno, Pop, Electronic, Tech House, Dreamy, Eccentric, Elegant, Glamorous, Mysterious, Restless, romantic, Sentimental",7 Mar 2024,Regular,https://ncsmusic.s3.eu-west-1.amazonaws.com/tracks/000/001/642/only-the-fallen-1709773265-8PbAKzv7oS.mp3,https://ncsmusic.s3.eu-west-1.amazonaws.com/tracks/000/001/642/100x100/only-the-fallen-1709773263-KHO9GNy2BK.jpg
Galactic,"Sebotage, Natty Lou",Drum & Bass,"Drum & Bass, Chasing, Dark, Heavy, Mysterious, Quirky, Restless, scary, Suspense",5 Mar 2024,Regular,https://ncsmusic.s3.eu-west-1.amazonaws.com/tracks/000/001/641/galactic-1709600455-wBmGblKE0G.mp3,https://ncsmusic.s3.eu-west-1.amazonaws.com/tracks/000/001/641/100x100/galactic-1709600452-97AdF9HOkL.jpg
"Got A Feeling (feat. Malou, NOËP)","NOËP, Soundy, Malou, Raul Ojamaa",Garage,"Garage, Dreamy, Elegant, Euphoric, Floating, Laid Back, Mysterious, Quirky",1 Mar 2024,Regular,https://ncsmusic.s3.eu-west-1.amazonaws.com/tracks/000/001/639/got-a-feeling-feat-malou-noep-1709254856-UD2hS1ZHJ1.mp3,https://ncsmusic.s3.eu-west-1.amazonaws.com/tracks/000/001/639/100x100/got-a-feeling-feat-malou-noep-1709254853-7Sv3EnPyY5.jpg
UFO,Rameses B,Drum & Bass,"Drum & Bass, Dark, Dreamy, Fear, Mysterious, Quirky, Restless, Suspense",1 Mar 2024,Regular,https://ncsmusic.s3.eu-west-1.amazonaws.com/tracks/000/001/640/ufo-1709254860-vWsaPJnkl4.mp3,https://ncsmusic.s3.eu-west-1.amazonaws.com/tracks/000/001/640/100x100/ufo-1709254858-gvdiXtOsa2.jpg
Move Your Body,3rd Prototype,Techno,"Techno, Angry, Chasing, Dark, Fear, Heavy, Mysterious, Restless",29 Feb 2024,Regular,https://ncsmusic.s3.eu-west-1.amazonaws.com/tracks/000/001/638/move-your-body-1709168454-G3pFRX5Mgi.mp3,https://ncsmusic.s3.eu-west-1.amazonaws.com/tracks/000/001/638/100x100/move-your-body-1709168452-GJVS4yFcDC.jpg
apart,sumu,Lofi Hip-Hop,"Lofi Hip-Hop, Dreamy, Elegant, Funny, Glamorous, Laid Back, relaxed, Sexy",27 Feb 2024,Regular,https://ncsmusic.s3.eu-west-1.amazonaws.com/tracks/000/001/637/apart-1709042451-qSDrTgtz4E.mp3,https://ncsmusic.s3.eu-west-1.amazonaws.com/tracks/000/001/637/100x100/apart-1709042448-cHjDRS4shH.jpg
Set Me Free,"Primate, T & Sugah",Drum & Bass,"Drum & Bass, Chasing, Eccentric, Epic, Euphoric, Heavy, Mysterious, Restless, Suspense",23 Feb 2024,Regular,https://ncsmusic.s3.eu-west-1.amazonaws.com/tracks/000/001/635/set-me-free-1708650052-FNdbie1cAT.mp3,https://ncsmusic.s3.eu-west-1.amazonaws.com/tracks/000/001/635/100x100/set-me-free-1708650050-VlZzSNUjuq.jpg
Left With Nothing,"Clarx, Shiah Maisel",Electronic Rock,"Electronic Rock, Dreamy, Elegant, Euphoric, Epic, Floating, Glamorous, Mysterious, Sentimental, Suspense",23 Feb 2024,"Regular, Instrumental",https://ncsmusic.s3.eu-west-1.amazonaws.com/tracks/000/001/636/left-with-nothing-1708650056-6iaQQxWr07.mp3,https://ncsmusic.s3.eu-west-1.amazonaws.com/tracks/000/001/636/100x100/left-with-nothing-1708650054-3Vp6P5Y30Q.jpg
Romeo and Juliet,"SadBois, Manno",Electronic Rock,"Electronic Rock, Hopeful, romantic, sad, Heavy, Dark",22 Feb 2024,"Regular, Instrumental",https://ncsmusic.s3.eu-west-1.amazonaws.com/tracks/000/001/634/romeo-and-juliet-1708563649-N7kM0rw8wv.mp3,https://ncsmusic.s3.eu-west-1.amazonaws.com/tracks/000/001/634/100x100/romeo-and-juliet-1708563647-PG4KOMoLYC.jpg
BROKEN,Trinist,Electronic Pop,"Electronic Pop, Eccentric, Epic, Heavy, Mysterious, Restless, Weird",20 Feb 2024,Regular,https://ncsmusic.s3.eu-west-1.amazonaws.com/tracks/000/001/633/broken-1708390856-KXXiClyjWT.mp3,https://ncsmusic.s3.eu-west-1.amazonaws.com/tracks/000/001/633/100x100/broken-1708390852-7ynVCwudY7.jpg
Sinner,Diamond Eyes,Electronic,"Electronic, Dreamy, Eccentric, Elegant, Euphoric, Floating, Hopeful, Quirky, romantic, Sentimental",16 Feb 2024,"Regular, Instrumental",https://ncsmusic.s3.eu-west-1.amazonaws.com/tracks/000/001/632/sinner-1708045251-oCAVq8ZKfE.mp3,https://ncsmusic.s3.eu-west-1.amazonaws.com/tracks/000/001/632/100x100/sinner-1708045250-XQmCrZu18k.jpg
Throne,"Tomatow, SagaB, Adam Putra",Midtempo Bass,"Midtempo Bass, Dark, Dreamy, Eccentric, Elegant, Heavy, Mysterious, Quirky, Restless, Suspense",15 Feb 2024,"Regular, Instrumental",https://ncsmusic.s3.eu-west-1.amazonaws.com/tracks/000/001/631/throne-1707958853-PCAwNM299B.mp3,https://ncsmusic.s3.eu-west-1.amazonaws.com/tracks/000/001/631/100x100/throne-1707958851-QIFDf7cMyz.jpg
Bass Face,Jonth,Drum & Bass,"Drum & Bass, Chasing, Dark, Eccentric, Fear, Heavy, Mysterious, Restless, scary, Suspense",13 Feb 2024,Regular,https://ncsmusic.s3.eu-west-1.amazonaws.com/tracks/000/001/630/bass-face-1707825657-Ch1iC2njIm.mp3,https://ncsmusic.s3.eu-west-1.amazonaws.com/tracks/000/001/630/100x100/bass-face-1707825654-BgjYBimfA2.jpg
Memory Box,ROY KNOX,Melodic Dubstep,"Melodic Dubstep, Dreamy, Eccentric, Elegant, Euphoric, Glamorous, Heavy, Quirky, Restless",9 Feb 2024,"Regular, Instrumental",https://ncsmusic.s3.eu-west-1.amazonaws.com/tracks/000/001/629/memory-box-1707480055-hrPo68mGFL.mp3,https://ncsmusic.s3.eu-west-1.amazonaws.com/tracks/000/001/629/100x100/memory-box-1707480053-enhmoHfncM.jpg
Alone,"SGAR, Blooom",Drum & Bass,"Drum & Bass, Dreamy, Dark, Suspense, Mysterious, Floating, Restless",8 Feb 2024,Regular,https://ncsmusic.s3.eu-west-1.amazonaws.com/tracks/000/001/627/1707389555_LU7IqYZ6YR_01-Blooom---Alone-Feat.-SGAR-NCS-Release.mp3,https://ncsmusic.s3.eu-west-1.amazonaws.com/tracks/000/001/627/100x100/alone-1707357659-QQUUAtb2Eh.jpg
Oh My Gawd,Crushed Candy,Trap,"Trap, Glamorous, Mysterious, Sexy, Weird",6 Feb 2024,Regular,https://ncsmusic.s3.eu-west-1.amazonaws.com/tracks/000/001/626/oh-my-gawd-1707181251-EF5wcXQo8R.mp3,https://ncsmusic.s3.eu-west-1.amazonaws.com/tracks/000/001/626/100x100/oh-my-gawd-1707181249-Jl1tI0gMkM.jpg
Burning Wish,"Roniit, Naeleck",Deep house,"Deep House, Dreamy, Elegant, Glamorous, Sexy, Dark",2 Feb 2024,Regular,https://ncsmusic.s3.eu-west-1.amazonaws.com/tracks/000/001/625/burning-wish-1706835653-MAmBzfDT4e.mp3,https://ncsmusic.s3.eu-west-1.amazonaws.com/tracks/000/001/625/100x100/burning-wish-1706835651-GOLoVxB4sd.jpg
BUSSIN',TWISTED,Brazilian Phonk,"Brazilian Phonk, Dark, Eccentric, Fear, Heavy, Mysterious, Quirky, Restless, scary, Suspense, Weird",1 Feb 2024,Regular,https://ncsmusic.s3.eu-west-1.amazonaws.com/tracks/000/001/624/bussin-1706749253-28jdJXoodH.mp3,https://ncsmusic.s3.eu-west-1.amazonaws.com/tracks/000/001/624/100x100/bussin-1706749252-9cxH9hHRxn.jpg
Late At Night,"VIDE, CiDE",Deep house,"Deep House, Dreamy, Dark, Elegant, Floating, Mysterious, Quirky",31 Jan 2024,"Regular, Instrumental",https://ncsmusic.s3.eu-west-1.amazonaws.com/tracks/000/001/623/late-at-night-1706662853-aINA6EMNDg.mp3,https://ncsmusic.s3.eu-west-1.amazonaws.com/tracks/000/001/623/100x100/late-at-night-1706662851-uJD6Rf12TJ.jpg
The Rocks,Maze,Drum & Bass,"Drum & Bass, Chasing, Dark, Dreamy, Eccentric, Mysterious, Quirky, Restless, Suspense",30 Jan 2024,Regular,https://ncsmusic.s3.eu-west-1.amazonaws.com/tracks/000/001/622/the-rocks-1706576734-0wGECJC1Iw.mp3,https://ncsmusic.s3.eu-west-1.amazonaws.com/tracks/000/001/622/100x100/1706609158_nIbDbGiBJY_final.jpg
Keep You,Rameses B,Phonk,"Phonk, Dreamy, Eccentric, Elegant, Euphoric, Floating, Glamorous, Mysterious, romantic, Sentimental, Sexy",26 Jan 2024,Regular,https://ncsmusic.s3.eu-west-1.amazonaws.com/tracks/000/001/620/keep-you-1706230855-mfsReCzYb4.mp3,https://ncsmusic.s3.eu-west-1.amazonaws.com/tracks/000/001/620/100x100/keep-you-1706230852-hCEJlZ6bwU.jpg
Set You Free (VERCU Remix),"VERCU, Siimi",Neurofunk,"Neurofunk, Chasing, Dark, Angry, Restless, energetic, Fear",26 Jan 2024,Regular,https://ncsmusic.s3.eu-west-1.amazonaws.com/tracks/000/001/621/set-you-free-vercu-remix-1706230857-3p4AJ0Jqdk.mp3,https://ncsmusic.s3.eu-west-1.amazonaws.com/tracks/000/001/621/100x100/1706277481_HVuOwWq8w6_Set-you-free-remix-Final.jpg
Calling Out Your Name,"Lottie Jones, Tom Wigley, MANIA",Liquid DnB,"Liquid DnB, Dreamy, Elegant, Euphoric, Floating, Glamorous, Hopeful, Laid Back, relaxed, romantic, Sentimental, Sexy",25 Jan 2024,"Regular, Instrumental",https://ncsmusic.s3.eu-west-1.amazonaws.com/tracks/000/001/619/calling-out-your-name-1706144455-RyY8iDxgOi.mp3,https://ncsmusic.s3.eu-west-1.amazonaws.com/tracks/000/001/619/100x100/calling-out-your-name-1706144452-riOT7eV8BQ.jpg
SUN,KEELA,Drum & Bass,"Drum & Bass, Chasing, Eccentric, Heavy, Mysterious, Quirky, Restless",24 Jan 2024,Regular,https://ncsmusic.s3.eu-west-1.amazonaws.com/tracks/000/001/618/sun-1706058053-p5vxL6BDnj.mp3,https://ncsmusic.s3.eu-west-1.amazonaws.com/tracks/000/001/618/100x100/sun-1706058050-qj9RNmhe7k.jpg
Never Let You Down,Itro,Drum & Bass,"Drum & Bass, Dreamy, Elegant, Euphoric, Glamorous, Happy, romantic, Sentimental",23 Jan 2024,Regular,https://ncsmusic.s3.eu-west-1.amazonaws.com/tracks/000/001/617/never-let-you-down-1705971656-EkMy6Tiul8.mp3,https://ncsmusic.s3.eu-west-1.amazonaws.com/tracks/000/001/617/100x100/never-let-you-down-1705971653-UeAHoQ2znF.jpg
Pull Me In,"M.I.M.E, Shiah Maisel, Clarx",Alternative Dance,"Alternative Dance, Dark, Eccentric, Elegant, Mysterious, Quirky, Restless, Sentimental, Suspense",19 Jan 2024,"Regular, Instrumental",https://ncsmusic.s3.eu-west-1.amazonaws.com/tracks/000/001/616/pull-me-in-1705626053-rdNP9FbAW5.mp3,https://ncsmusic.s3.eu-west-1.amazonaws.com/tracks/000/001/616/100x100/1705921254_WqMGpW5Ncb_new.jpg
who am I?,yanvince,Ambient,"Ambient, Floating, Mysterious, Suspense, Weird, Sentimental, Dreamy",18 Jan 2024,Regular,https://ncsmusic.s3.eu-west-1.amazonaws.com/tracks/000/001/607/who-am-i-1705539655-JiPqSNavUN.mp3,https://ncsmusic.s3.eu-west-1.amazonaws.com/tracks/000/001/607/100x100/who-am-i-1705539653-TJDFac3KcJ.jpg
realise,yanvince,Alternative Pop,"Alternative Pop, Dreamy, Hopeful, Laid Back, Mysterious, Quirky, Restless, sad, Sentimental",18 Jan 2024,Regular,https://ncsmusic.s3.eu-west-1.amazonaws.com/tracks/000/001/608/realise-1705539658-PuXroNvE4R.mp3,https://ncsmusic.s3.eu-west-1.amazonaws.com/tracks/000/001/608/100x100/realise-1705539656-x1rKlzAbmo.jpg
think about,yanvince,Alternative Pop,"Alternative Pop, Eccentric, Elegant, Glamorous, Hopeful, Quirky, romantic, Sentimental, Sexy",18 Jan 2024,Regular,https://ncsmusic.s3.eu-west-1.amazonaws.com/tracks/000/001/609/think-about-1705539662-kqIxwo4iKl.mp3,https://ncsmusic.s3.eu-west-1.amazonaws.com/tracks/000/001/609/100x100/think-about-1705539660-kUq3kgnxTM.jpg
midnight feelings,yanvince,Anti-Pop,"Anti-Pop, Dreamy, Eccentric, Euphoric, Glamorous, Laid Back, Mysterious, romantic, Sentimental, Sexy",18 Jan 2024,Regular,https://ncsmusic.s3.eu-west-1.amazonaws.com/tracks/000/001/610/midnight-feelings-1705539666-3fy14VjSAA.mp3,https://ncsmusic.s3.eu-west-1.amazonaws.com/tracks/000/001/610/100x100/midnight-feelings-1705539664-UvVZP5sRPR.jpg
misunderstood,yanvince,Anti-Pop,"Anti-Pop, Epic, Floating, Mysterious, sad, scary",18 Jan 2024,Regular,https://ncsmusic.s3.eu-west-1.amazonaws.com/tracks/000/001/611/misunderstood-1705539669-mSmsygT3nX.mp3,https://ncsmusic.s3.eu-west-1.amazonaws.com/tracks/000/001/611/100x100/misunderstood-1705539667-bYSpaXS7T4.jpg
hyperactive,yanvince,Alternative Pop,"Alternative Pop, Dreamy, Mysterious, Eccentric, sad, romantic, Sentimental",18 Jan 2024,Regular,https://ncsmusic.s3.eu-west-1.amazonaws.com/tracks/000/001/612/hyperactive-1705539673-rSOkNXjmOO.mp3,https://ncsmusic.s3.eu-west-1.amazonaws.com/tracks/000/001/612/100x100/hyperactive-1705539671-vwDYcFQETH.jpg
i will be ok,yanvince,Anti-Pop,"Anti-Pop, Eccentric, Elegant, Dreamy, Floating, Glamorous, sad, Sentimental",18 Jan 2024,Regular,https://ncsmusic.s3.eu-west-1.amazonaws.com/tracks/000/001/613/i-will-be-ok-1705539678-nEoVrMZqCc.mp3,https://ncsmusic.s3.eu-west-1.amazonaws.com/tracks/000/001/613/100x100/i-will-be-ok-1705539676-06bP22B49Y.jpg
feel it,yanvince,Alternative Pop,"Alternative Pop, Dreamy, Elegant, Floating, Glamorous, Laid Back, Sentimental",18 Jan 2024,Regular,https://ncsmusic.s3.eu-west-1.amazonaws.com/tracks/000/001/614/feel-it-1705539682-pvTErgWU0g.mp3,https://ncsmusic.s3.eu-west-1.amazonaws.com/tracks/000/001/614/100x100/feel-it-1705539680-mRVok2pn4i.jpg
Calling For You (Morty Remix),"Morty, Venjent",Drum & Bass,"Drum & Bass, Chasing, Epic, Mysterious, Quirky, Restless",17 Jan 2024,Regular,https://ncsmusic.s3.eu-west-1.amazonaws.com/tracks/000/001/605/1706693643_nP7wecZIPW_01-Venjent-x-Oktae---Calling-For-You-Morty-Remix-NCS-Release.mp3,https://ncsmusic.s3.eu-west-1.amazonaws.com/tracks/000/001/605/100x100/calling-for-you-morty-remix-1705453255-kWjSiuzPZo.jpg
Moon Farewell,"Wiguez, Alltair, Josh Levoid, P-One",Liquid,"Liquid DnB, Mysterious, Elegant, Euphoric, Dark, Laid Back, Floating, Suspense, Dreamy, Peaceful, relaxed",17 Jan 2024,Regular,https://ncsmusic.s3.eu-west-1.amazonaws.com/tracks/000/001/606/the-noise-will-get-us-home-1705453260-AfW1gCv1Ks.mp3,https://ncsmusic.s3.eu-west-1.amazonaws.com/tracks/000/001/606/100x100/the-noise-will-get-us-home-1705453258-GgqOrsVg56.jpg
Love U,intouch,Garage House,"Garage, Dreamy, Euphoric, Glamorous, Laid Back, Mysterious, Peaceful, Quirky, relaxed, Restless, romantic, Suspense, Chasing, Eccentric, Elegant, Floating, Sentimental",16 Jan 2024,Regular,https://ncsmusic.s3.eu-west-1.amazonaws.com/tracks/000/001/604/keep-1705366857-cPqrC9MbDm.mp3,https://ncsmusic.s3.eu-west-1.amazonaws.com/tracks/000/001/604/100x100/keep-1705366855-kCazOQyQh2.jpg
I Like It With You,Daniel Levi,Dance Pop,"Dance-Pop, relaxed, Funny, Happy, Dreamy",12 Jan 2024,Regular,https://ncsmusic.s3.eu-west-1.amazonaws.com/tracks/000/001/602/i-like-it-with-you-1705021253-5v1bZv6VfF.mp3,https://ncsmusic.s3.eu-west-1.amazonaws.com/tracks/000/001/602/100x100/i-like-it-with-you-1705021252-rYThEJ9s7A.jpg
Unbreakable,"Chris Linton, ANGELPLAYA, Lost Sky",Midtempo Bass,"Midtempo Bass, Chasing, Dreamy, Epic, Euphoric, Floating, Hopeful, Mysterious, Restless",12 Jan 2024,"Regular, Instrumental",https://ncsmusic.s3.eu-west-1.amazonaws.com/tracks/000/001/603/unbreakable-1705021259-O7arNLT8Nl.mp3,https://ncsmusic.s3.eu-west-1.amazonaws.com/tracks/000/001/603/100x100/unbreakable-1705021258-ylscbmruue.jpg
Don't Stay,NGO,Dance Pop,"Dance-Pop, energetic, Epic, Euphoric, Hopeful, Restless",11 Jan 2024,"Regular, Instrumental",https://ncsmusic.s3.eu-west-1.amazonaws.com/tracks/000/001/601/dont-stay-1704934851-zQtgjDlDI6.mp3,https://ncsmusic.s3.eu-west-1.amazonaws.com/tracks/000/001/601/100x100/1704967625_DgryNWWoMq_final.jpg
I Like It,"Fame Sounds, P for Parker, Defx",Disco House,"Disco House, Dreamy, Euphoric, Floating, Hopeful, Peaceful, romantic",10 Jan 2024,"Regular, Instrumental",https://ncsmusic.s3.eu-west-1.amazonaws.com/tracks/000/001/600/i-like-it-1704848453-pqjxA1T5DR.mp3,https://ncsmusic.s3.eu-west-1.amazonaws.com/tracks/000/001/600/100x100/i-like-it-1704848451-rX4LRL6wwU.jpg
Alright,"Sync, Avi Snow, Marky Style",Indie Dance,"Indie Dance, Dreamy, Euphoric, Floating, Hopeful, Peaceful, romantic",9 Jan 2024,"Regular, Instrumental",https://ncsmusic.s3.eu-west-1.amazonaws.com/tracks/000/001/599/alright-1704762055-uy0Phz4ri2.mp3,https://ncsmusic.s3.eu-west-1.amazonaws.com/tracks/000/001/599/100x100/alright-1704762053-wZAgw5fmSl.jpg
Lies,Diamond Eyes,Future Trap,"Future Trap, Dark, Dreamy, Eccentric, Floating, Mysterious, Quirky, sad, Weird",5 Jan 2024,"Regular, Instrumental",https://ncsmusic.s3.eu-west-1.amazonaws.com/tracks/000/001/598/lies-1704416454-qVu72dbBzw.mp3,https://ncsmusic.s3.eu-west-1.amazonaws.com/tracks/000/001/598/100x100/lies-1704416452-ds563I11YX.jpg
Sunrise,"More Plastic, Halvorsen",Drum & Bass,"Drum & Bass, Chasing, Elegant, Epic, Euphoric, Glamorous, Hopeful, Quirky, Restless",4 Jan 2024,Regular,https://ncsmusic.s3.eu-west-1.amazonaws.com/tracks/000/001/597/sunrise-1704330058-FvGbaFlS3X.mp3,https://ncsmusic.s3.eu-west-1.amazonaws.com/tracks/000/001/597/100x100/sunrise-1704330056-GgCGdSAsOs.jpg
WHAT,Jonth,Jump-Up,"Jump-Up, Chasing, Dark, Quirky, Restless, Suspense, Weird",2 Jan 2024,Regular,https://ncsmusic.s3.eu-west-1.amazonaws.com/tracks/000/001/596/what-1704157258-juXSPCDvJP.mp3,https://ncsmusic.s3.eu-west-1.amazonaws.com/tracks/000/001/596/100x100/what-1704157256-ojNDnwoe0u.jpg
Vienna (feat. PhiloSofie),"James Mercy, PhiloSofie","Electronic Rock, Trap","Electronic Rock, Trap, Angry, Dark, Epic, Glamorous, Sexy, Mysterious, Heavy, Elegant",29 Dec 2023,"Regular, Instrumental",https://ncsmusic.s3.eu-west-1.amazonaws.com/tracks/000/001/595/1703857333_NOc8qBIT2u_01-James-Mercy---Vienna-feat.-PhiloSofie-NCS-Release.mp3,https://ncsmusic.s3.eu-west-1.amazonaws.com/tracks/000/001/595/100x100/vienna-feat-philosofie-1703811650-qWKxIlZaMp.jpg
FAVHELLA (feat. Mc Guidanny),"Mc Guidanny, T-Mass, ANGELPLAYA",Brazilian Phonk,"Brazilian Phonk, Angry, Dark, Heavy, Quirky, Restless",28 Dec 2023,"Regular, Instrumental",https://ncsmusic.s3.eu-west-1.amazonaws.com/tracks/000/001/594/favhella-feat-mc-guidanny-1703725263-N9a3Vt873v.mp3,https://ncsmusic.s3.eu-west-1.amazonaws.com/tracks/000/001/594/100x100/favhella-feat-mc-guidanny-1703725251-STPIMWvcBM.jpg
Morning Drift,Rameses B,Liquid,"Liquid DnB, Dreamy, Euphoric, Floating, Mysterious",26 Dec 2023,Regular,https://ncsmusic.s3.eu-west-1.amazonaws.com/tracks/000/001/593/morning-drift-1703552453-gnAI12OX2N.mp3,https://ncsmusic.s3.eu-west-1.amazonaws.com/tracks/000/001/593/100x100/morning-drift-1703552451-gbzd0KHYjj.jpg
Done Better (feat. AViVA),"AViVA, Clarx, Shiah Maisel",Electronic Rock,"Electronic Rock, Angry, Epic, Heavy, Restless, sad",22 Dec 2023,"Regular, Instrumental",https://ncsmusic.s3.eu-west-1.amazonaws.com/tracks/000/001/592/done-better-feat-aviva-1703206853-Mq7QhrWwjX.mp3,https://ncsmusic.s3.eu-west-1.amazonaws.com/tracks/000/001/592/100x100/done-better-feat-aviva-1703206851-VDhoVEywwk.jpg
Time With You (feat. RVLE),"RVLE, Tollef",Dance Pop,"Dance-Pop, Dreamy, Elegant, Euphoric, Glamorous, Happy, romantic, Sexy",21 Dec 2023,"Regular, Instrumental",https://ncsmusic.s3.eu-west-1.amazonaws.com/tracks/000/001/590/time-with-you-feat-rvle-1703120452-RSoCx30N8V.mp3,https://ncsmusic.s3.eu-west-1.amazonaws.com/tracks/000/001/590/100x100/time-with-you-feat-rvle-1703120450-NLUmNDqcEK.jpg
Shadow Of Ages,"Wiguez, Ric Waves",Liquid,"Liquid DnB, Laid Back, Floating, Suspense",21 Dec 2023,Regular,https://ncsmusic.s3.eu-west-1.amazonaws.com/tracks/000/001/591/shadow-of-ages-1703156453-S71C7jo2jY.mp3,https://ncsmusic.s3.eu-west-1.amazonaws.com/tracks/000/001/591/100x100/shadow-of-ages-1703156451-lf0TffFc86.jpg
EVERYTIME I SEE YOUR FACE,Sam Day,Garage House,"Garage, Dreamy, energetic, Glamorous, Restless, sad",19 Dec 2023,Regular,https://ncsmusic.s3.eu-west-1.amazonaws.com/tracks/000/001/586/everytime-i-see-your-face-1702947653-NImycqszee.mp3,https://ncsmusic.s3.eu-west-1.amazonaws.com/tracks/000/001/586/100x100/everytime-i-see-your-face-1702947650-KjRvGCoSLU.jpg
GO,Sam Day,Garage House,"Garage, Dreamy, Euphoric, Happy, Laid Back, Peaceful, relaxed",19 Dec 2023,Regular,https://ncsmusic.s3.eu-west-1.amazonaws.com/tracks/000/001/587/1702990081_Gq4oxNtYBu_1.-Sam-Day---GO-YYYYY.mp3,https://ncsmusic.s3.eu-west-1.amazonaws.com/tracks/000/001/587/100x100/go-1702947655-MWgvb3JNE3.jpg
18:28 OUTBOUND,Sam Day,Garage House,"Garage, Dreamy, Euphoric, Happy, Hopeful, relaxed",19 Dec 2023,Regular,https://ncsmusic.s3.eu-west-1.amazonaws.com/tracks/000/001/588/1702990065_zF14Hh0mEk_6.-Sam-Day---1828-OUTBOUND.mp3,https://ncsmusic.s3.eu-west-1.amazonaws.com/tracks/000/001/588/100x100/1828-outbound-1702947658-ST2752S5ok.jpg
For You (ft. Snnr),"T & Sugah, Snnr",Drum & Bass,"Drum & Bass, Dreamy, Happy, Hopeful, Peaceful, romantic",15 Dec 2023,Regular,https://ncsmusic.s3.eu-west-1.amazonaws.com/tracks/000/001/585/for-you-ft-snnr-1702641653-wyieUUK5ik.mp3,https://ncsmusic.s3.eu-west-1.amazonaws.com/tracks/000/001/585/100x100/for-you-ft-snnr-1702641651-xvGbT00Eja.jpg
triple no,yanvince,"Electronic, Pop","Electronic, Pop, Dark, Fear, Mysterious, Weird",14 Dec 2023,Regular,https://ncsmusic.s3.eu-west-1.amazonaws.com/tracks/000/001/582/triple-no-1702551651-1S59sasB7E.mp3,https://ncsmusic.s3.eu-west-1.amazonaws.com/tracks/000/001/582/100x100/triple-no-1702551649-Itmcwr9bkd.jpg
What's The Problem?,OSKI,"Electronic, Pop","Electronic, Pop, Funny, Glamorous, Happy, Hopeful, romantic, Sexy",14 Dec 2023,Regular,https://ncsmusic.s3.eu-west-1.amazonaws.com/tracks/000/001/583/whats-the-problem-1702551656-evxTC7URyG.mp3,https://ncsmusic.s3.eu-west-1.amazonaws.com/tracks/000/001/583/100x100/whats-the-problem-1702551653-S6dwHsSBAg.jpg
Nocturnal,Hyri,Trap,"Trap, Euphoric, Happy, Mysterious, Quirky, Restless, Suspense",13 Dec 2023,Regular,https://ncsmusic.s3.eu-west-1.amazonaws.com/tracks/000/001/584/1702554106_sVHnbzXkvX_01-Hyri---Nocturnal-Arcade-Release.mp3,https://ncsmusic.s3.eu-west-1.amazonaws.com/tracks/000/001/584/100x100/1702554106_Rsgy9kjxMS_final.jpg
Heart My Heart,intouch,"Electronic, UKG","Electronic, UKG, Dreamy, Euphoric, Glamorous, Peaceful, romantic",12 Dec 2023,Regular,https://ncsmusic.s3.eu-west-1.amazonaws.com/tracks/000/001/581/heart-my-heart-1702342852-bgXrAUrUMT.mp3,https://ncsmusic.s3.eu-west-1.amazonaws.com/tracks/000/001/581/100x100/heart-my-heart-1702342850-8xXwkVZbO4.jpg
Reason (ft. Remy Night),"MANIA, Remy Night",Drum & Bass,"Drum & Bass, Dreamy, Euphoric, Laid Back, Peaceful",8 Dec 2023,"Regular, Instrumental",https://ncsmusic.s3.eu-west-1.amazonaws.com/tracks/000/001/580/reason-ft-remy-night-1701997257-LjwZSYM81L.mp3,https://ncsmusic.s3.eu-west-1.amazonaws.com/tracks/000/001/580/100x100/1702030787_hM3X701gJd_final.jpg
Clockwork,"Jnathyn, Bryan Andrew Medina",Midtempo,"Midtempo Bass, Epic, Mysterious, Dark, Dreamy",7 Dec 2023,"Regular, Instrumental",https://ncsmusic.s3.eu-west-1.amazonaws.com/tracks/000/001/579/clockwork-1701950447-ICcxXsGRpl.mp3,https://ncsmusic.s3.eu-west-1.amazonaws.com/tracks/000/001/579/100x100/1701955407_lCVcMoLYlJ_clockwork-final-cover.png.jpeg
No Way (with Avi Snow),"BIMINI, Avi Snow","Chill, Electronic","Chill, Electronic, Dreamy, Glamorous, Peaceful",5 Dec 2023,"Regular, Instrumental",https://ncsmusic.s3.eu-west-1.amazonaws.com/tracks/000/001/575/no-way-with-avi-snow-1701738051-ycX7Pmg8AZ.mp3,https://ncsmusic.s3.eu-west-1.amazonaws.com/tracks/000/001/575/100x100/1701781179_FHGSNgDVjG_nwv3.png
Gone For Good,"Rival, Jim Yosef, Alaina Cross",Melodic Dubstep,"Melodic Dubstep, energetic, Epic, Quirky, Restless, Dark",1 Dec 2023,"Regular, Instrumental",https://ncsmusic.s3.eu-west-1.amazonaws.com/tracks/000/001/573/rival-jim-yosef-alaina-cross-1701424856-ugduvOQs47.mp3,https://ncsmusic.s3.eu-west-1.amazonaws.com/tracks/000/001/573/100x100/rival-jim-yosef-alaina-cross-1701424852-JFYDaLCAlQ.jpg
All I Need (feat. Karl Killing),"Karl Killing, Ariadne",Drum & Bass,"Drum & Bass, Dreamy, energetic, Epic, Euphoric",30 Nov 2023,"Regular, Instrumental",https://ncsmusic.s3.eu-west-1.amazonaws.com/tracks/000/001/572/1701342050_FM0DKdipbn_01-Ariadne---All-I-Need-feat.-Karl-Killing-NCS-Release.mp3,https://ncsmusic.s3.eu-west-1.amazonaws.com/tracks/000/001/572/100x100/1701342050_JH2DEXM56b_All-I-need-final.jpg
Hold On Me,Raul Ojamaa,Electronic,"Electronic, Funny, Glamorous, Happy, Quirky",28 Nov 2023,"Regular, Instrumental",https://ncsmusic.s3.eu-west-1.amazonaws.com/tracks/000/001/571/hold-on-me-1701133254-hRfU0GI1Hi.mp3,https://ncsmusic.s3.eu-west-1.amazonaws.com/tracks/000/001/571/100x100/hold-on-me-1701133252-S7nAKiy5rW.jpg
Give Up,"Shiah Maisel, Clarx",Electronic,"Electronic, Dark, Epic, Restless",24 Nov 2023,Regular,https://ncsmusic.s3.eu-west-1.amazonaws.com/tracks/000/001/570/give-up-1700787656-zACCNONFPW.mp3,https://ncsmusic.s3.eu-west-1.amazonaws.com/tracks/000/001/570/100x100/give-up-1700787655-XPfapMlVlW.jpg
VBM (Ft. P-One),"Wiguez, P-One",Drum & Bass,"Drum & Bass, Glamorous, energetic, Quirky, Restless, Sexy",23 Nov 2023,Regular,https://ncsmusic.s3.eu-west-1.amazonaws.com/tracks/000/001/569/vbm-ft-p-one-1700701258-kKadaUkjVZ.mp3,https://ncsmusic.s3.eu-west-1.amazonaws.com/tracks/000/001/569/100x100/vbm-ft-p-one-1700701255-hS3lZ8xuMS.jpg
GODSLAYER,1$K1,Phonk,"Phonk, Dark, energetic, Gloomy, Mysterious, Restless, Suspense, Weird, Fear",21 Nov 2023,Regular,https://ncsmusic.s3.eu-west-1.amazonaws.com/tracks/000/001/568/godslayer-1700528457-BXPLSAH3aQ.mp3,https://ncsmusic.s3.eu-west-1.amazonaws.com/tracks/000/001/568/100x100/godslayer-1700528454-rTWxGyR4Bq.jpg
Time Of Our Lives,MANIA,Drum & Bass,"Drum & Bass, energetic, Euphoric, Quirky, Restless, sad, romantic",17 Nov 2023,Regular,https://ncsmusic.s3.eu-west-1.amazonaws.com/tracks/000/001/567/time-of-our-lives-1700182858-DAMkHwCXYN.mp3,https://ncsmusic.s3.eu-west-1.amazonaws.com/tracks/000/001/567/100x100/time-of-our-lives-1700182856-QsylCI53oZ.png
las fallas,yanvince,House,"House, energetic, Glamorous, Happy, Quirky, Restless, romantic, Sexy",16 Nov 2023,Regular,https://ncsmusic.s3.eu-west-1.amazonaws.com/tracks/000/001/566/las-fallas-1700096450-aOS1YMlXVu.mp3,https://ncsmusic.s3.eu-west-1.amazonaws.com/tracks/000/001/566/100x100/las-fallas-1700096448-XTo4hzuQZQ.jpg
Baby Sweet,intouch,House,"House, Dreamy, energetic, Euphoric, romantic, Sexy, Peaceful",14 Nov 2023,Regular,https://ncsmusic.s3.eu-west-1.amazonaws.com/tracks/000/001/565/baby-sweet-1699923653-5uljk6xJ24.mp3,https://ncsmusic.s3.eu-west-1.amazonaws.com/tracks/000/001/565/100x100/baby-sweet-1699923651-ffzadcXrD3.jpg
Karma,Alaina Cross,"Pop, Electronic","Pop, Electronic, Dark, energetic, Epic, Glamorous, Quirky",10 Nov 2023,"Regular, Instrumental",https://ncsmusic.s3.eu-west-1.amazonaws.com/tracks/000/001/564/karma-1699578053-M8wfhj548e.mp3,https://ncsmusic.s3.eu-west-1.amazonaws.com/tracks/000/001/564/100x100/karma-1699578050-oMEcQ9p5Gw.jpg
Are You With Me,PLVTO,Electronic,"Electronic, Dreamy, Euphoric, Mysterious, Peaceful, Laid Back, relaxed",9 Nov 2023,Regular,https://ncsmusic.s3.eu-west-1.amazonaws.com/tracks/000/001/563/are-you-with-me-1699491656-2tcxuRMYGA.mp3,https://ncsmusic.s3.eu-west-1.amazonaws.com/tracks/000/001/563/100x100/are-you-with-me-1699491653-5yeDnHgCF1.jpg
RPM,JOXION,Future House,"Future House, Angry, Dark, energetic, Mysterious, Quirky, Restless",8 Nov 2023,"Regular, Instrumental",https://ncsmusic.s3.eu-west-1.amazonaws.com/tracks/000/001/562/rpm-1699405252-VR7v2DfNbJ.mp3,https://ncsmusic.s3.eu-west-1.amazonaws.com/tracks/000/001/562/100x100/rpm-1699405250-z0QO0QBzzN.jpg
BABY,Sam Day,House,"House, Dreamy, Euphoric, Happy, Hopeful, Peaceful, relaxed",7 Nov 2023,Regular,https://ncsmusic.s3.eu-west-1.amazonaws.com/tracks/000/001/561/baby-1699318850-ZtR7u0YD5R.mp3,https://ncsmusic.s3.eu-west-1.amazonaws.com/tracks/000/001/561/100x100/baby-1699318848-w5J5vqv4Pe.png
Sold Dreams,"Slowboy, Rizó, NØCTRIS",Phonk,"Phonk, Dark, energetic, Mysterious, Restless, Suspense, Angry",3 Nov 2023,Regular,https://ncsmusic.s3.eu-west-1.amazonaws.com/tracks/000/001/560/sold-dreams-1698973251-938RKo7KiX.mp3,https://ncsmusic.s3.eu-west-1.amazonaws.com/tracks/000/001/560/100x100/sold-dreams-1698973248-DWk0N0o7XC.jpg
AKTIV,"4URA, VinDon",Bass House,"Bass House, energetic, Epic, Restless, Euphoric, Quirky",2 Nov 2023,Regular,https://ncsmusic.s3.eu-west-1.amazonaws.com/tracks/000/001/559/aktiv-1698886854-uBxD5BMO42.mp3,https://ncsmusic.s3.eu-west-1.amazonaws.com/tracks/000/001/559/100x100/aktiv-1698886851-3egN3JBGq9.jpg
Devil,Diamond Eyes,Electronic,"Electronic, Dark, Epic, Restless, Angry, scary",31 Oct 2023,Regular,https://ncsmusic.s3.eu-west-1.amazonaws.com/tracks/000/001/558/devil-1698714049-R6VFHQKko0.mp3,https://ncsmusic.s3.eu-west-1.amazonaws.com/tracks/000/001/558/100x100/devil-1698714047-bAco2suBUA.jpg
Never Have I Felt This (VIP),Koven,Drum & Bass,"Drum & Bass, Euphoric, Happy, Hopeful, Glamorous",27 Oct 2023,Regular,https://ncsmusic.s3.eu-west-1.amazonaws.com/tracks/000/001/557/never-have-i-felt-this-vip-1698364856-uWyPrftBaK.mp3,https://ncsmusic.s3.eu-west-1.amazonaws.com/tracks/000/001/557/100x100/never-have-i-felt-this-vip-1698364854-BAmeUj1p7r.jpg
Everything I Got,"Clarx, Shiah Maisel",Electronic,"Electronic, Euphoric, Happy, Hopeful, Glamorous",26 Oct 2023,Regular,https://ncsmusic.s3.eu-west-1.amazonaws.com/tracks/000/001/555/everything-i-got-1698278452-lRrvGjGD4K.mp3,https://ncsmusic.s3.eu-west-1.amazonaws.com/tracks/000/001/555/100x100/everything-i-got-1698278450-8qv2xIlCvp.jpg
Nunca (ft. Maria-Lea),"Wiguez, Maria-Lea",Drum & Bass,"Drum & Bass, Dark, Glamorous, Mysterious, Quirky, Restless",25 Oct 2023,Regular,https://ncsmusic.s3.eu-west-1.amazonaws.com/tracks/000/001/556/nunca-1698332448-RcOyeBGgir.mp3,https://ncsmusic.s3.eu-west-1.amazonaws.com/tracks/000/001/556/100x100/nunca-1698332446-Gw8KY2vxUr.jpg
Don't Understand,Sketchez,Pop,"Pop, Dreamy, Euphoric, Happy, Hopeful, romantic",24 Oct 2023,Regular,https://ncsmusic.s3.eu-west-1.amazonaws.com/tracks/000/001/554/dont-understand-1698105652-ywo5B7S3Ei.mp3,https://ncsmusic.s3.eu-west-1.amazonaws.com/tracks/000/001/554/100x100/1698141643_Ei0ENTsgvb_DONT-UNDERSTAND---SKETCHEZ---FINAL.png
Royalty (Don Diablo Remix),"Egzod, Maestro Chives, Don Diablo",Future House,"Future House, Dreamy, Euphoric, Epic, Sexy",20 Oct 2023,Regular,https://ncsmusic.s3.eu-west-1.amazonaws.com/tracks/000/001/552/royalty-don-diablo-remix-1697760049-dlOQwnwx23.mp3,https://ncsmusic.s3.eu-west-1.amazonaws.com/tracks/000/001/552/100x100/royalty-don-diablo-remix-1697760047-BZa0krcT00.jpg
Pick Up The Pieces (ft. Cesar Santolo),"Cesar Santolo, MANIA",Drum & Bass,"Drum & Bass, Dreamy, Euphoric, energetic, Glamorous, Laid Back, Quirky, relaxed, romantic",20 Oct 2023,Regular,https://ncsmusic.s3.eu-west-1.amazonaws.com/tracks/000/001/553/pick-up-the-pieces-ft-cesar-santiago-1697760061-LvMq0YrRbY.mp3,https://ncsmusic.s3.eu-west-1.amazonaws.com/tracks/000/001/553/100x100/pick-up-the-pieces-ft-cesar-santiago-1697760059-3qPzFFMjZV.jpg
Cricket (we nice),ORGAN,Electronic,"Electronic, energetic, Epic, Glamorous, Quirky, Restless, Sexy",19 Oct 2023,Regular,https://ncsmusic.s3.eu-west-1.amazonaws.com/tracks/000/001/551/cricket-we-nice-1697673650-uBC8hJ0DDM.mp3,https://ncsmusic.s3.eu-west-1.amazonaws.com/tracks/000/001/551/100x100/cricket-we-nice-1697673648-TXcEQeUxy3.jpg
whole,"yanvince, just alex",Electronic,"Electronic, Euphoric, Glamorous, romantic, sad, Dreamy",17 Oct 2023,Regular,https://ncsmusic.s3.eu-west-1.amazonaws.com/tracks/000/001/550/whole-1697500850-rQcae03NOh.mp3,https://ncsmusic.s3.eu-west-1.amazonaws.com/tracks/000/001/550/100x100/whole-1697500848-sjEsCly6Dr.jpg
Getaway,Daniel Levi,"Indie, Pop","Indie Dance, Pop, Glamorous, Happy, Funny, Laid Back, romantic, Sexy",13 Oct 2023,Regular,https://ncsmusic.s3.eu-west-1.amazonaws.com/tracks/000/001/544/getaway-1697155251-wSS7o0TUO3.mp3,https://ncsmusic.s3.eu-west-1.amazonaws.com/tracks/000/001/544/100x100/getaway-1697155249-ZKilSbNXEi.jpg
That's What Makes It Right,Daniel Levi,"Indie, Pop","Indie Dance, Pop, Glamorous, Happy, Funny, Laid Back, romantic, Sexy",13 Oct 2023,Regular,https://ncsmusic.s3.eu-west-1.amazonaws.com/tracks/000/001/545/thats-what-makes-it-right-1697155258-Lhze48lVUN.mp3,https://ncsmusic.s3.eu-west-1.amazonaws.com/tracks/000/001/545/100x100/thats-what-makes-it-right-1697155256-o11sgDCuCk.jpg
I Like It With You,Daniel Levi,"Indie, Pop","Indie Dance, Pop, Glamorous, Happy, Funny, Laid Back, romantic, Sexy",13 Oct 2023,Regular,https://ncsmusic.s3.eu-west-1.amazonaws.com/tracks/000/001/546/i-like-it-with-you-1697155263-pgQhQ23xtB.mp3,https://ncsmusic.s3.eu-west-1.amazonaws.com/tracks/000/001/546/100x100/i-like-it-with-you-1697155261-qXExBoOphq.jpg
River,Daniel Levi,"Indie, Pop","Indie Dance, Pop, Glamorous, Happy, Funny, Laid Back, romantic, Sexy",13 Oct 2023,Regular,https://ncsmusic.s3.eu-west-1.amazonaws.com/tracks/000/001/547/river-1697155268-ujXmfEjiJs.mp3,https://ncsmusic.s3.eu-west-1.amazonaws.com/tracks/000/001/547/100x100/river-1697155265-eG1lXmscHo.jpg
Talk,Daniel Levi,"Indie, Pop","Indie Dance, Pop, Glamorous, Happy, Funny, Laid Back, romantic, Sexy",13 Oct 2023,Regular,https://ncsmusic.s3.eu-west-1.amazonaws.com/tracks/000/001/548/talk-1697155275-0hDQxRNuG5.mp3,https://ncsmusic.s3.eu-west-1.amazonaws.com/tracks/000/001/548/100x100/talk-1697155272-R5JHzKezL7.jpg
Bad Girl,LAADS,House,"House, energetic, Euphoric, Glamorous, Quirky, Sexy",13 Oct 2023,"Regular, Instrumental",https://ncsmusic.s3.eu-west-1.amazonaws.com/tracks/000/001/549/bad-girl-1697202048-byAZl4gRyD.mp3,https://ncsmusic.s3.eu-west-1.amazonaws.com/tracks/000/001/549/100x100/bad-girl-1697202045-XjVHe0Oc4D.jpg
King Of The Hill,"Nat James, Dirty Palm",Future House,"Future House, Angry, energetic, Epic, Quirky, Mysterious, Gloomy, Fear",12 Oct 2023,"Regular, Instrumental",https://ncsmusic.s3.eu-west-1.amazonaws.com/tracks/000/001/540/king-of-the-hill-1697068849-wIkn2WRjHr.mp3,https://ncsmusic.s3.eu-west-1.amazonaws.com/tracks/000/001/540/100x100/king-of-the-hill-1697068847-Y9KNLzEPdZ.jpg
Now I'm Broken,intouch,UKG,"UKG, Dreamy, Euphoric, romantic, sad, Quirky",10 Oct 2023,Regular,https://ncsmusic.s3.eu-west-1.amazonaws.com/tracks/000/001/539/now-im-broken-1696896050-DMhma7JXK9.mp3,https://ncsmusic.s3.eu-west-1.amazonaws.com/tracks/000/001/539/100x100/now-im-broken-1696896047-gH84SuHF5K.jpg
Waves,"Comma Dee, AC13",Drum & Bass,"Drum & Bass, Dreamy, Euphoric, Glamorous, Hopeful, Sexy, romantic",6 Oct 2023,Regular,https://ncsmusic.s3.eu-west-1.amazonaws.com/tracks/000/001/538/1696583182_5ATYNr8p2L_01-AC13---Waves-Ft.-Comma-Dee-NCS-Release.mp3,https://ncsmusic.s3.eu-west-1.amazonaws.com/tracks/000/001/538/100x100/1696583182_QUThTOGvco_Final.jpg
NEBRASKA (WITH YOU),Sam Day,House,"House, Dreamy, Euphoric, Happy, Laid Back, Peaceful, relaxed",5 Oct 2023,"Regular, Instrumental",https://ncsmusic.s3.eu-west-1.amazonaws.com/tracks/000/001/536/nebraska-with-you-1696464051-x7o6fQOmyo.mp3,https://ncsmusic.s3.eu-west-1.amazonaws.com/tracks/000/001/536/100x100/nebraska-with-you-1696464048-6neIAXprrn.jpg
Hold You,Low Mileage,Chill,"Chill, Dreamy, Euphoric, Happy, Hopeful, Peaceful, romantic",3 Oct 2023,"Regular, Instrumental",https://ncsmusic.s3.eu-west-1.amazonaws.com/tracks/000/001/535/1707132729_dQiafYSDln_01-Low-Mileage---Hold-You-NCS-Release.mp3,https://ncsmusic.s3.eu-west-1.amazonaws.com/tracks/000/001/535/100x100/1696327946_QMJTHxy08g_Hold-You-Final.jpg
bye bye,Andrah,Drum & Bass,"Drum & Bass, Dreamy, energetic, romantic, Sexy, Glamorous",29 Sep 2023,Regular,https://ncsmusic.s3.eu-west-1.amazonaws.com/tracks/000/001/533/bye-bye-1695945649-BxykikWQPo.mp3,https://ncsmusic.s3.eu-west-1.amazonaws.com/tracks/000/001/533/100x100/bye-bye-1695945647-m1NR73SNn9.JPG
Calling For You,"Venjent, Oktae",House,"House, energetic, Euphoric, Happy, Quirky, Funny",29 Sep 2023,Regular,https://ncsmusic.s3.eu-west-1.amazonaws.com/tracks/000/001/534/calling-for-you-1695985248-DLllaKxrPq.mp3,https://ncsmusic.s3.eu-west-1.amazonaws.com/tracks/000/001/534/100x100/calling-for-you-1695985245-HinZpbEI4o.jpg
Marcheur,Wiguez,Drum & Bass,"Drum & Bass, Dark, Epic, Mysterious, Restless, Suspense",28 Sep 2023,Regular,https://ncsmusic.s3.eu-west-1.amazonaws.com/tracks/000/001/531/marcheur-1695859249-uL5CgaVgna.mp3,https://ncsmusic.s3.eu-west-1.amazonaws.com/tracks/000/001/531/100x100/marcheur-1695859246-uzxz1KFHeZ.jpg
Talk About,21RoR,Future House,"Future House, Dark, Gloomy, Mysterious, Quirky",26 Sep 2023,Regular,https://ncsmusic.s3.eu-west-1.amazonaws.com/tracks/000/001/530/1695720215_a7ojF5bxWQ_01-21RoR---Talk-About-NCS-Release.mp3,https://ncsmusic.s3.eu-west-1.amazonaws.com/tracks/000/001/530/100x100/1695720214_BIjx03A0pI_Talk-About-Final.jpg
Honey,Daniel Levi,Indie,"Indie Dance, Glamorous, Happy, Funny, Laid Back, romantic, Sexy",22 Sep 2023,"Regular, Instrumental",https://ncsmusic.s3.eu-west-1.amazonaws.com/tracks/000/001/529/honey-1695340852-ZJeWXFqbG9.mp3,https://ncsmusic.s3.eu-west-1.amazonaws.com/tracks/000/001/529/100x100/honey-1695340850-yVQWIzE9lS.jpg
Commotion,Kage,Future House,"Future House, Dark, Gloomy, Mysterious, Restless, scary, Suspense",21 Sep 2023,Regular,https://ncsmusic.s3.eu-west-1.amazonaws.com/tracks/000/001/528/commotion-1695254452-SIxvMC4yHd.mp3,https://ncsmusic.s3.eu-west-1.amazonaws.com/tracks/000/001/528/100x100/commotion-1695254449-P98NRSUtdO.jpg
Fighting Inside,intouch,UKG,"UKG, Dreamy, Mysterious, Dark, Euphoric, Quirky",19 Sep 2023,Regular,https://ncsmusic.s3.eu-west-1.amazonaws.com/tracks/000/001/527/fighting-inside-1695081649-krqWFbOLWj.mp3,https://ncsmusic.s3.eu-west-1.amazonaws.com/tracks/000/001/527/100x100/fighting-inside-1695081647-2ho9MiAsYi.jpg
fearless,yanvince,Future House,"Future House, Dreamy, Euphoric, Happy, Hopeful, romantic, Dark",15 Sep 2023,Regular,https://ncsmusic.s3.eu-west-1.amazonaws.com/tracks/000/001/526/fearless-1694736052-uyY70F39Ty.mp3,https://ncsmusic.s3.eu-west-1.amazonaws.com/tracks/000/001/526/100x100/fearless-1694736049-VBykd5tWj4.jpg
All For You (ft. SILIAS),Itro,Drum & Bass,"Drum & Bass, Dreamy, Euphoric, Happy, Hopeful, romantic",14 Sep 2023,Regular,https://ncsmusic.s3.eu-west-1.amazonaws.com/tracks/000/001/525/1694684298_jRDGkQPrri_01-Itro---All-For-You-feat.-SILIAS-NCS-Release.mp3,https://ncsmusic.s3.eu-west-1.amazonaws.com/tracks/000/001/525/100x100/1694684297_XhfBfWuBtw_allforufinal.jpg
Stay The Night,OSKI,Electronic,"Electronic, Sexy, Dreamy, romantic, Quirky, Glamorous",8 Sep 2023,"Regular, Instrumental",https://ncsmusic.s3.eu-west-1.amazonaws.com/tracks/000/001/523/stay-the-night-1694131252-jcmJYic5WA.mp3,https://ncsmusic.s3.eu-west-1.amazonaws.com/tracks/000/001/523/100x100/stay-the-night-1694131250-ppTyEedxXu.jpg
BE THE ONE,Sam Day,Future House,"Future House, Dreamy, Euphoric, Happy, Hopeful, relaxed",7 Sep 2023,Regular,https://ncsmusic.s3.eu-west-1.amazonaws.com/tracks/000/001/522/be-the-one-1694044854-ZwDItqyM9U.mp3,https://ncsmusic.s3.eu-west-1.amazonaws.com/tracks/000/001/522/100x100/be-the-one-1694044850-pQCzYPUaDN.jpg
One Of Us,"SlidV, Zaug, Clarx",Electronic,"Electronic, Euphoric, Happy, Hopeful, Glamorous",5 Sep 2023,Regular,https://ncsmusic.s3.eu-west-1.amazonaws.com/tracks/000/001/521/one-of-us-1693872052-UjYQ3Q61AV.mp3,https://ncsmusic.s3.eu-west-1.amazonaws.com/tracks/000/001/521/100x100/one-of-us-1693872049-CyuJazuB8I.jpg
Tidal Wave,"ZANA, Coopex, KHEMIS",House,"House, Dreamy, Euphoric, Happy, Laid Back, Peaceful, relaxed",1 Sep 2023,Regular,https://ncsmusic.s3.eu-west-1.amazonaws.com/tracks/000/001/520/tidal-wave-1693526469-tnKm6pVpAR.mp3,https://ncsmusic.s3.eu-west-1.amazonaws.com/tracks/000/001/520/100x100/tidal-wave-1693526466-6d4z2ehVyA.jpg
sun,Raude,Indie,"Indie Dance, energetic, Funny, Happy, Hopeful, romantic, Sexy",31 Aug 2023,Regular,https://ncsmusic.s3.eu-west-1.amazonaws.com/tracks/000/001/515/sun-1693440054-Ts3MNTz2If.mp3,https://ncsmusic.s3.eu-west-1.amazonaws.com/tracks/000/001/515/100x100/sun-1693440050-Ts4X6J3T4I.jpg
ready!,Raude,Indie Dance,"Indie Dance, energetic, Funny, Happy, Hopeful, romantic, Sexy",31 Aug 2023,Regular,https://ncsmusic.s3.eu-west-1.amazonaws.com/tracks/000/001/516/ready-1693440061-3n7BRKAb2A.mp3,https://ncsmusic.s3.eu-west-1.amazonaws.com/tracks/000/001/516/100x100/ready-1693440058-5NdeLlrskO.jpg
Summer's End,"Jade Key, Tatsunoshin",Hardstyle,"Hardstyle, energetic, Epic, Quirky, Restless, Euphoric",30 Aug 2023,"Regular, Instrumental",https://ncsmusic.s3.eu-west-1.amazonaws.com/tracks/000/001/514/summers-end-1693353653-JzUFS9Faqe.mp3,https://ncsmusic.s3.eu-west-1.amazonaws.com/tracks/000/001/514/100x100/summers-end-1693353650-4aqqudAAAV.jpg
Madness (feat. m els),"WATEVA, m els",Future House,"Future House, energetic, Epic, Quirky, Restless, Euphoric",29 Aug 2023,"Regular, Instrumental",https://ncsmusic.s3.eu-west-1.amazonaws.com/tracks/000/001/513/madness-feat-m-els-1693267250-BZhZJ4P7nv.mp3,https://ncsmusic.s3.eu-west-1.amazonaws.com/tracks/000/001/513/100x100/madness-feat-m-els-1693267249-OZdNrLf3M1.jpg
Loneliness,"Barmuda, Mandrazo, Poylow",Electronic,"Electronic, Dreamy, Euphoric, Glamorous, Restless, Sexy",25 Aug 2023,"Regular, Instrumental",https://ncsmusic.s3.eu-west-1.amazonaws.com/tracks/000/001/512/loneliness-1692921651-MXZJaZfzUc.mp3,https://ncsmusic.s3.eu-west-1.amazonaws.com/tracks/000/001/512/100x100/loneliness-1692921647-oOGuU9SfFB.jpg
More,"Natan Chaim, Asketa",Future House,"Future House, Dreamy, Euphoric, Hopeful, Laid Back, Peaceful, romantic",24 Aug 2023,"Regular, Instrumental",https://ncsmusic.s3.eu-west-1.amazonaws.com/tracks/000/001/506/more-1692835251-N3JS0RGqR6.mp3,https://ncsmusic.s3.eu-west-1.amazonaws.com/tracks/000/001/506/100x100/more-1692835249-PrGpaSvcIz.jpg
Running Wild (EH!DE Remix),"Wiguez, Vizzen, EH!DE",Melodic Dubstep,"Melodic Dubstep, energetic, Euphoric, Quirky, Restless, Mysterious, Hopeful, Epic",24 Aug 2023,Regular,https://ncsmusic.s3.eu-west-1.amazonaws.com/tracks/000/001/507/running-wild-ehde-remix-1692835262-dvexaIO0F9.mp3,https://ncsmusic.s3.eu-west-1.amazonaws.com/tracks/000/001/507/100x100/running-wild-ehde-remix-1692835258-24bdmgHDXZ.jpg
Get Out Here (Lennart Schroot Remix),"Lennart Schroot, Josh Levoid, Wiguez",Trap,"Trap, energetic, Euphoric, Quirky, Restless, Mysterious, Hopeful, Epic",24 Aug 2023,Regular,https://ncsmusic.s3.eu-west-1.amazonaws.com/tracks/000/001/508/get-out-here-lennard-schroot-remix-1692835271-NQYJVlqdyM.mp3,https://ncsmusic.s3.eu-west-1.amazonaws.com/tracks/000/001/508/100x100/get-out-here-lennard-schroot-remix-1692835268-iEdQowv7hI.jpg
4 Love (Fresh Stuff Remix),"Fresh Stuff, Alltair, Wiguez",Future House,"Future House, energetic, Euphoric, Quirky, Restless, Mysterious, Hopeful",24 Aug 2023,Regular,https://ncsmusic.s3.eu-west-1.amazonaws.com/tracks/000/001/509/4-love-fresh-stuff-remix-1692835279-OGt7BvOhsX.mp3,https://ncsmusic.s3.eu-west-1.amazonaws.com/tracks/000/001/509/100x100/4-love-fresh-stuff-remix-1692835275-0S4bohTe3U.jpg
Gone (Feat. Rico 56) (Thorne Remix),"Thorne, Rico 56, Wiguez",Drum & Bass,"Drum & Bass, energetic, Euphoric, Quirky, Restless, Mysterious, Hopeful, Epic",24 Aug 2023,Regular,https://ncsmusic.s3.eu-west-1.amazonaws.com/tracks/000/001/510/gone-feat-rico-56-thorne-remix-1692835288-I9FRYpWaYZ.mp3,https://ncsmusic.s3.eu-west-1.amazonaws.com/tracks/000/001/510/100x100/gone-feat-rico-56-thorne-remix-1692835284-Ud30d4v8IA.jpg
Pressure (Fectro Remix),"Fectro, Wiguez",Future House,"Future House, energetic, Euphoric, Quirky, Restless, Mysterious, Hopeful",24 Aug 2023,Regular,https://ncsmusic.s3.eu-west-1.amazonaws.com/tracks/000/001/511/pressure-fectro-remix-1692835295-Ji50dNOaak.mp3,https://ncsmusic.s3.eu-west-1.amazonaws.com/tracks/000/001/511/100x100/pressure-fectro-remix-1692835292-QzsG0VBZs7.jpg
Follow,"T-Mass, Rain Man, Vikki Gilmore",Future Bass,"Future Bass, Dreamy, Euphoric, Laid Back, Peaceful, relaxed, romantic",22 Aug 2023,Regular,https://ncsmusic.s3.eu-west-1.amazonaws.com/tracks/000/001/505/follow-1692662451-ROTAuoLc3K.mp3,https://ncsmusic.s3.eu-west-1.amazonaws.com/tracks/000/001/505/100x100/follow-1692662449-XE01BZctJm.jpg
Retro Love,Killa,Electronic,"Electronic, romantic, energetic, Euphoric, Dreamy, Sexy, sad, Glamorous",18 Aug 2023,Regular,https://ncsmusic.s3.eu-west-1.amazonaws.com/tracks/000/001/502/retro-love-1692316850-bXC3OqD5uT.mp3,https://ncsmusic.s3.eu-west-1.amazonaws.com/tracks/000/001/502/100x100/retro-love-1692316848-uaiVsEJqWF.jpg
Temptation,Toxic Joy,Electronic,"Electronic, energetic, Epic, Restless, Euphoric",18 Aug 2023,"Regular, Instrumental",https://ncsmusic.s3.eu-west-1.amazonaws.com/tracks/000/001/503/temptation-1692316854-fwwKpyIhGk.mp3,https://ncsmusic.s3.eu-west-1.amazonaws.com/tracks/000/001/503/100x100/1692351244_Eyd45ljU14_toxicjoyfinal.png
8 Rounds,Zaug,Trap,"Trap, energetic, Restless, Angry, Dark, Epic",18 Aug 2023,"Regular, Instrumental",https://ncsmusic.s3.eu-west-1.amazonaws.com/tracks/000/001/504/8-rounds-1692316863-3vvxI69GWo.mp3,https://ncsmusic.s3.eu-west-1.amazonaws.com/tracks/000/001/504/100x100/8-rounds-1692316860-AfkIvN46qQ.jpg
Sugar Plumbin',Reece Taylor,Indie,"Indie Dance, Dreamy, energetic, Glamorous, Happy, Laid Back, Sexy",17 Aug 2023,"Regular, Instrumental",https://ncsmusic.s3.eu-west-1.amazonaws.com/tracks/000/001/501/sugar-plumbin-1692230450-jXjVxBdV68.mp3,https://ncsmusic.s3.eu-west-1.amazonaws.com/tracks/000/001/501/100x100/sugar-plumbin-1692230447-kmUeSHsh90.jpg
Dreamin',NOYSE,Future House,"Future House, energetic, Epic, Euphoric, Happy, Hopeful, romantic",16 Aug 2023,"Regular, Instrumental",https://ncsmusic.s3.eu-west-1.amazonaws.com/tracks/000/001/500/dreamin-1692144051-y6DIDlHDFa.mp3,https://ncsmusic.s3.eu-west-1.amazonaws.com/tracks/000/001/500/100x100/dreamin-1692144047-89ZJ3fCyf4.jpg
magnificent,"yanvince, comusal",Electronic,"Electronic, romantic, sad, energetic, Euphoric, Dreamy",15 Aug 2023,Regular,https://ncsmusic.s3.eu-west-1.amazonaws.com/tracks/000/001/499/magnificent-1692057652-lQiVj1Z94d.mp3,https://ncsmusic.s3.eu-west-1.amazonaws.com/tracks/000/001/499/100x100/1692189250_7TmTE3pCu1_Magnificent-Cover-Artwork.jpg
To Be Loved,"Salvo, Maazel, Arcando",Future Bass,"Future Bass, energetic, romantic, Restless, Quirky, Weird",11 Aug 2023,"Regular, Instrumental",https://ncsmusic.s3.eu-west-1.amazonaws.com/tracks/000/001/498/to-be-loved-1691712054-3IHHT1P1KZ.mp3,https://ncsmusic.s3.eu-west-1.amazonaws.com/tracks/000/001/498/100x100/to-be-loved-1691712051-D3V7gu24NB.jpg
Closer,ROY KNOX,Dubstep,"Dubstep, energetic, Epic, Quirky, Restless, Euphoric",10 Aug 2023,Regular,https://ncsmusic.s3.eu-west-1.amazonaws.com/tracks/000/001/497/closer-1691625653-Sb5xdCl38S.mp3,https://ncsmusic.s3.eu-west-1.amazonaws.com/tracks/000/001/497/100x100/closer-1691625650-ZMrhyher8R.jpg
Over It,Idle Days,Drum & Bass,"Drum & Bass, energetic, Quirky, Euphoric, Epic, Happy",9 Aug 2023,Regular,https://ncsmusic.s3.eu-west-1.amazonaws.com/tracks/000/001/496/over-it-1691539249-JwnYRIRZYp.mp3,https://ncsmusic.s3.eu-west-1.amazonaws.com/tracks/000/001/496/100x100/over-it-1691539246-eJfK4kk2cC.jpg
In Love With A Ghost,AX.EL,Electronic,"Electronic, Dreamy, energetic, Euphoric, Mysterious, Quirky, Sexy",8 Aug 2023,"Regular, Instrumental",https://ncsmusic.s3.eu-west-1.amazonaws.com/tracks/000/001/495/in-love-with-a-ghost-1691452848-WkqISyA7EM.mp3,https://ncsmusic.s3.eu-west-1.amazonaws.com/tracks/000/001/495/100x100/in-love-with-a-ghost-1691452846-zZDfkniNkm.jpg
SKY BRI,"JSTN DMND, ALVYN",Trap,"Trap, Dreamy, energetic, Euphoric, Mysterious, Quirky, Sexy",4 Aug 2023,Regular,https://ncsmusic.s3.eu-west-1.amazonaws.com/tracks/000/001/493/sky-bri-1691107247-EiMya1PWhi.mp3,https://ncsmusic.s3.eu-west-1.amazonaws.com/tracks/000/001/493/100x100/sky-bri-1691107245-KUkZF7wsv5.jpg
Cereb,Kage,Future House,"Future House, Dark, Gloomy, Mysterious, Restless, scary, Suspense",3 Aug 2023,Regular,https://ncsmusic.s3.eu-west-1.amazonaws.com/tracks/000/001/492/cereb-1691020851-QxAe9dmbka.mp3,https://ncsmusic.s3.eu-west-1.amazonaws.com/tracks/000/001/492/100x100/cereb-1691020849-UITMYstjEv.jpg
Thought It Was U,JJL,Drum & Bass,"Drum & Bass, energetic, Epic, Euphoric, Happy, Hopeful",2 Aug 2023,Regular,https://ncsmusic.s3.eu-west-1.amazonaws.com/tracks/000/001/491/thought-it-was-u-1690934451-ThdF8e7hhL.mp3,https://ncsmusic.s3.eu-west-1.amazonaws.com/tracks/000/001/491/100x100/thought-it-was-u-1690934449-os30L1jHqQ.jpg
Hide Your Heart,"BRIGHTDVWN, VOLT VISION",Phonk,"Phonk, Dark, energetic, Restless, Quirky, Gloomy",1 Aug 2023,"Regular, Instrumental",https://ncsmusic.s3.eu-west-1.amazonaws.com/tracks/000/001/490/hide-your-heart-1690848053-G1gtLPVbeP.mp3,https://ncsmusic.s3.eu-west-1.amazonaws.com/tracks/000/001/490/100x100/1690884175_34WRIoZzei_hideurheart.png
techno on my mind,speedboys,,"energetic, Restless, Quirky, Epic, Euphoric",28 Jul 2023,Regular,https://ncsmusic.s3.eu-west-1.amazonaws.com/tracks/000/001/488/techno-on-my-mind-1690502446-RKaBJO5Ra9.mp3,https://ncsmusic.s3.eu-west-1.amazonaws.com/tracks/000/001/488/100x100/techno-on-my-mind-1690502444-A9StLFNOlM.jpg
Indecisive,T & Sugah,Drum & Bass,"Drum & Bass, energetic, Epic, Euphoric, Happy, Hopeful",28 Jul 2023,Regular,https://ncsmusic.s3.eu-west-1.amazonaws.com/tracks/000/001/489/1690644554_JUC5GRKDTy_01-T--Sugah---Indecisive-NCS-Release.mp3,https://ncsmusic.s3.eu-west-1.amazonaws.com/tracks/000/001/489/100x100/1690541555_SpbDhPCVTJ_INDECISIVE---ARTWORK-v2.png
paradise (feat. Ntsika),"Ntsika, Raude",Indie,"Indie Dance, energetic, Funny, Happy, Hopeful, romantic, Sexy",27 Jul 2023,Regular,https://ncsmusic.s3.eu-west-1.amazonaws.com/tracks/000/001/487/1690644500_TNxHiwy5Ct_01-Raude---paradise-NCS-Release.mp3,https://ncsmusic.s3.eu-west-1.amazonaws.com/tracks/000/001/487/100x100/1690453644_7Zce85YDke_paradisefinal.png
Getting Down,JOXION,Future House,"Future House, Dark, energetic, Mysterious, Quirky, Restless, Weird",26 Jul 2023,"Regular, Instrumental",https://ncsmusic.s3.eu-west-1.amazonaws.com/tracks/000/001/486/getting-down-1690329645-4syJPAKEsQ.mp3,https://ncsmusic.s3.eu-west-1.amazonaws.com/tracks/000/001/486/100x100/getting-down-1690329643-0ZyHEzXYqg.jpg
Driver Seat,C1W,Chill,"Chill, Dreamy, Euphoric, romantic, Sexy",25 Jul 2023,Regular,https://ncsmusic.s3.eu-west-1.amazonaws.com/tracks/000/001/485/driver-seat-1690243246-ILLpkXgA0o.mp3,https://ncsmusic.s3.eu-west-1.amazonaws.com/tracks/000/001/485/100x100/1690295865_X6zcmzKeuf_DRIVER-SEAT-FINAL.png
No Money,"Clarx, Zaug",Electronic,"Electronic, energetic, Epic, Euphoric, Hopeful, Restless",21 Jul 2023,"Regular, Instrumental",https://ncsmusic.s3.eu-west-1.amazonaws.com/tracks/000/001/483/no-money-1689897647-ewKO9dttiE.mp3,https://ncsmusic.s3.eu-west-1.amazonaws.com/tracks/000/001/483/100x100/no-money-1689897645-IXcvJeb90j.jpg
Fall Too Deep,"Barmuda, Andrew A",Future House,"Future House, energetic, Epic, Euphoric, Happy, Hopeful, romantic",21 Jul 2023,"Regular, Instrumental",https://ncsmusic.s3.eu-west-1.amazonaws.com/tracks/000/001/484/fall-too-deep-1689897655-fJAII8Dbzr.mp3,https://ncsmusic.s3.eu-west-1.amazonaws.com/tracks/000/001/484/100x100/fall-too-deep-1689897653-rZPHg19vRT.jpg
What I Want,"Ray Le Fanue, Britt Lari",Future House,"Future House, energetic, Epic, Glamorous, Quirky",20 Jul 2023,"Regular, Instrumental",https://ncsmusic.s3.eu-west-1.amazonaws.com/tracks/000/001/482/what-i-want-1689811250-SF5blCy8qS.mp3,https://ncsmusic.s3.eu-west-1.amazonaws.com/tracks/000/001/482/100x100/what-i-want-1689811248-UqbCKDzdT8.jpg
Think About Me,Yancle,Melodic Dubstep,"Melodic Dubstep, Dreamy, Euphoric, Mysterious, Quirky",19 Jul 2023,"Regular, Instrumental",https://ncsmusic.s3.eu-west-1.amazonaws.com/tracks/000/001/481/think-about-me-1689724845-o2Ny8lOZot.mp3,https://ncsmusic.s3.eu-west-1.amazonaws.com/tracks/000/001/481/100x100/1689759929_HFNHHT6QFV_final.jpg
Keep Me Closer,Low Mileage,Chill,"Chill, Dreamy, Epic, Euphoric, Mysterious, Quirky",18 Jul 2023,Regular,https://ncsmusic.s3.eu-west-1.amazonaws.com/tracks/000/001/479/keep-me-closer-1689638447-ZxRk35C8Xr.mp3,https://ncsmusic.s3.eu-west-1.amazonaws.com/tracks/000/001/479/100x100/keep-me-closer-1689638445-k0HC0Cujj8.jpg
Take Away,borne,Glitch Hop,"Glitch Hop, Dark, energetic, Fear, Gloomy, Mysterious, Restless",14 Jul 2023,Regular,https://ncsmusic.s3.eu-west-1.amazonaws.com/tracks/000/001/475/take-away-1689292850-IzPpykQPgW.mp3,https://ncsmusic.s3.eu-west-1.amazonaws.com/tracks/000/001/475/100x100/take-away-1689292847-fCKLbg3m5H.jpg
On Replay,NIVIRO,Future House,"Future House, energetic, Epic, Euphoric, Hopeful, Restless",14 Jul 2023,"Regular, Instrumental",https://ncsmusic.s3.eu-west-1.amazonaws.com/tracks/000/001/476/on-replay-1689292855-xcC8UCyRdW.mp3,https://ncsmusic.s3.eu-west-1.amazonaws.com/tracks/000/001/476/100x100/on-replay-1689292853-JqwhpEPfn5.jpg
Over The Sun (Pt. 2),Coopex,House,"House, Dreamy, Euphoric, Happy, Hopeful, Laid Back, relaxed",14 Jul 2023,Regular,https://ncsmusic.s3.eu-west-1.amazonaws.com/tracks/000/001/532/over-the-sun-pt-2-1695906049-qT59c9HWKi.mp3,https://ncsmusic.s3.eu-west-1.amazonaws.com/tracks/000/001/532/100x100/over-the-sun-pt-2-1695906047-EzIhqFLIxE.jpg
All or Nothing (feat. SGNLS),"SGNLS, Guy Arthur, Aiobahn",House,"House, energetic, Epic, Euphoric, Hopeful, Glamorous, Happy",13 Jul 2023,"Regular, Instrumental",https://ncsmusic.s3.eu-west-1.amazonaws.com/tracks/000/001/474/all-or-nothing-feat-sgnls-1689206445-dR7G8RJseu.mp3,https://ncsmusic.s3.eu-west-1.amazonaws.com/tracks/000/001/474/100x100/all-or-nothing-feat-sgnls-1689206444-p9guF1xEOg.jpg
Meant To Be,Rave New World,Future House,"Future House, energetic, Epic, Euphoric, Glamorous, romantic",12 Jul 2023,Regular,https://ncsmusic.s3.eu-west-1.amazonaws.com/tracks/000/001/473/meant-to-be-1689120050-b2NmJBIbEE.mp3,https://ncsmusic.s3.eu-west-1.amazonaws.com/tracks/000/001/473/100x100/1689248060_KbTPOrMnn0_FINAL_FILE.jpg
Nothing at All,The Arc,Future House,"Future House, Dark, energetic, Glamorous, Mysterious, Quirky, Restless",11 Jul 2023,Regular,https://ncsmusic.s3.eu-west-1.amazonaws.com/tracks/000/001/472/nothing-at-all-1689033644-j0QYJA8chv.mp3,https://ncsmusic.s3.eu-west-1.amazonaws.com/tracks/000/001/472/100x100/1689082035_dTeR1chmHn_Purple.png
ordinary / horrifying,updog,Electronic,"Electronic, Dark, Euphoric, Gloomy, Mysterious, Restless",7 Jul 2023,"Regular, Instrumental",https://ncsmusic.s3.eu-west-1.amazonaws.com/tracks/000/001/468/ordinary-horrifying-1688688047-Odho6TSd7j.mp3,https://ncsmusic.s3.eu-west-1.amazonaws.com/tracks/000/001/468/100x100/1688732985_TM1tPOa1WB_Ordinaryhorrifying.jpg
Like That,"JJL, SIIK",Future House,"Future House, energetic, Epic, Euphoric, Glamorous",7 Jul 2023,"Regular, Instrumental",https://ncsmusic.s3.eu-west-1.amazonaws.com/tracks/000/001/469/like-that-1688688054-4kGbAx9ab7.mp3,https://ncsmusic.s3.eu-west-1.amazonaws.com/tracks/000/001/469/100x100/like-that-1688688052-PcLxEHtTzm.jpg
Over The Sun (Pt. 2),Coopex,House,"House, Dreamy, Euphoric, Happy, Hopeful, Laid Back, relaxed",7 Jul 2023,Regular,https://ncsmusic.s3.eu-west-1.amazonaws.com/tracks/000/001/470/over-the-sun-pt-2-1688688059-UFXsel70Cd.mp3,https://ncsmusic.s3.eu-west-1.amazonaws.com/tracks/000/001/470/100x100/over-the-sun-pt-2-1688688058-VsiCV6yYsv.jpg
Blame Me,"Fransis Derelle, Josh Rubin",Melodic Dubstep,"Melodic Dubstep, Dreamy, Epic, Euphoric, Glamorous",7 Jul 2023,"Regular, Instrumental",https://ncsmusic.s3.eu-west-1.amazonaws.com/tracks/000/001/471/blame-me-1688688065-7odAQ190Zf.mp3,https://ncsmusic.s3.eu-west-1.amazonaws.com/tracks/000/001/471/100x100/1688732967_FlX0kJPKIs_EP-Release.jpg
Fly,"JaySounds, Kage",Future House,"Future House, energetic, Euphoric, Dreamy, Hopeful, Glamorous",6 Jul 2023,Regular,https://ncsmusic.s3.eu-west-1.amazonaws.com/tracks/000/001/463/fly-1688601646-EjWBg7ohx9.mp3,https://ncsmusic.s3.eu-west-1.amazonaws.com/tracks/000/001/463/100x100/fly-1688601644-85Iq0twkoN.jpg
Realize,"Ghost'n'Ghost, Blooom, ASHWOOD",Electronic,"Electronic, Dreamy, Euphoric, Hopeful, Laid Back, relaxed",6 Jul 2023,Regular,https://ncsmusic.s3.eu-west-1.amazonaws.com/tracks/000/001/466/realize-1688601659-L1LCIYSLIF.mp3,https://ncsmusic.s3.eu-west-1.amazonaws.com/tracks/000/001/466/100x100/realize-1688601657-lunqd0rvcq.jpg
Dial Tone,"Ghost'n'Ghost, Blooom, ASHWOOD",Electronic,"Electronic, energetic, Hopeful, Euphoric, Restless",6 Jul 2023,Regular,https://ncsmusic.s3.eu-west-1.amazonaws.com/tracks/000/001/467/dial-tone-1688601663-9EhWUHvddw.mp3,https://ncsmusic.s3.eu-west-1.amazonaws.com/tracks/000/001/467/100x100/dial-tone-1688601661-hSArvJXFt7.jpg
Sinister,"Chilly, SVRT, MADZI",Drum & Bass,"Drum & Bass, Angry, Dark, Fear, Restless, scary, Suspense",5 Jul 2023,Regular,https://ncsmusic.s3.eu-west-1.amazonaws.com/tracks/000/001/462/sinister-1688515247-n4Pe9xX3Ds.mp3,https://ncsmusic.s3.eu-west-1.amazonaws.com/tracks/000/001/462/100x100/sinister-1688515245-OUw57FdxbV.jpg
Too Late,"Brogs, SFRNG, Kaphy",Electronic,"Electronic, Dark, Fear, Mysterious, Quirky, Restless",4 Jul 2023,Regular,https://ncsmusic.s3.eu-west-1.amazonaws.com/tracks/000/001/461/too-late-1688428848-sESC4vFOJf.mp3,https://ncsmusic.s3.eu-west-1.amazonaws.com/tracks/000/001/461/100x100/too-late-1688428846-teb1DiNwiE.jpg
Walk Away,Vaskan,Hardstyle,"Hardstyle, energetic, Epic, Euphoric, Restless",30 Jun 2023,"Regular, Instrumental",https://ncsmusic.s3.eu-west-1.amazonaws.com/tracks/000/001/459/walk-away-1688083248-i22GuMzjjQ.mp3,https://ncsmusic.s3.eu-west-1.amazonaws.com/tracks/000/001/459/100x100/walk-away-1688083244-YJzC2bkhDi.jpg
TumDaDaDum,T & Sugah,Drum & Bass,"Drum & Bass, energetic, Epic, Euphoric, Happy, Hopeful",30 Jun 2023,Regular,https://ncsmusic.s3.eu-west-1.amazonaws.com/tracks/000/001/460/tumdadadum-1688083253-v99CMCvDZM.mp3,https://ncsmusic.s3.eu-west-1.amazonaws.com/tracks/000/001/460/100x100/tumdadadum-1688083251-e53CMvcwL0.jpg
diversion,Raude,Indie,"Indie Dance, energetic, Euphoric, Glamorous, Happy, Hopeful, Epic",29 Jun 2023,Regular,https://ncsmusic.s3.eu-west-1.amazonaws.com/tracks/000/001/458/diversion-1687996845-gQsPAifDiJ.mp3,https://ncsmusic.s3.eu-west-1.amazonaws.com/tracks/000/001/458/100x100/1688049259_v8cavFlYh7_diversionhq.jpg
The Time,Tatsunoshin,Electronic,"Electronic, Dreamy, Epic, Euphoric, romantic, Glamorous",28 Jun 2023,"Regular, Instrumental",https://ncsmusic.s3.eu-west-1.amazonaws.com/tracks/000/001/457/the-time-1687910448-WtXNbxxjBV.mp3,https://ncsmusic.s3.eu-west-1.amazonaws.com/tracks/000/001/457/100x100/the-time-1687910446-g1qqhGu7Wk.jpg
I Don't Wanna Know,Moav,Electronic,"Electronic, energetic, Epic, Euphoric, Glamorous, Quirky",27 Jun 2023,"Regular, Instrumental",https://ncsmusic.s3.eu-west-1.amazonaws.com/tracks/000/001/456/i-dont-wanna-know-1687824045-qJHzIknuf8.mp3,https://ncsmusic.s3.eu-west-1.amazonaws.com/tracks/000/001/456/100x100/i-dont-wanna-know-1687824043-ax6FoVFFgV.jpg
Everything Will Be Okay.,"Maze, Trinist",Drum & Bass,"Drum & Bass, energetic, Epic, Euphoric, Glamorous",23 Jun 2023,Regular,https://ncsmusic.s3.eu-west-1.amazonaws.com/tracks/000/001/450/everything-will-be-okay-1687478451-woY6b3qLJh.mp3,https://ncsmusic.s3.eu-west-1.amazonaws.com/tracks/000/001/450/100x100/everything-will-be-okay-1687478449-MlryvzEUmt.jpg
Lachrymose,"Maze, Trinist",Drum & Bass,"Drum & Bass, energetic, Epic, Euphoric, Glamorous",23 Jun 2023,Regular,https://ncsmusic.s3.eu-west-1.amazonaws.com/tracks/000/001/452/lachrymose-1687478456-PS9W1K5CNp.mp3,https://ncsmusic.s3.eu-west-1.amazonaws.com/tracks/000/001/452/100x100/lachrymose-1687478454-uVB3yN0PAH.jpg
Lonely Hour,"New Beat Order, Poylow, MAD SNAX",Electronic,"Electronic, Epic, energetic, Euphoric, Quirky",23 Jun 2023,"Regular, Instrumental",https://ncsmusic.s3.eu-west-1.amazonaws.com/tracks/000/001/453/lonely-hour-1687478460-w5AOhzAMgA.mp3,https://ncsmusic.s3.eu-west-1.amazonaws.com/tracks/000/001/453/100x100/lonely-hour-1687478459-kQeJ6V0i1P.jpg
Maria (ft. Blooom & Ghost'n'Ghost),"ASHWOOD, Ghost'n'Ghost, Blooom",Indie,"Indie Dance, energetic, Euphoric, Glamorous, Happy, romantic, Sexy",22 Jun 2023,Regular,https://ncsmusic.s3.eu-west-1.amazonaws.com/tracks/000/001/448/1687435164_8v36FKb0q7_ASHWOOD---Maria.mp3,https://ncsmusic.s3.eu-west-1.amazonaws.com/tracks/000/001/448/100x100/1687435164_3PPyEvAtIt_final.jpg
Eternity,CENTRIC,Drum & Bass,"Drum & Bass, Dark, energetic, Euphoric, Mysterious, Quirky",21 Jun 2023,Regular,https://ncsmusic.s3.eu-west-1.amazonaws.com/tracks/000/001/447/eternity-1687305663-tvw3CmWj65.mp3,https://ncsmusic.s3.eu-west-1.amazonaws.com/tracks/000/001/447/100x100/1720603449_BtH9DcMy93_CENTRIC---Eternity-.png
Too Far,"jeonghyeon, Noisy Choice",Future House,"Future House, energetic, Epic, Quirky, Happy, Restless",20 Jun 2023,"Regular, Instrumental",https://ncsmusic.s3.eu-west-1.amazonaws.com/tracks/000/001/442/too-far-1687219245-EdzDdHXqZC.mp3,https://ncsmusic.s3.eu-west-1.amazonaws.com/tracks/000/001/442/100x100/too-far-1687219243-KzZYQq4bKT.jpg
Clown Around,Daniel Levi,Indie,"Indie Dance, energetic, Euphoric, Happy, Hopeful, Laid Back, Funny",16 Jun 2023,"Regular, Instrumental",https://ncsmusic.s3.eu-west-1.amazonaws.com/tracks/000/001/439/clown-around-1686873647-Lvb1rdNUMA.mp3,https://ncsmusic.s3.eu-west-1.amazonaws.com/tracks/000/001/439/100x100/clown-around-1686873646-K2Frxpkxrv.jpg
DownBeat,Thorne,Future House,"Future House, energetic, Glamorous, Epic, Sexy, Euphoric",16 Jun 2023,"Regular, Instrumental",https://ncsmusic.s3.eu-west-1.amazonaws.com/tracks/000/001/440/downbeat-1686873656-mbx1WL1X7L.mp3,https://ncsmusic.s3.eu-west-1.amazonaws.com/tracks/000/001/440/100x100/downbeat-1686873655-Sv3CmOmGBY.jpg
EX,"Heleen, Afterfab, Coopex",Electronic,"Electronic, Dreamy, Glamorous, Laid Back, relaxed, Sexy",16 Jun 2023,Regular,https://ncsmusic.s3.eu-west-1.amazonaws.com/tracks/000/001/441/ex-1686873662-qp9IiXksb7.mp3,https://ncsmusic.s3.eu-west-1.amazonaws.com/tracks/000/001/441/100x100/ex-1686873660-cdDwpKb6rx.jpg
Burned,Henri Werner,Trap,"Trap, energetic, Glamorous, Epic, Sexy, Euphoric",15 Jun 2023,Regular,https://ncsmusic.s3.eu-west-1.amazonaws.com/tracks/000/001/438/burned-1686787246-yn60ZcaYqE.mp3,https://ncsmusic.s3.eu-west-1.amazonaws.com/tracks/000/001/438/100x100/burned-1686787245-iKbLj09uRt.jpg
me,joegarratt,Future House,"Future House, Dreamy, Euphoric, Glamorous, Quirky",14 Jun 2023,Regular,https://ncsmusic.s3.eu-west-1.amazonaws.com/tracks/000/001/437/me-1686700845-5Vjaq9OfQc.mp3,https://ncsmusic.s3.eu-west-1.amazonaws.com/tracks/000/001/437/100x100/me-1686700843-BGHnWNA0Z8.jpg
Dust,Kage,Future House,"Future House, Dark, Euphoric, Restless, energetic",13 Jun 2023,Regular,https://ncsmusic.s3.eu-west-1.amazonaws.com/tracks/000/001/436/dust-1686614448-CoEIq5HHIG.mp3,https://ncsmusic.s3.eu-west-1.amazonaws.com/tracks/000/001/436/100x100/dust-1686614445-3VE5CweNBf.jpg
Falling For You,"Charles B, Justmylørd",Future House,"Future House, energetic, Happy, Hopeful, romantic, Glamorous",9 Jun 2023,"Regular, Instrumental",https://ncsmusic.s3.eu-west-1.amazonaws.com/tracks/000/001/434/falling-for-you-1686268845-KJ3AtFb2C5.mp3,https://ncsmusic.s3.eu-west-1.amazonaws.com/tracks/000/001/434/100x100/falling-for-you-1686268843-H4idvpofYM.jpg
Set It Free,"John Dee, Litil, Elle Vee",Future Bass,"Future Bass, Dark, energetic, Epic, Mysterious, Quirky, Restless",9 Jun 2023,Regular,https://ncsmusic.s3.eu-west-1.amazonaws.com/tracks/000/001/435/set-it-free-1686268851-phCkh1LtPk.mp3,https://ncsmusic.s3.eu-west-1.amazonaws.com/tracks/000/001/435/100x100/set-it-free-1686268849-E99xjIz29d.jpg
Orphic Night (feat. Diandra Faye),"Diandra Faye, NIVIRO",Drum & Bass,"Drum & Bass, Epic, Restless, energetic, Euphoric, Quirky",8 Jun 2023,"Regular, Instrumental",https://ncsmusic.s3.eu-west-1.amazonaws.com/tracks/000/001/433/orphic-night-feat-diandra-faye-1686182449-PlASV6Uxr3.mp3,https://ncsmusic.s3.eu-west-1.amazonaws.com/tracks/000/001/433/100x100/1686216511_jdMTq2eFCL_orphic-night-final.jpg
Dracula,"Duke Gray, MANGASLAYERS, diGi",Electronic,"Electronic, Dark, Epic, Fear, Gloomy, Mysterious, Restless, scary",7 Jun 2023,"Regular, Instrumental",https://ncsmusic.s3.eu-west-1.amazonaws.com/tracks/000/001/432/dracula-1686096045-g6u9LG2mv5.mp3,https://ncsmusic.s3.eu-west-1.amazonaws.com/tracks/000/001/432/100x100/dracula-1686096043-F3UDpUU4kE.jpg
Dangerous,"Beneath My Shade, VOLT VISION",Phonk,"Phonk, Dark, Epic, Gloomy, Quirky, Restless",6 Jun 2023,"Regular, Instrumental",https://ncsmusic.s3.eu-west-1.amazonaws.com/tracks/000/001/431/dangerous-1686009646-UnGp0YLg9i.mp3,https://ncsmusic.s3.eu-west-1.amazonaws.com/tracks/000/001/431/100x100/dangerous-1686009644-ICxlZQvyur.jpg
Erase You,"Trinist, Maze",Drum & Bass,"Drum & Bass, energetic, Epic, Euphoric, Glamorous",2 Jun 2023,Regular,https://ncsmusic.s3.eu-west-1.amazonaws.com/tracks/000/001/429/erase-you-1685664044-75TYxW9ihi.mp3,https://ncsmusic.s3.eu-west-1.amazonaws.com/tracks/000/001/429/100x100/erase-you-1685664041-QI62lyZE20.jpg
Black and White,Josh Rubin,Future Bass,"Future Bass, Dreamy, Euphoric, Glamorous, Sexy, Mysterious",2 Jun 2023,"Regular, Instrumental",https://ncsmusic.s3.eu-west-1.amazonaws.com/tracks/000/001/430/black-and-white-1685664047-rqApNIYbLB.mp3,https://ncsmusic.s3.eu-west-1.amazonaws.com/tracks/000/001/430/100x100/black-and-white-1685664046-ed7yHXTzx8.jpg
Not A Thing,"Ghost'n'Ghost, Blooom, ASHWOOD",Electronic,"Electronic, Dreamy, Euphoric, Glamorous, Sexy, Mysterious",1 Jun 2023,Regular,https://ncsmusic.s3.eu-west-1.amazonaws.com/tracks/000/001/428/not-a-thing-1685577658-ue3EKVVaH5.mp3,https://ncsmusic.s3.eu-west-1.amazonaws.com/tracks/000/001/428/100x100/not-a-thing-1685577656-JZAz1CuQtB.jpg
The Rave,Toxic Joy,Future House,"Future House, energetic, Epic, Euphoric, Glamorous",31 May 2023,"Regular, Instrumental",https://ncsmusic.s3.eu-west-1.amazonaws.com/tracks/000/001/427/the-rave-1685491245-odUtZMjhhv.mp3,https://ncsmusic.s3.eu-west-1.amazonaws.com/tracks/000/001/427/100x100/the-rave-1685491242-DGBKTPKmfv.jpg
DANGEROUS,ANGELPLAYA,Phonk,"Phonk, Dark, energetic, Dreamy, Fear, Gloomy, Restless",30 May 2023,"Regular, Instrumental",https://ncsmusic.s3.eu-west-1.amazonaws.com/tracks/000/001/423/dangerous-1685404846-LNKI5v6GNw.mp3,https://ncsmusic.s3.eu-west-1.amazonaws.com/tracks/000/001/423/100x100/dangerous-1685404842-bcLD2EKi8i.jpg
Testify,"JOXION, EXYT",Future House,"Future House, energetic, Euphoric, Quirky, Restless, Epic",26 May 2023,"Regular, Instrumental",https://ncsmusic.s3.eu-west-1.amazonaws.com/tracks/000/001/424/testify-1685462446-faeHHyMIFq.mp3,https://ncsmusic.s3.eu-west-1.amazonaws.com/tracks/000/001/424/100x100/testify-1685462444-sA9a0Hq1fc.jpg
Just Getting Started,"Shiah Maisel, Jim Yosef",Electronic,"Electronic, Dreamy, energetic, Epic, Euphoric",26 May 2023,"Regular, Instrumental",https://ncsmusic.s3.eu-west-1.amazonaws.com/tracks/000/001/425/just-getting-started-1685462455-t0hbbQ31i0.mp3,https://ncsmusic.s3.eu-west-1.amazonaws.com/tracks/000/001/425/100x100/just-getting-started-1685462452-kcxIjlmqLD.jpg
Take Me Back,More Plastic,Drum & Bass,"Drum & Bass, Angry, energetic, Dark, Euphoric, Restless, Quirky",26 May 2023,"Regular, Instrumental",https://ncsmusic.s3.eu-west-1.amazonaws.com/tracks/000/001/426/take-me-back-1685462467-l0Z9eY8dzp.mp3,https://ncsmusic.s3.eu-west-1.amazonaws.com/tracks/000/001/426/100x100/take-me-back-1685462465-WjzLezmBp7.jpg
Useless,"jeonghyeon, Noisy Choice",Future House,"Future House, Dark, energetic, Restless, Epic, Euphoric",25 May 2023,"Regular, Instrumental",https://ncsmusic.s3.eu-west-1.amazonaws.com/tracks/000/001/422/useless-1684972851-Hcmlym4GMk.mp3,https://ncsmusic.s3.eu-west-1.amazonaws.com/tracks/000/001/422/100x100/useless-1684972849-E9E5gVJEx2.jpg
Falling,"CENTRIC, Aleya Mae",Drum & Bass,"Drum & Bass, Dreamy, energetic, Epic, Euphoric",24 May 2023,"Regular, Instrumental",https://ncsmusic.s3.eu-west-1.amazonaws.com/tracks/000/001/421/falling-1684886444-0b17F2feja.mp3,https://ncsmusic.s3.eu-west-1.amazonaws.com/tracks/000/001/421/100x100/1720603491_agH4fr08zR_CENTRIC---Falling.png
LOOK AT ME!,Rxm リム,Phonk,"Phonk, Dark, energetic, Dreamy, Fear, Gloomy, Restless",23 May 2023,Regular,https://ncsmusic.s3.eu-west-1.amazonaws.com/tracks/000/001/420/look-at-me-1684800044-ELwA38S36v.mp3,https://ncsmusic.s3.eu-west-1.amazonaws.com/tracks/000/001/420/100x100/look-at-me-1684800042-7VDusPiSuE.jpg
high4aminute,Raude,Electronic,"Electronic, energetic, Euphoric, Quirky, Restless, Mysterious, Hopeful",19 May 2023,Regular,https://ncsmusic.s3.eu-west-1.amazonaws.com/tracks/000/001/416/high4aminute-1684494044-tsTXmS32nK.mp3,https://ncsmusic.s3.eu-west-1.amazonaws.com/tracks/000/001/416/100x100/high4aminute-1684494041-n6XUW7lS1P.jpg
Alive (ft. iFeature),"iFeature, Thorne",Future House,"Future House, energetic, Euphoric, Quirky, Glamorous, Restless",19 May 2023,"Regular, Instrumental",https://ncsmusic.s3.eu-west-1.amazonaws.com/tracks/000/001/417/alive-ft-ifeature-1684494047-rv8d5YqIks.mp3,https://ncsmusic.s3.eu-west-1.amazonaws.com/tracks/000/001/417/100x100/alive-ft-ifeature-1684494045-BRrXa6Lizn.jpg
Lost In The Middle (ft. Mara Necia),"Mara Necia, T & Sugah",Drum & Bass,"Drum & Bass, energetic, Epic, Glamorous, Hopeful, Sexy",19 May 2023,Regular,https://ncsmusic.s3.eu-west-1.amazonaws.com/tracks/000/001/418/lost-in-the-middle-ft-mara-necia-1684494052-D3Aek9PLcP.mp3,https://ncsmusic.s3.eu-west-1.amazonaws.com/tracks/000/001/418/100x100/lost-in-the-middle-ft-mara-necia-1684494050-W0WFDnnGGJ.jpg
Falling (w/ CRVN) (Ayjin Remix),"Ayjin, Rival",Hardstyle,"Hardstyle, Angry, Dark, Epic, Euphoric, Restless",18 May 2023,Regular,https://ncsmusic.s3.eu-west-1.amazonaws.com/tracks/000/001/419/falling-w-crvn-ayjin-remix-1684494057-xL0rP7ulnf.mp3,https://ncsmusic.s3.eu-west-1.amazonaws.com/tracks/000/001/419/100x100/falling-w-crvn-ayjin-remix-1684494055-mQhCZYKHM6.jpg
Grey (ft. Endpoint),"Endpoint, MIHXI, Carpö",Melodic Dubstep,"Melodic Dubstep, energetic, Epic, Restless, Euphoric, Quirky, Weird",17 May 2023,Regular,https://ncsmusic.s3.eu-west-1.amazonaws.com/tracks/000/001/415/grey-ft-endpoint-1684281645-4QydfAFmXF.mp3,https://ncsmusic.s3.eu-west-1.amazonaws.com/tracks/000/001/415/100x100/grey-ft-endpoint-1684281643-bFMakXKEVC.jpg
Spend It All,Guy Arthur,Melodic Dubstep,"Melodic Dubstep, energetic, Epic, Restless, Euphoric, Quirky, Weird",16 May 2023,"Regular, Instrumental",https://ncsmusic.s3.eu-west-1.amazonaws.com/tracks/000/001/414/spend-it-all-1684195242-JOS0YHvWo5.mp3,https://ncsmusic.s3.eu-west-1.amazonaws.com/tracks/000/001/414/100x100/1684249439_1MAUZHNr7k_SPEND-IT-ALL-V1.png
Surrender,Josh Rubin,"Electronic, House","Electronic, House, energetic, Euphoric, Quirky, Restless, Mysterious, Hopeful, Sexy",12 May 2023,"Regular, Instrumental",https://ncsmusic.s3.eu-west-1.amazonaws.com/tracks/000/001/412/surrender-1683849645-sHbAsemsvU.mp3,https://ncsmusic.s3.eu-west-1.amazonaws.com/tracks/000/001/412/100x100/surrender-1683849643-2w9OtS9vgI.jpg
Would You Ever,"Maze, Trinist",Drum & Bass,"Drum & Bass, Epic, energetic, Euphoric, Quirky",12 May 2023,Regular,https://ncsmusic.s3.eu-west-1.amazonaws.com/tracks/000/001/413/would-you-ever-1683849652-Fw5408rbuE.mp3,https://ncsmusic.s3.eu-west-1.amazonaws.com/tracks/000/001/413/100x100/would-you-ever-1683849649-tqpSQvRAvx.jpg
Drowning,Blooom,Drum & Bass,"Drum & Bass, Dreamy, energetic, Dark, Gloomy, Glamorous, Sexy",11 May 2023,Regular,https://ncsmusic.s3.eu-west-1.amazonaws.com/tracks/000/001/411/drowning-1683763244-NnLY6O5BoK.mp3,https://ncsmusic.s3.eu-west-1.amazonaws.com/tracks/000/001/411/100x100/drowning-1683763242-v9wv86x58e.jpg
Erased (ft. Barmuda),"Thymen Wiendels, Barmuda",Future House,"Future House, energetic, Euphoric, Quirky, Restless, Epic",10 May 2023,"Regular, Instrumental",https://ncsmusic.s3.eu-west-1.amazonaws.com/tracks/000/001/410/erased-ft-barmuda-1683676845-MguV0Som4z.mp3,https://ncsmusic.s3.eu-west-1.amazonaws.com/tracks/000/001/410/100x100/erased-ft-barmuda-1683676843-WynQpet4K2.jpg
ONI,Kage,Future House,"Future House, Euphoric, Happy, energetic, Hopeful",9 May 2023,Regular,https://ncsmusic.s3.eu-west-1.amazonaws.com/tracks/000/001/409/oni-1683590449-b3o3EBdt7g.mp3,https://ncsmusic.s3.eu-west-1.amazonaws.com/tracks/000/001/409/100x100/oni-1683590446-JS2QK3LQhX.jpg
Dreamer (Rival Remix),"Rival, Alan Walker",Trap,"Trap, energetic, Euphoric, Glamorous, Happy, Epic, Weird",7 May 2023,Regular,https://ncsmusic.s3.eu-west-1.amazonaws.com/tracks/000/001/408/dreamer-rival-remix-1683417648-tlG33Woje8.mp3,https://ncsmusic.s3.eu-west-1.amazonaws.com/tracks/000/001/408/100x100/dreamer-rival-remix-1683417646-Zn4BnPGZqR.jpg
Down For Anything,Daniel Levi,Electronic,"Electronic, Sexy, Euphoric, energetic, Happy, Glamorous, Mysterious, Dreamy",5 May 2023,Regular,https://ncsmusic.s3.eu-west-1.amazonaws.com/tracks/000/001/405/down-for-anything-1683244847-SW4VXCa2KR.mp3,https://ncsmusic.s3.eu-west-1.amazonaws.com/tracks/000/001/405/100x100/down-for-anything-1683244845-UKxzmHHjLI.jpg
Your Highness,"4URA, JSTN DMND",Trap,"Trap, energetic, Epic, Restless, Euphoric, Quirky, Weird",5 May 2023,Regular,https://ncsmusic.s3.eu-west-1.amazonaws.com/tracks/000/001/406/your-highness-1683244852-fqlnsDdKY4.wav,https://ncsmusic.s3.eu-west-1.amazonaws.com/tracks/000/001/406/100x100/your-highness-1683244851-TH9BXZsHQ7.jpg
Halo (I'll Be There),"Poylow, Misfit, MAD SNAX",Future House,"Future House, energetic, Gloomy, Mysterious, Restless",5 May 2023,"Regular, Instrumental",https://ncsmusic.s3.eu-west-1.amazonaws.com/tracks/000/001/407/halo-ill-be-there-1683244860-NpFBOC5ZFH.mp3,https://ncsmusic.s3.eu-west-1.amazonaws.com/tracks/000/001/407/100x100/halo-ill-be-there-1683244858-Ciy17QDDiY.jpg
Forever Finally Ends,"Laney, Clarx",Electronic,"Electronic, Angry, Dark, Epic, Euphoric, Restless",4 May 2023,"Regular, Instrumental",https://ncsmusic.s3.eu-west-1.amazonaws.com/tracks/000/001/404/forever-finally-ends-1683158445-GEJRKawbxP.mp3,https://ncsmusic.s3.eu-west-1.amazonaws.com/tracks/000/001/404/100x100/forever-finally-ends-1683158443-rtDg5UOynn.jpg
Ignite My Heart (feat. Chris Ponate),"Chris Ponate, Adikop",Future House,"Future House, energetic, Euphoric, Quirky, Restless, Dark, Glamorous, Sexy",3 May 2023,"Regular, Instrumental",https://ncsmusic.s3.eu-west-1.amazonaws.com/tracks/000/001/403/ignite-my-heart-feat-chris-ponate-1683072045-EX5aTUXNER.mp3,https://ncsmusic.s3.eu-west-1.amazonaws.com/tracks/000/001/403/100x100/ignite-my-heart-feat-chris-ponate-1683072043-y4zk1A2rWG.jpg
uWu BURST,"Nomeli, Maikubi, FLAYA PLAYA",Phonk,"Phonk, Dark, Gloomy, energetic, Restless, Quirky",2 May 2023,Regular,https://ncsmusic.s3.eu-west-1.amazonaws.com/tracks/000/001/402/uwu-burst-1682985646-G1eWfjM5Q1.mp3,https://ncsmusic.s3.eu-west-1.amazonaws.com/tracks/000/001/402/100x100/uwu-burst-1682985644-IyLNoO3Gh6.jpg
Dreamer (Alex Skrindo Remix),"Alex Skrindo, Alan Walker",Future House,"Future House, energetic, Euphoric, Glamorous, Happy, Epic, Weird",30 Apr 2023,Regular,https://ncsmusic.s3.eu-west-1.amazonaws.com/tracks/000/001/401/dreamer-alex-skrindo-remix-1682812847-CuVnHwbOA5.mp3,https://ncsmusic.s3.eu-west-1.amazonaws.com/tracks/000/001/401/100x100/dreamer-alex-skrindo-remix-1682812845-ujT0oE6eGx.jpg
Your Love,Vaskan,Hardstyle,"Hardstyle, energetic, Epic, Glamorous, Euphoric",28 Apr 2023,"Regular, Instrumental",https://ncsmusic.s3.eu-west-1.amazonaws.com/tracks/000/001/399/your-love-1682640044-QnHY0PKOdr.mp3,https://ncsmusic.s3.eu-west-1.amazonaws.com/tracks/000/001/399/100x100/your-love-1682640042-W9IWngT52D.jpg
Desperate,NEFFEX,"Electronic, EDM","Electronic, EDM, energetic, Euphoric, Epic, Dark, Angry, Fear",28 Apr 2023,"Regular, Instrumental",https://ncsmusic.s3.eu-west-1.amazonaws.com/tracks/000/001/400/desperate-1682640049-lDyYh7cwas.mp3,https://ncsmusic.s3.eu-west-1.amazonaws.com/tracks/000/001/400/100x100/desperate-1682640048-tMvKj5OgSZ.jpg
If Looks Can Kill,"Sam Welch, KHEMIS, Coopex",Future House,"Future House, energetic, Gloomy, Mysterious, Restless",27 Apr 2023,Regular,https://ncsmusic.s3.eu-west-1.amazonaws.com/tracks/000/001/398/if-looks-can-kill-1682553645-duHdeREpAk.mp3,https://ncsmusic.s3.eu-west-1.amazonaws.com/tracks/000/001/398/100x100/if-looks-can-kill-1682553642-z2bXtSXTPe.jpg
A&B,"ETikka, MADZI",Melodic Dubstep,"Melodic Dubstep, energetic, Epic, Restless, Euphoric, Quirky, Weird",26 Apr 2023,Regular,https://ncsmusic.s3.eu-west-1.amazonaws.com/tracks/000/001/397/ab-1682467244-NrZNdnMBAj.mp3,https://ncsmusic.s3.eu-west-1.amazonaws.com/tracks/000/001/397/100x100/ab-1682467242-3HRBBpgUNg.jpg
Dreamer (BEAUZ & Heleen Remix),"Heleen, BEAUZ, Alan Walker",,"Dark, energetic, Restless, Suspense, Quirky, Dreamy, sad",23 Apr 2023,Regular,https://ncsmusic.s3.eu-west-1.amazonaws.com/tracks/000/001/395/dreamer-beauz-remix-1682208046-Kyawp8Cv56.mp3,https://ncsmusic.s3.eu-west-1.amazonaws.com/tracks/000/001/395/100x100/dreamer-beauz-remix-1682208044-Rj2CtZSzJo.jpg
Ride or Die (ft. Indy Skies),"Indy Skies, Pirapus, Andromedik",Drum & Bass,"Drum & Bass, Dreamy, energetic, Dark, Gloomy, Glamorous, Sexy",21 Apr 2023,"Regular, Instrumental",https://ncsmusic.s3.eu-west-1.amazonaws.com/tracks/000/001/392/ride-or-die-ft-indy-skies-1682035246-62KDXNlTqM.mp3,https://ncsmusic.s3.eu-west-1.amazonaws.com/tracks/000/001/392/100x100/ride-or-die-ft-indy-skies-1682035243-iIY0XmtHA3.jpg
All Night,Toxic Joy,Future House,"Future House, energetic, Euphoric, Mysterious, Quirky, Restless, Epic, Weird",21 Apr 2023,"Regular, Instrumental",https://ncsmusic.s3.eu-west-1.amazonaws.com/tracks/000/001/393/all-night-1682035257-KaVkEEcmP6.mp3,https://ncsmusic.s3.eu-west-1.amazonaws.com/tracks/000/001/393/100x100/all-night-1682035255-TbJWNiVFyo.jpg
Don't Want To Feel,"nøll, Highlnd, Josh Rubin",Future Bass,"Future Bass, energetic, Mysterious, sad, Dreamy, Gloomy, Hopeful",21 Apr 2023,"Regular, Instrumental",https://ncsmusic.s3.eu-west-1.amazonaws.com/tracks/000/001/394/dont-want-to-feel-1682035263-2JXbm4Mu9F.mp3,https://ncsmusic.s3.eu-west-1.amazonaws.com/tracks/000/001/394/100x100/dont-want-to-feel-1682035261-FBtxPAnKXi.jpg
PLAYAS NEVER DIE,ANGELPLAYA,Phonk,"Phonk, Dark, energetic, Gloomy, Mysterious, Restless",20 Apr 2023,Regular,https://ncsmusic.s3.eu-west-1.amazonaws.com/tracks/000/001/391/1681982707_j4KurRpGjt_01-ANGELPLAYA---PLAYAS-NEVER-DIE-NCS-Release-1.mp3,https://ncsmusic.s3.eu-west-1.amazonaws.com/tracks/000/001/391/100x100/playas-never-die-1681948843-x4rfRcFJsK.jpg
Overcome,CENTRIC,Drum & Bass,"Drum & Bass, Dreamy, energetic, Dark, Gloomy, Glamorous, Sexy",19 Apr 2023,"Regular, Instrumental",https://ncsmusic.s3.eu-west-1.amazonaws.com/tracks/000/001/390/overcome-1681862444-ZFubp7DpRr.mp3,https://ncsmusic.s3.eu-west-1.amazonaws.com/tracks/000/001/390/100x100/1720603511_hr4rQrnlvD_CENTRIC---Overcome.png
Set You Free,Siimi,Drum & Bass,"Drum & Bass, Dreamy, energetic, Mysterious, Quirky, Restless, Weird",18 Apr 2023,"Regular, Instrumental",https://ncsmusic.s3.eu-west-1.amazonaws.com/tracks/000/001/389/set-you-free-1681776044-2cmNJsTRXB.mp3,https://ncsmusic.s3.eu-west-1.amazonaws.com/tracks/000/001/389/100x100/set-you-free-1681776042-54MDTVzQ44.jpg
Dreamer (Egzod Remix),"Egzod, Alan Walker",Melodic Dubstep,"Melodic Dubstep, energetic, Euphoric, Glamorous, Happy, Epic, Weird",16 Apr 2023,Regular,https://ncsmusic.s3.eu-west-1.amazonaws.com/tracks/000/001/388/dreamer-egzod-remix-1681603246-ZVuIoQeedU.mp3,https://ncsmusic.s3.eu-west-1.amazonaws.com/tracks/000/001/388/100x100/dreamer-egzod-remix-1681603244-aQrEocvmqG.jpg
Everything U Promised,"JJL, Malarkey",Future House,"Future House, Dark, Euphoric, energetic, Restless",14 Apr 2023,"Regular, Instrumental",https://ncsmusic.s3.eu-west-1.amazonaws.com/tracks/000/001/385/everything-u-promised-1681430445-o48RfXGQwM.mp3,https://ncsmusic.s3.eu-west-1.amazonaws.com/tracks/000/001/385/100x100/everything-u-promised-1681430443-8vUUJk5P6C.jpg
The Raven,"XTOM, ATSMXN",Phonk,"Phonk, Dark, energetic, Gloomy, Mysterious, Restless",14 Apr 2023,"Regular, Instrumental",https://ncsmusic.s3.eu-west-1.amazonaws.com/tracks/000/001/386/the-raven-1681430451-UWC7yiDKM4.mp3,https://ncsmusic.s3.eu-west-1.amazonaws.com/tracks/000/001/386/100x100/the-raven-1681430449-GfMip01KBI.jpg
Immortal (feat. Josh Rubin),"CITYWLKR, Josh Rubin",Future House,"Future House, Dark, energetic, Gloomy, Mysterious, Restless",14 Apr 2023,Regular,https://ncsmusic.s3.eu-west-1.amazonaws.com/tracks/000/001/387/immortal-feat-josh-rubin-1681430457-9E9o4nXlDy.mp3,https://ncsmusic.s3.eu-west-1.amazonaws.com/tracks/000/001/387/100x100/immortal-feat-josh-rubin-1681430454-KZGK9j872L.jpg
Falling Down,Alex Skrindo,Future House,"Future House, energetic, Gloomy, Mysterious, Restless",13 Apr 2023,"Regular, Instrumental",https://ncsmusic.s3.eu-west-1.amazonaws.com/tracks/000/001/384/falling-down-1681344044-QBcmXMCcyc.mp3,https://ncsmusic.s3.eu-west-1.amazonaws.com/tracks/000/001/384/100x100/falling-down-1681344043-jPmn5yr4Kj.jpg
094,JOXION,Future House,"Future House, Dreamy, energetic, Dark, Gloomy, Glamorous, Sexy",12 Apr 2023,"Regular, Instrumental",https://ncsmusic.s3.eu-west-1.amazonaws.com/tracks/000/001/382/1681310355_dOuJe8pucP_JOXION---094-Radio-Edit.mp3,https://ncsmusic.s3.eu-west-1.amazonaws.com/tracks/000/001/382/100x100/094-1681257644-LBBlObBGRw.jpg
Bad Habit (feat. Zaug) - Phonk Version,"Zaug, Jéja",Phonk,"Phonk, energetic, Epic, Glamorous, Quirky, Restless, romantic, Dark, Gloomy",12 Apr 2023,"Regular, Instrumental",https://ncsmusic.s3.eu-west-1.amazonaws.com/tracks/000/001/383/bad-habit-feat-zaug-phonk-version-1681257652-UV8yjeWUX4.mp3,https://ncsmusic.s3.eu-west-1.amazonaws.com/tracks/000/001/383/100x100/bad-habit-feat-zaug-phonk-version-1681257649-14D35K1Vt7.jpg
Paper Walls (with Mykyl),"Mykyl, Riggs, Elliot Kings",Electronic,"Electronic, Dreamy, energetic, Euphoric, Glamorous, Happy, Hopeful, Quirky, romantic, scary",11 Apr 2023,"Regular, Instrumental",https://ncsmusic.s3.eu-west-1.amazonaws.com/tracks/000/001/381/paper-walls-with-mykyl-1681171246-Wy9SRdzbWt.mp3,https://ncsmusic.s3.eu-west-1.amazonaws.com/tracks/000/001/381/100x100/paper-walls-with-mykyl-1681171244-4bboV8DU0S.jpg
Dreamer,Alan Walker,House,"House, energetic, Epic, Euphoric, Glamorous, Quirky, Restless, romantic",7 Apr 2023,Regular,https://ncsmusic.s3.eu-west-1.amazonaws.com/tracks/000/001/378/dreamer-1680825645-w02oSTah2D.mp3,https://ncsmusic.s3.eu-west-1.amazonaws.com/tracks/000/001/378/100x100/dreamer-1680825643-xI8uIuthxk.jpg
Reflect,Syn Cole,House,"House, energetic, Epic, Euphoric, Glamorous, Quirky, Restless, romantic",7 Apr 2023,Regular,https://ncsmusic.s3.eu-west-1.amazonaws.com/tracks/000/001/379/reflect-1680825649-v7IWVR2wep.mp3,https://ncsmusic.s3.eu-west-1.amazonaws.com/tracks/000/001/379/100x100/reflect-1680825647-uMebcSg1CA.jpg
Mirage Of My Heart (ft. Fayzone),"Fayzone, Valax, D'Amico",Future House,"Future House, Dreamy, energetic, Dark, Gloomy, Glamorous, Sexy",7 Apr 2023,"Regular, Instrumental",https://ncsmusic.s3.eu-west-1.amazonaws.com/tracks/000/001/380/mirage-of-my-heart-ft-fayzone-1680825656-bJ1X7g0dVC.mp3,https://ncsmusic.s3.eu-west-1.amazonaws.com/tracks/000/001/380/100x100/mirage-of-my-heart-ft-fayzone-1680825654-pAsyehoSHb.jpg
Overdrive (ft. Ellerslie),"Ellerslie, Millbrook",Drum & Bass,"Drum & Bass, Dreamy, energetic, Dark, Gloomy, Glamorous, Sexy",6 Apr 2023,"Regular, Instrumental",https://ncsmusic.s3.eu-west-1.amazonaws.com/tracks/000/001/377/overdrive-ft-ellerslie-1680739244-e0q1adtRym.mp3,https://ncsmusic.s3.eu-west-1.amazonaws.com/tracks/000/001/377/100x100/overdrive-ft-ellerslie-1680739243-Y7Sa1q4KCD.jpg
Ignite,"Nat James, 22 Void Beats, VERB","Trap, Electronic","Trap, Electronic, energetic, Euphoric, Mysterious, Quirky, Restless, Epic, Weird",5 Apr 2023,Regular,https://ncsmusic.s3.eu-west-1.amazonaws.com/tracks/000/001/376/ignite-1680652845-5ir4KDbx43.mp3,https://ncsmusic.s3.eu-west-1.amazonaws.com/tracks/000/001/376/100x100/ignite-1680652842-uf4ZgT2uWk.jpg
CONNECTION,Rxm リム,Phonk,"Phonk, Dark, energetic, Gloomy, Mysterious, Restless",4 Apr 2023,Regular,https://ncsmusic.s3.eu-west-1.amazonaws.com/tracks/000/001/375/connection-1680566444-5wFuXf3pwK.mp3,https://ncsmusic.s3.eu-west-1.amazonaws.com/tracks/000/001/375/100x100/connection-1680566442-pQJHEedUSQ.jpg
Rush,iFeature,Drum & Bass,"Drum & Bass, Dreamy, energetic, Dark, Gloomy, Glamorous, Sexy",31 Mar 2023,Regular,https://ncsmusic.s3.eu-west-1.amazonaws.com/tracks/000/001/373/rush-1680220841-ngfVkiheAI.mp3,https://ncsmusic.s3.eu-west-1.amazonaws.com/tracks/000/001/373/100x100/1680254201_cYqqp4tnxp_iFeature---Rush-Artwork-3000x3000.png
One Taste,"URBANO, More Plastic",Drum & Bass,"Drum & Bass, Dark, energetic, Gloomy, Mysterious, Restless, Quirky",31 Mar 2023,"Regular, Instrumental",https://ncsmusic.s3.eu-west-1.amazonaws.com/tracks/000/001/374/one-taste-1680220846-Hy301YYZAJ.mp3,https://ncsmusic.s3.eu-west-1.amazonaws.com/tracks/000/001/374/100x100/one-taste-1680220844-VRKrBCdKHE.jpg
Blade Fury,"ATSMXN, VØJ",Phonk,"Phonk, Dark, energetic, Dreamy, Fear, Gloomy, Restless",30 Mar 2023,Regular,https://ncsmusic.s3.eu-west-1.amazonaws.com/tracks/000/001/372/blade-fury-1680134442-Q6feW4nc9p.mp3,https://ncsmusic.s3.eu-west-1.amazonaws.com/tracks/000/001/372/100x100/blade-fury-1680134441-mZLH70Htm2.jpg
aya,joegarratt,Trap,"Trap, Dreamy, energetic, Dark, Gloomy, Glamorous, Sexy",29 Mar 2023,Regular,https://ncsmusic.s3.eu-west-1.amazonaws.com/tracks/000/001/371/aya-1680048043-tw5MrD9hs3.mp3,https://ncsmusic.s3.eu-west-1.amazonaws.com/tracks/000/001/371/100x100/aya-1680048041-0vNfK08tTJ.jpg
ITTY BITTY (feat. EHLE),"EHLE, Henri Werner",Electronic,"Electronic, Dreamy, energetic, Dark, Gloomy, Glamorous",28 Mar 2023,Regular,https://ncsmusic.s3.eu-west-1.amazonaws.com/tracks/000/001/370/itty-bitty-feat-ehle-1679961643-ATy2zLQ75y.mp3,https://ncsmusic.s3.eu-west-1.amazonaws.com/tracks/000/001/370/100x100/itty-bitty-feat-ehle-1679961640-PXkU65zZm7.jpg
Bad Habit (feat. Zaug),"Zaug, Jéja",Electronic,"Electronic, energetic, Epic, Euphoric, Glamorous, Quirky, Restless, romantic",24 Mar 2023,"Regular, Instrumental",https://ncsmusic.s3.eu-west-1.amazonaws.com/tracks/000/001/367/bad-habit-feat-zaug-1679619646-W4Zoixx5nI.mp3,https://ncsmusic.s3.eu-west-1.amazonaws.com/tracks/000/001/367/100x100/bad-habit-feat-zaug-1679619644-tvdPYtosQ2.jpg
Don't Left Me,CØDE,"Electronic, Future House","Electronic, Future House, energetic, Epic, Euphoric, Glamorous, Quirky, Restless, romantic",24 Mar 2023,Regular,https://ncsmusic.s3.eu-west-1.amazonaws.com/tracks/000/001/368/dont-left-me-1679619652-2p193hS3WO.mp3,https://ncsmusic.s3.eu-west-1.amazonaws.com/tracks/000/001/368/100x100/1679639126_vkb0VxL7Tu_final.jpg
Visions,AC13,Drum & Bass,"Drum & Bass, Euphoric, energetic, Gloomy, Mysterious, Restless, romantic",24 Mar 2023,Regular,https://ncsmusic.s3.eu-west-1.amazonaws.com/tracks/000/001/369/visions-1679619655-xOI9oQv5Mz.mp3,https://ncsmusic.s3.eu-west-1.amazonaws.com/tracks/000/001/369/100x100/visions-1679619654-VXb9V8qSPV.jpg
The Rage (feat. Micah Martin),"Micah Martin, Awon, OMAS",Melodic Dubstep,"Melodic Dubstep, energetic, Epic, Restless, Euphoric, Quirky, Weird",23 Mar 2023,Regular,https://ncsmusic.s3.eu-west-1.amazonaws.com/tracks/000/001/364/the-rage-feat-micah-martin-1679533242-OGsynjoiIh.mp3,https://ncsmusic.s3.eu-west-1.amazonaws.com/tracks/000/001/364/100x100/the-rage-feat-micah-martin-1679533240-31FjVsAzxz.jpg
World on Fire,CENTRIC,Drum & Bass,"Drum & Bass, energetic, Gloomy, Mysterious, Restless, Epic, Angry, Euphoric, scary",22 Mar 2023,"Regular, Instrumental",https://ncsmusic.s3.eu-west-1.amazonaws.com/tracks/000/001/360/world-on-fire-1679446843-F1OKJDouvf.mp3,https://ncsmusic.s3.eu-west-1.amazonaws.com/tracks/000/001/360/100x100/1720603528_lbWczhMxjG_CENTRIC---World-On-Fire.png
2AM (feat. shi’tz),"shi'tz, SIIK, WYKO",Future House,"Future House, energetic, Gloomy, Mysterious, Restless, Epic, romantic, Angry",21 Mar 2023,"Regular, Instrumental",https://ncsmusic.s3.eu-west-1.amazonaws.com/tracks/000/001/359/2am-feat-shitz-1679360443-txKF6pbWiD.mp3,https://ncsmusic.s3.eu-west-1.amazonaws.com/tracks/000/001/359/100x100/2am-feat-shitz-1679360439-QZgnhXoOHY.jpg
Give It To Me,"Tisoki, Cesqeaux",Trap,"Trap, energetic, Epic, Restless, Euphoric, Quirky, Weird",17 Mar 2023,Regular,https://ncsmusic.s3.eu-west-1.amazonaws.com/tracks/000/001/357/give-it-to-me-1679014841-iV55tN3Lve.mp3,https://ncsmusic.s3.eu-west-1.amazonaws.com/tracks/000/001/357/100x100/give-it-to-me-1679014839-4gDzXXu7ji.jpg
Flow,"MADZI, JOXION",Future House,"Future House, energetic, Gloomy, Mysterious, Restless, Epic, romantic",17 Mar 2023,"Regular, Instrumental",https://ncsmusic.s3.eu-west-1.amazonaws.com/tracks/000/001/358/flow-1679014846-dAsfg5jRoY.mp3,https://ncsmusic.s3.eu-west-1.amazonaws.com/tracks/000/001/358/100x100/flow-1679014844-w1PlfMPODi.jpg
PSYCHOPATHIC,ANGELPLAYA,Phonk,"Phonk, Dark, energetic, Gloomy, Mysterious, Restless",16 Mar 2023,"Regular, Instrumental",https://ncsmusic.s3.eu-west-1.amazonaws.com/tracks/000/001/355/psychopathic-1678928444-yZNEL2XR6Y.mp3,https://ncsmusic.s3.eu-west-1.amazonaws.com/tracks/000/001/355/100x100/psychopathic-1678928440-xW9XHNN2YE.jpg
Walk Away,"SRY, Toxic Joy",Electronic,"Electronic, energetic, Euphoric, Glamorous, Happy, Laid Back, Restless, Sexy",15 Mar 2023,"Regular, Instrumental",https://ncsmusic.s3.eu-west-1.amazonaws.com/tracks/000/001/354/walk-away-1678842044-El4FwgbcAZ.mp3,https://ncsmusic.s3.eu-west-1.amazonaws.com/tracks/000/001/354/100x100/walk-away-1678842041-YsQ54dAWXM.jpg
Voyage,PLEEG,Electronic,"Electronic, Mysterious, Laid Back, Glamorous, Happy, relaxed, energetic, Quirky, Restless",14 Mar 2023,"Regular, Instrumental",https://ncsmusic.s3.eu-west-1.amazonaws.com/tracks/000/001/353/voyage-1678755642-ik2hTZVSv3.mp3,https://ncsmusic.s3.eu-west-1.amazonaws.com/tracks/000/001/353/100x100/voyage-1678755641-9eHC98QJLi.jpg
What I Say (Thorne Remix),"WATEVA, Thorne",Future House,"Future House, Epic, energetic, Suspense, Dark, Gloomy, Angry",10 Mar 2023,Regular,https://ncsmusic.s3.eu-west-1.amazonaws.com/tracks/000/001/350/what-i-say-thorne-remix-1678410042-g0qQn9V6wt.mp3,https://ncsmusic.s3.eu-west-1.amazonaws.com/tracks/000/001/350/100x100/what-i-say-thorne-remix-1678410040-zXkPnyMhDd.jpg
Can't Break Me Down,PHI NIX,"Trap, Electronic","Trap, Electronic, Dark, energetic, Mysterious, Restless, Quirky",10 Mar 2023,Regular,https://ncsmusic.s3.eu-west-1.amazonaws.com/tracks/000/001/351/cant-break-me-down-1678410046-kFPzMvcoFW.mp3,https://ncsmusic.s3.eu-west-1.amazonaws.com/tracks/000/001/351/100x100/cant-break-me-down-1678410044-5SnSdYYspG.png
numbers,Meggie York,Electronic,"Electronic, Mysterious, Quirky, energetic, sad, Dreamy, Euphoric",10 Mar 2023,Regular,https://ncsmusic.s3.eu-west-1.amazonaws.com/tracks/000/001/352/numbers-1678410048-FgjFN5iHnH.mp3,https://ncsmusic.s3.eu-west-1.amazonaws.com/tracks/000/001/352/100x100/1678709382_zm4g6fckEU_MEGGIE-YORK---NUMBERS-COVER-ART-FINAL.png
Electric,Akacia,"Electronic, Melodic Dubstep","Electronic, Melodic Dubstep, Epic, energetic, Mysterious, Euphoric, Quirky, Glamorous, Restless",9 Mar 2023,"Regular, Instrumental",https://ncsmusic.s3.eu-west-1.amazonaws.com/tracks/000/001/349/electric-1678323641-cpToTXlw2R.mp3,https://ncsmusic.s3.eu-west-1.amazonaws.com/tracks/000/001/349/100x100/electric-1678323639-WFddLAPzhX.jpg
feel,JB Hain,"Electronic, EDM","Electronic, EDM, Mysterious, Quirky, energetic, sad, Dreamy, Euphoric",8 Mar 2023,Regular,https://ncsmusic.s3.eu-west-1.amazonaws.com/tracks/000/001/348/feel-1678237242-FUuQI81mAk.mp3,https://ncsmusic.s3.eu-west-1.amazonaws.com/tracks/000/001/348/100x100/feel-1678237240-1GOdljoEOi.jpg
Sharks,Zeli,"Indie, Electronic","Indie Dance, Electronic, Mysterious, sad, Quirky, Dreamy, Gloomy, Laid Back, romantic",7 Mar 2023,"Regular, Instrumental",https://ncsmusic.s3.eu-west-1.amazonaws.com/tracks/000/001/347/sharks-1678150841-gL3IK37MiW.mp3,https://ncsmusic.s3.eu-west-1.amazonaws.com/tracks/000/001/347/100x100/1678185840_2wOuqLHsIE_final.jpg
A Mere Blip In Your Timeline,OBLVYN,Future Bass,"Future Bass, Epic, energetic, Mysterious, Euphoric, Quirky, Dreamy, Glamorous, Restless",6 Mar 2023,Regular,https://ncsmusic.s3.eu-west-1.amazonaws.com/tracks/000/001/346/a-mere-blip-in-your-timeline-1678064442-e86Qt5RIUV.mp3,https://ncsmusic.s3.eu-west-1.amazonaws.com/tracks/000/001/346/100x100/a-mere-blip-in-your-timeline-1678064440-biC8vueyHR.jpg
Freak Show (feat. India Dupriez),"Poylow, Lucky Low, MAD SNAX",Electronic,"Electronic, Epic, energetic, Mysterious, Dark, Euphoric, Quirky",3 Mar 2023,"Regular, Instrumental",https://ncsmusic.s3.eu-west-1.amazonaws.com/tracks/000/001/344/freak-show-feat-india-dupriez-1677805244-wdeDnK1eQ7.mp3,https://ncsmusic.s3.eu-west-1.amazonaws.com/tracks/000/001/344/100x100/freak-show-feat-india-dupriez-1677805240-6CuejGS4x7.jpg
Let's Play,MADZI,"Electronic, Bass House","Electronic, Bass House, Epic, energetic, Mysterious, Dark, Euphoric, Quirky",3 Mar 2023,Regular,https://ncsmusic.s3.eu-west-1.amazonaws.com/tracks/000/001/345/lets-play-1677805252-u1M9WR6dDv.mp3,https://ncsmusic.s3.eu-west-1.amazonaws.com/tracks/000/001/345/100x100/lets-play-1677805249-ybqSOU3zAh.jpg
Catching Feelings,VERB,Electronic,"Electronic, Quirky, energetic, Glamorous, Sexy, Restless",1 Mar 2023,Regular,https://ncsmusic.s3.eu-west-1.amazonaws.com/tracks/000/001/343/catching-feelings-1677632448-Zy6PAlUffl.mp3,https://ncsmusic.s3.eu-west-1.amazonaws.com/tracks/000/001/343/100x100/catching-feelings-1677632446-jJ8067RcMr.jpg
Heaven Knows,"Vizzen, Protolizard",Hardstyle,"Hardstyle, Quirky, energetic, Glamorous, Sexy, Restless",28 Feb 2023,Regular,https://ncsmusic.s3.eu-west-1.amazonaws.com/tracks/000/001/342/heaven-knows-1677546043-VJl36lEUFJ.mp3,https://ncsmusic.s3.eu-west-1.amazonaws.com/tracks/000/001/342/100x100/heaven-knows-1677546041-lpun9CX4QD.jpg
Bring It Back,Polygon,Drum & Bass,"Drum & Bass, Dark, energetic, Gloomy, Mysterious, Restless",24 Feb 2023,"Regular, Instrumental",https://ncsmusic.s3.eu-west-1.amazonaws.com/tracks/000/001/340/bring-it-back-1677200443-8MuBrJaAM7.mp3,https://ncsmusic.s3.eu-west-1.amazonaws.com/tracks/000/001/340/100x100/bring-it-back-1677200441-DOTf47qx1x.jpg
Trust Me,Blackryst,Electronic,"Electronic, Laid Back, Sexy, romantic, Mysterious, Quirky, Dreamy",24 Feb 2023,"Regular, Instrumental",https://ncsmusic.s3.eu-west-1.amazonaws.com/tracks/000/001/341/trust-me-1677200449-m3ihTXdPyQ.mp3,https://ncsmusic.s3.eu-west-1.amazonaws.com/tracks/000/001/341/100x100/trust-me-1677200448-3SAnpEV23e.jpg
Enemies,"ATSMXN, XTOM",Phonk,"Phonk, Dark, energetic, Gloomy, Mysterious, Restless",23 Feb 2023,"Regular, Instrumental",https://ncsmusic.s3.eu-west-1.amazonaws.com/tracks/000/001/339/enemies-1677114044-PrmWABopsz.mp3,https://ncsmusic.s3.eu-west-1.amazonaws.com/tracks/000/001/339/100x100/enemies-1677114042-Rmoixr6pQZ.jpg
Heart Robbery,Harddope,Future House,"Future House, Laid Back, Sexy, romantic, Mysterious, Quirky, Dreamy",22 Feb 2023,"Regular, Instrumental",https://ncsmusic.s3.eu-west-1.amazonaws.com/tracks/000/001/338/heart-robbery-1677027644-X2Bs9Keyi0.mp3,https://ncsmusic.s3.eu-west-1.amazonaws.com/tracks/000/001/338/100x100/heart-robbery-1677027641-wo14U2Vc40.jpg
Paradise,"N3WPORT, Britt Lari",Dubstep,"Dubstep, Mysterious, energetic, Glamorous, Restless, Dreamy, Quirky",21 Feb 2023,"Regular, Instrumental",https://ncsmusic.s3.eu-west-1.amazonaws.com/tracks/000/001/337/paradise-1676941243-0YvVzzTnfu.mp3,https://ncsmusic.s3.eu-west-1.amazonaws.com/tracks/000/001/337/100x100/paradise-1676941241-aJnWERjZvK.jpg
Guide You Home,"Diviners, Level 8",House,"House, Epic, energetic, Euphoric, Quirky",17 Feb 2023,Regular,https://ncsmusic.s3.eu-west-1.amazonaws.com/tracks/000/001/330/guide-you-home-1676595644-ChvWHWcgo4.mp3,https://ncsmusic.s3.eu-west-1.amazonaws.com/tracks/000/001/330/100x100/guide-you-home-1676595642-aLVEeBI2VJ.jpg
Cozy Thunder,iFeature,"Electronic, Future House","Electronic, Future House, Laid Back, Sexy, romantic, Mysterious, Quirky, Dreamy",17 Feb 2023,Regular,https://ncsmusic.s3.eu-west-1.amazonaws.com/tracks/000/001/335/cozy-thunder-1676595671-EqL5EASnS7.mp3,https://ncsmusic.s3.eu-west-1.amazonaws.com/tracks/000/001/335/100x100/cozy-thunder-1676595669-B160ybjRtu.jpg
Indifferent,iFeature,"Electronic, Future House","Electronic, Future House, Mysterious, energetic, Glamorous, Restless, Dreamy, Quirky",17 Feb 2023,Regular,https://ncsmusic.s3.eu-west-1.amazonaws.com/tracks/000/001/336/indifferent-1676595674-IyYwwCYkhP.mp3,https://ncsmusic.s3.eu-west-1.amazonaws.com/tracks/000/001/336/100x100/indifferent-1676595672-4Eti5h1rGf.jpg
Make Waves (feat. Brynja Mary),"ReauBeau, Brynja Mary",Drum & Bass,"Drum & Bass, energetic, romantic, Quirky, Dreamy",16 Feb 2023,Regular,https://ncsmusic.s3.eu-west-1.amazonaws.com/tracks/000/001/329/make-waves-feat-brynja-mary-1676509246-4XE58s29p2.mp3,https://ncsmusic.s3.eu-west-1.amazonaws.com/tracks/000/001/329/100x100/make-waves-feat-brynja-mary-1676509240-2vc3GGxyVd.jpg
Dynamiser,"CENTRIC, Dani King",Drum & Bass,"Drum & Bass, Epic, energetic, Euphoric, Quirky",15 Feb 2023,"Regular, Instrumental",https://ncsmusic.s3.eu-west-1.amazonaws.com/tracks/000/001/328/dynamiser-1676422843-JMQsux4110.mp3,https://ncsmusic.s3.eu-west-1.amazonaws.com/tracks/000/001/328/100x100/1720603547_gDG1qWZKqB_CENTRIC---Dynamiser.png
4 Love (Ft. P-One),"Wiguez, Alltair, P-One",Future House,"Future House, romantic, energetic, Quirky, Restless",14 Feb 2023,Regular,https://ncsmusic.s3.eu-west-1.amazonaws.com/tracks/000/001/326/4-love-ft-p-one-1676336461-yP4hDeKevW.mp3,https://ncsmusic.s3.eu-west-1.amazonaws.com/tracks/000/001/326/100x100/4-love-ft-p-one-1676336458-3AKqLb47qC.jpg
Gone,"Wiguez, Rico 56",Drum & Bass,"Drum & Bass, energetic, romantic, Quirky, Dreamy",14 Feb 2023,Regular,https://ncsmusic.s3.eu-west-1.amazonaws.com/tracks/000/001/327/gone-1676336467-ezsPfBR4ZJ.mp3,https://ncsmusic.s3.eu-west-1.amazonaws.com/tracks/000/001/327/100x100/gone-1676336464-CNAuFwFcwM.jpg
Psycho,"More Plastic, URBANO","House, Electronic","House, Electronic, Mysterious, energetic, Glamorous, Dreamy, Dark, Quirky",10 Feb 2023,"Regular, Instrumental",https://ncsmusic.s3.eu-west-1.amazonaws.com/tracks/000/001/321/psycho-1675990843-WGTTpN5pTQ.mp3,https://ncsmusic.s3.eu-west-1.amazonaws.com/tracks/000/001/321/100x100/psycho-1675990841-15p2dUDyO2.jpg
Need You,"Thorne, Sam Riley",Future House,"Future House, energetic, Dreamy, Laid Back, Quirky, Glamorous, romantic",10 Feb 2023,"Regular, Instrumental",https://ncsmusic.s3.eu-west-1.amazonaws.com/tracks/000/001/322/need-you-1675990850-XmdJAD40lz.mp3,https://ncsmusic.s3.eu-west-1.amazonaws.com/tracks/000/001/322/100x100/need-you-1675990848-J7eIuMnyWC.jpg
Pressure (ft. imallryt),"Wiguez, borne",Drum & Bass,"Drum & Bass, Gloomy, Mysterious, energetic, Restless, Dark, Epic, Quirky",9 Feb 2023,Regular,https://ncsmusic.s3.eu-west-1.amazonaws.com/tracks/000/001/320/pressure-ft-imallryt-1675904443-yORwWTj4zM.mp3,https://ncsmusic.s3.eu-west-1.amazonaws.com/tracks/000/001/320/100x100/pressure-ft-imallryt-1675904441-aBfIcqZGid.jpg
Insides (feat. JESSY KVGE),"NO QVLT, JESSY KVGE",Drum & Bass,"Drum & Bass, Gloomy, Mysterious, energetic, Restless, Dark, Epic, Quirky",8 Feb 2023,"Regular, Instrumental",https://ncsmusic.s3.eu-west-1.amazonaws.com/tracks/000/001/319/insides-feat-jessy-kvge-1675818045-O8B8m9trDG.mp3,https://ncsmusic.s3.eu-west-1.amazonaws.com/tracks/000/001/319/100x100/insides-feat-jessy-kvge-1675818043-Okny2PocDg.jpg
LET THEM HAVE IT,ANGELPLAYA,Phonk,"Phonk, Dark, energetic, Gloomy, Mysterious, Restless",7 Feb 2023,Regular,https://ncsmusic.s3.eu-west-1.amazonaws.com/tracks/000/001/318/let-them-have-it-1675731643-Dv1kT5oTFw.mp3,https://ncsmusic.s3.eu-west-1.amazonaws.com/tracks/000/001/318/100x100/let-them-have-it-1675731641-2oOe8E7oJV.jpg
LA VIBE,JOXION,Future House,"Future House, Gloomy, Mysterious, Quirky, energetic, Restless",3 Feb 2023,"Regular, Instrumental",https://ncsmusic.s3.eu-west-1.amazonaws.com/tracks/000/001/316/la-vibe-1675386044-2zxGxER4Wa.mp3,https://ncsmusic.s3.eu-west-1.amazonaws.com/tracks/000/001/316/100x100/la-vibe-1675386040-N7tiwVXQOi.jpg
Dum Dum,"Raven & Kreyn, KDH, Scarlett",Future House,"Future House, energetic, Sexy, Restless, Euphoric, Epic",3 Feb 2023,"Regular, Instrumental",https://ncsmusic.s3.eu-west-1.amazonaws.com/tracks/000/001/317/dum-dum-1675386050-y05ACV1dk5.mp3,https://ncsmusic.s3.eu-west-1.amazonaws.com/tracks/000/001/317/100x100/dum-dum-1675386048-MnxjVDkEk1.jpg
La Manera De Vivir,"NOYSE, ÆSTRØ",,"energetic, Quirky, Epic, Restless, Sexy",2 Feb 2023,"Regular, Instrumental",https://ncsmusic.s3.eu-west-1.amazonaws.com/tracks/000/001/315/la-manera-de-vivir-1675299643-neCvBRTkQ8.mp3,https://ncsmusic.s3.eu-west-1.amazonaws.com/tracks/000/001/315/100x100/la-manera-de-vivir-1675299641-Zf7jLPJBOY.jpg
What You Gonna Do,MADZI,Melodic Dubstep,"Melodic Dubstep, Mysterious, energetic, Quirky, Restless, Dark, Euphoric",1 Feb 2023,Regular,https://ncsmusic.s3.eu-west-1.amazonaws.com/tracks/000/001/314/what-you-gonna-do-1675213246-odGqeiWtSs.mp3,https://ncsmusic.s3.eu-west-1.amazonaws.com/tracks/000/001/314/100x100/what-you-gonna-do-1675213243-8pn77Ksndr.jpg
Need You,"Yonexx, Lunar",Future Bass,"Future Bass, Quirky, energetic, Glamorous, Sexy, romantic, Dreamy, Euphoric, Hopeful",31 Jan 2023,Regular,https://ncsmusic.s3.eu-west-1.amazonaws.com/tracks/000/001/313/need-you-1675126843-4hD8io7gcx.mp3,https://ncsmusic.s3.eu-west-1.amazonaws.com/tracks/000/001/313/100x100/need-you-1675126841-ZMPmxxPBxX.jpg
Volcano,"Jim Yosef, Scarlett",House,"House, Mysterious, energetic, Glamorous, Dreamy, Dark, Quirky",27 Jan 2023,"Regular, Instrumental",https://ncsmusic.s3.eu-west-1.amazonaws.com/tracks/000/001/300/volcano-1674781253-mnofBjl41t.mp3,https://ncsmusic.s3.eu-west-1.amazonaws.com/tracks/000/001/300/100x100/1674813573_SV8zY2ixm7_Jim-Yosef---Volcano-yellow.jpg
Sympathy (feat. Coral Oulu),Coral Oulu,Electronic,"Electronic, Quirky, energetic, Glamorous, Sexy, Restless",26 Jan 2023,Regular,https://ncsmusic.s3.eu-west-1.amazonaws.com/tracks/000/001/297/sympathy-feat-coral-oulu-1674694843-mp6PdOqCwY.mp3,https://ncsmusic.s3.eu-west-1.amazonaws.com/tracks/000/001/297/100x100/sympathy-feat-coral-oulu-1674694841-C3BLNfibDm.jpg
Kadak,"Zack Merci, Nieko, Blxk Trey",Drumstep,"Drumstep, energetic, Quirky, Restless, Epic",24 Jan 2023,"Regular, Instrumental",https://ncsmusic.s3.eu-west-1.amazonaws.com/tracks/000/001/296/kadak-1674522042-I2GI4NB1E7.mp3,https://ncsmusic.s3.eu-west-1.amazonaws.com/tracks/000/001/296/100x100/kadak-1674522040-esYsJUEyaw.jpg
Lost,"VIANI, Andrew A",Future House,"Future House, energetic, Quirky, Restless, Epic, Dreamy, Glamorous",20 Jan 2023,"Regular, Instrumental",https://ncsmusic.s3.eu-west-1.amazonaws.com/tracks/000/001/294/lost-1674176441-dclTvNGqeD.mp3,https://ncsmusic.s3.eu-west-1.amazonaws.com/tracks/000/001/294/100x100/lost-1674176439-G3PA2naZZe.jpg
Light (feat. Dualistic),"Andromedik, Murdock, Dualistic",Drum & Bass,"Drum & Bass, Mysterious, energetic, Quirky, Dreamy",20 Jan 2023,"Regular, Instrumental",https://ncsmusic.s3.eu-west-1.amazonaws.com/tracks/000/001/295/light-feat-dualistic-1674176446-u7jylG0uJC.mp3,https://ncsmusic.s3.eu-west-1.amazonaws.com/tracks/000/001/295/100x100/light-feat-dualistic-1674176445-TDG9O7nz2v.jpg
Drop In The Ocean (feat. India Dupriez),"MAD SNAX, Harry Taylor, Poylow, India Dupriez",Electronic,"Electronic, Dark, Gloomy, Mysterious, Quirky",19 Jan 2023,"Regular, Instrumental",https://ncsmusic.s3.eu-west-1.amazonaws.com/tracks/000/001/293/drop-in-the-ocean-feat-india-dupriez-1674090041-ZDqD6o9Acx.mp3,https://ncsmusic.s3.eu-west-1.amazonaws.com/tracks/000/001/293/100x100/drop-in-the-ocean-feat-india-dupriez-1674090040-lzlJhf6YOe.jpg
Try Again,Goodknight.,"Electronic, Drum & Bass","Electronic, Drum & Bass, energetic, Euphoric, Quirky, Restless",18 Jan 2023,"Regular, Instrumental",https://ncsmusic.s3.eu-west-1.amazonaws.com/tracks/000/001/292/1675260242_rLnOmVzuxh_Goodknight---Try-Again-Arcade-Release.mp3,https://ncsmusic.s3.eu-west-1.amazonaws.com/tracks/000/001/292/100x100/try-again-1674003643-xvZ2wyrkId.jpg
Get Out Here (Ft. MaryQueen),"Wiguez, Josh Levoid, MaryQueen",Drum & Bass,"Drum & Bass, energetic, Quirky, Euphoric, Epic, Happy",17 Jan 2023,Regular,https://ncsmusic.s3.eu-west-1.amazonaws.com/tracks/000/001/291/get-out-here-ft-maryqueen-1673917243-u3cFOpMLrA.mp3,https://ncsmusic.s3.eu-west-1.amazonaws.com/tracks/000/001/291/100x100/get-out-here-ft-maryqueen-1673917240-c0KtTLobyR.jpg
Consume Me,"CITYWLKR, Voicians",Future House,"Future House, Dark, energetic, Restless, Quirky, Suspense, Mysterious",13 Jan 2023,Regular,https://ncsmusic.s3.eu-west-1.amazonaws.com/tracks/000/001/289/consume-me-1673571642-1mJPuO14zJ.mp3,https://ncsmusic.s3.eu-west-1.amazonaws.com/tracks/000/001/289/100x100/consume-me-1673571639-5DzPILXCVs.jpg
Vision,"iFeature, just alex",Future House,"Future House, Dreamy, sad, Quirky, Restless, Epic",13 Jan 2023,Regular,https://ncsmusic.s3.eu-west-1.amazonaws.com/tracks/000/001/290/vision-1673571646-1iIwIatzbH.mp3,https://ncsmusic.s3.eu-west-1.amazonaws.com/tracks/000/001/290/100x100/vision-1673571645-LloxnRNj1W.jpg
For You (feat. Eline Mann),"Eline Mann, ReauBeau",Trap,"Trap, Dreamy, Glamorous, Laid Back, Mysterious, Quirky, romantic",12 Jan 2023,"Regular, Instrumental",https://ncsmusic.s3.eu-west-1.amazonaws.com/tracks/000/001/288/for-you-feat-eline-mann-1673485246-8Wijl3vtLl.mp3,https://ncsmusic.s3.eu-west-1.amazonaws.com/tracks/000/001/288/100x100/1673612219_jOoqwF7Jrj_ReauBeau_-_For_You_Green.jpg
Tension,EXXO,Future House,"Future House, Dark, Gloomy, energetic, Epic, Quirky",11 Jan 2023,Regular,https://ncsmusic.s3.eu-west-1.amazonaws.com/tracks/000/001/287/tension-1673398842-Idc3WwLu50.mp3,https://ncsmusic.s3.eu-west-1.amazonaws.com/tracks/000/001/287/100x100/tension-1673398840-Rv4zpUtHgZ.jpg
Alive,PLEEG,Electronic,"Electronic, energetic, Happy, Restless, Euphoric, Quirky",10 Jan 2023,"Regular, Instrumental",https://ncsmusic.s3.eu-west-1.amazonaws.com/tracks/000/001/286/alive-1673312440-ebW2oGfybB.mp3,https://ncsmusic.s3.eu-west-1.amazonaws.com/tracks/000/001/286/100x100/alive-1673312438-nlRPuLdxks.jpg
Unstoppable,"JOXION, Thorne, iFeature",Future House,"Future House, Epic, energetic, Euphoric, Quirky, Restless, Happy, sad",6 Jan 2023,"Regular, Instrumental",https://ncsmusic.s3.eu-west-1.amazonaws.com/tracks/000/001/284/unstoppable-1672966842-Ne8Hz2TTXa.mp3,https://ncsmusic.s3.eu-west-1.amazonaws.com/tracks/000/001/284/100x100/1678790157_w4JDMU8NKA_3000-x-3000.jpg
No More Levitation,"Rex Hooligan, Anna Simone",Drum & Bass,"Drum & Bass, Epic, energetic, Euphoric, Quirky, Restless, Happy, sad",6 Jan 2023,"Regular, Instrumental",https://ncsmusic.s3.eu-west-1.amazonaws.com/tracks/000/001/285/no-more-levitation-1672966847-fLt21wWpnS.mp3,https://ncsmusic.s3.eu-west-1.amazonaws.com/tracks/000/001/285/100x100/no-more-levitation-1672966845-clj8x80PjI.jpg
Can't Say No,JJD,Hardstyle,"Hardstyle, Epic, energetic, Euphoric, Quirky, Restless",5 Jan 2023,"Regular, Instrumental",https://ncsmusic.s3.eu-west-1.amazonaws.com/tracks/000/001/283/cant-say-no-1672880440-N5sId4XFQA.mp3,https://ncsmusic.s3.eu-west-1.amazonaws.com/tracks/000/001/283/100x100/cant-say-no-1672880439-3d6Ql1jiaZ.jpg
Light Me Up (feat. Giin),"Tatsunoshin, Giin",Hardstyle,"Hardstyle, Epic, energetic, Euphoric, Quirky, Restless",4 Jan 2023,"Regular, Instrumental",https://ncsmusic.s3.eu-west-1.amazonaws.com/tracks/000/001/282/light-me-up-feat-giin-1672794044-8NnOWjjndQ.mp3,https://ncsmusic.s3.eu-west-1.amazonaws.com/tracks/000/001/282/100x100/light-me-up-feat-giin-1672794042-8l8G2T71iU.jpg
PULL UP,ANGELPLAYA,Phonk,"Phonk, Dark, energetic, Gloomy, Mysterious, Restless",3 Jan 2023,"Regular, Instrumental",https://ncsmusic.s3.eu-west-1.amazonaws.com/tracks/000/001/281/pull-up-1672707642-d0RzQJAUyq.mp3,https://ncsmusic.s3.eu-west-1.amazonaws.com/tracks/000/001/281/100x100/pull-up-1672707640-LkGhqX2hgo.jpg
The Other Side,ROY KNOX,Melodic Dubstep,"Melodic Dubstep, Dreamy, Epic, energetic, Euphoric, Happy, Restless",30 Dec 2022,"Regular, Instrumental",https://ncsmusic.s3.eu-west-1.amazonaws.com/tracks/000/001/280/the-other-side-1672362041-zFzsn5Bwf0.mp3,https://ncsmusic.s3.eu-west-1.amazonaws.com/tracks/000/001/280/100x100/the-other-side-1672362039-KyVVXZPa9q.jpg
Rift,"Rob Gasser, Miss Lina",Drum & Bass,"Drum & Bass, Dreamy, energetic, Epic, Hopeful, Quirky, Restless",29 Dec 2022,"Regular, Instrumental",https://ncsmusic.s3.eu-west-1.amazonaws.com/tracks/000/001/279/rift-1672275641-r5dbtdnqXK.mp3,https://ncsmusic.s3.eu-west-1.amazonaws.com/tracks/000/001/279/100x100/rift-1672275639-5BFmVWg7UE.jpg
Behind,"Thorne, Andrew A",Future House,"Future House, Dreamy, Glamorous, Laid Back, Mysterious, Quirky, romantic",28 Dec 2022,"Regular, Instrumental",https://ncsmusic.s3.eu-west-1.amazonaws.com/tracks/000/001/278/behind-1672189241-rlzqccJJqb.mp3,https://ncsmusic.s3.eu-west-1.amazonaws.com/tracks/000/001/278/100x100/behind-1672189239-W52A4bSzez.jpg
Memory Nights,"Jack Shore, KORA",Future House,"Future House, Dreamy, Glamorous, Laid Back, Mysterious, Quirky, romantic",27 Dec 2022,"Regular, Instrumental",https://ncsmusic.s3.eu-west-1.amazonaws.com/tracks/000/001/277/memory-nights-1672102840-kA2IJYNlPG.mp3,https://ncsmusic.s3.eu-west-1.amazonaws.com/tracks/000/001/277/100x100/memory-nights-1672102838-cIQOZf5HLO.jpg
Bring Me The Christmas Light (ft. Mara Necia),"T & Sugah, Mara Necia",Drum & Bass,"Drum & Bass, romantic, energetic, Epic, Sexy, Happy",23 Dec 2022,Regular,https://ncsmusic.s3.eu-west-1.amazonaws.com/tracks/000/001/275/bring-me-the-christmas-light-ft-mara-necia-1671757241-LAb6YvT8bZ.mp3,https://ncsmusic.s3.eu-west-1.amazonaws.com/tracks/000/001/275/100x100/bring-me-the-christmas-light-ft-mara-necia-1671757239-NMNVjqxEOp.jpg
Wish You The Best (feat. J Fitz),"32Stitches, GNDHI, J Fitz",Future House,"Future House, Happy, Epic, Euphoric, energetic, Dreamy, Dark",23 Dec 2022,Regular,https://ncsmusic.s3.eu-west-1.amazonaws.com/tracks/000/001/276/wish-you-the-best-feat-j-fitz-1671757244-pWPIRWg1ah.mp3,https://ncsmusic.s3.eu-west-1.amazonaws.com/tracks/000/001/276/100x100/wish-you-the-best-feat-j-fitz-1671757243-XVIE7i9UbT.jpg
Bonfire ft. imallryt,"borne, imallryt",Dubstep,"Dubstep, Dark, energetic, Fear, Gloomy, Mysterious, Quirky, Restless, Weird",22 Dec 2022,Regular,https://ncsmusic.s3.eu-west-1.amazonaws.com/tracks/000/001/274/bonfire-ft-imallryt-1671670841-gLmHReGVUX.mp3,https://ncsmusic.s3.eu-west-1.amazonaws.com/tracks/000/001/274/100x100/bonfire-ft-imallryt-1671670839-wCQLU8ns4h.jpg
Party,iFeature,Electronic,"Electronic, Glamorous, Laid Back, Quirky, romantic, Sexy",21 Dec 2022,Regular,https://ncsmusic.s3.eu-west-1.amazonaws.com/tracks/000/001/273/party-1671584441-plw1E78k3I.mp3,https://ncsmusic.s3.eu-west-1.amazonaws.com/tracks/000/001/273/100x100/party-1671584439-lXDlfzpinX.png
Fata Morgana,Lennart Schroot,Drum & Bass,"Drum & Bass, energetic, Epic, Dreamy, Quirky, Restless, Mysterious",20 Dec 2022,Regular,https://ncsmusic.s3.eu-west-1.amazonaws.com/tracks/000/001/272/fata-morgana-1671498041-3PTw8DNoAe.mp3,https://ncsmusic.s3.eu-west-1.amazonaws.com/tracks/000/001/272/100x100/fata-morgana-1671498039-XbVpPTrzQp.jpg
Mess,"SIIK, Alenn",Future House,"Future House, energetic, Quirky, Mysterious, Gloomy, Restless, Suspense, Dark",16 Dec 2022,"Regular, Instrumental",https://ncsmusic.s3.eu-west-1.amazonaws.com/tracks/000/001/271/mess-1671152442-KLAbCtfBl6.mp3,https://ncsmusic.s3.eu-west-1.amazonaws.com/tracks/000/001/271/100x100/mess-1671152440-uOE0unaTMB.jpg
Shiver,Sharks,Melodic Dubstep,"Melodic Dubstep, energetic, Euphoric, Mysterious, Quirky, Restless, Weird",15 Dec 2022,Regular,https://ncsmusic.s3.eu-west-1.amazonaws.com/tracks/000/001/270/shiver-1671066043-UnpWqMWY85.mp3,https://ncsmusic.s3.eu-west-1.amazonaws.com/tracks/000/001/270/100x100/shiver-1671066039-gtNG00Iv2V.jpg
Waiting,"Andrew A, Barmuda",Future House,"Future House, energetic, Quirky, Mysterious, Gloomy, Suspense",14 Dec 2022,"Regular, Instrumental",https://ncsmusic.s3.eu-west-1.amazonaws.com/tracks/000/001/269/waiting-1670979641-Jc5GZoYdgf.mp3,https://ncsmusic.s3.eu-west-1.amazonaws.com/tracks/000/001/269/100x100/waiting-1670979639-ocNLHg6NQl.jpg
Psycho (feat. Nieko),"Zack Merci, Nieko",Future House,"Future House, energetic, Quirky, Mysterious, Gloomy, Restless, Suspense",13 Dec 2022,"Regular, Instrumental",https://ncsmusic.s3.eu-west-1.amazonaws.com/tracks/000/001/268/psycho-feat-nieko-1670893245-7NXayx9iT8.mp3,https://ncsmusic.s3.eu-west-1.amazonaws.com/tracks/000/001/268/100x100/psycho-feat-nieko-1670893240-aRrETKPNCz.jpg
Escape (Juan Dileju & Sam Ourt VIP Mix),"Juan Dileju, Sam Ourt, AKIAL",Phonk,"Phonk, Dark, energetic, Gloomy, Mysterious, Restless",12 Dec 2022,"Regular, Instrumental",https://ncsmusic.s3.eu-west-1.amazonaws.com/tracks/000/001/267/escape-juan-dileju-sam-ourt-vip-mix-1670806841-sJGViELXDz.mp3,https://ncsmusic.s3.eu-west-1.amazonaws.com/tracks/000/001/267/100x100/escape-juan-dileju-sam-ourt-vip-mix-1670806839-syHCyu6zoF.jpg
When I'm With You (EMIDEX Remix),"Arcando, EMIDEX",Bass House,"Bass House, Dark, energetic, Gloomy, Mysterious, Quirky, Restless",9 Dec 2022,Regular,https://ncsmusic.s3.eu-west-1.amazonaws.com/tracks/000/001/263/when-im-with-you-emidex-remix-1670547642-nIGUL3XuC7.mp3,https://ncsmusic.s3.eu-west-1.amazonaws.com/tracks/000/001/263/100x100/1670582386_pX49rIDqNy_final.jpg
When I'm With You (T-Rice Remix),"Arcando, T-Rice",Drum & Bass,"Drum & Bass, Dark, energetic, Gloomy, Mysterious, Quirky, Restless",9 Dec 2022,Regular,https://ncsmusic.s3.eu-west-1.amazonaws.com/tracks/000/001/264/when-im-with-you-t-rice-remix-1670547646-Gp9RaP2N28.mp3,https://ncsmusic.s3.eu-west-1.amazonaws.com/tracks/000/001/264/100x100/1670582408_xGNq55wMv8_final.jpg
When I'm With You (NCKD Remix),"Arcando, NCKD",Melodic Dubstep,"Melodic Dubstep, energetic, Glamorous, Quirky, Euphoric",9 Dec 2022,Regular,https://ncsmusic.s3.eu-west-1.amazonaws.com/tracks/000/001/265/when-im-with-you-nckd-remix-1670547650-BubBfymAVb.mp3,https://ncsmusic.s3.eu-west-1.amazonaws.com/tracks/000/001/265/100x100/1670582396_U55zzzhZ61_final.jpg
Alone,"Heleen, BEAUZ",Future House,"Future House, Dreamy, energetic, Glamorous, Laid Back, Mysterious, Quirky, romantic",9 Dec 2022,"Regular, Instrumental",https://ncsmusic.s3.eu-west-1.amazonaws.com/tracks/000/001/266/alone-1670547653-Ile70dlpl6.mp3,https://ncsmusic.s3.eu-west-1.amazonaws.com/tracks/000/001/266/100x100/alone-1670547652-ZJptqa923O.jpg
Losing,"jeonghyeon, Arya",Future House,"Future House, Dark, energetic, Mysterious, Quirky, Restless, Glamorous",8 Dec 2022,Regular,https://ncsmusic.s3.eu-west-1.amazonaws.com/tracks/000/001/262/losing-1670461241-Pu2MZYbqVl.mp3,https://ncsmusic.s3.eu-west-1.amazonaws.com/tracks/000/001/262/100x100/losing-1670461239-62zUAmEwc8.jpg
Next Level,JOXION,Bass House,"Bass House, Mysterious, energetic, Restless, Quirky, Gloomy, Dark",7 Dec 2022,"Regular, Instrumental",https://ncsmusic.s3.eu-west-1.amazonaws.com/tracks/000/001/260/next-level-1670374842-0JDcowlP5h.mp3,https://ncsmusic.s3.eu-west-1.amazonaws.com/tracks/000/001/260/100x100/next-level-1670374838-Y53Pa1FWmS.jpg
ILY,JOXION,Bass House,"Bass House, Mysterious, energetic, Restless, Quirky, Gloomy, Dark",7 Dec 2022,"Regular, Instrumental",https://ncsmusic.s3.eu-west-1.amazonaws.com/tracks/000/001/261/ily-1670374848-UgYmZmMHwx.mp3,https://ncsmusic.s3.eu-west-1.amazonaws.com/tracks/000/001/261/100x100/ily-1670374845-lyW7c3gQCy.jpg
feel someth!ng,if found,Melodic Dubstep,"Melodic Dubstep, energetic, Epic, Hopeful, Mysterious, Restless, Quirky, Suspense",6 Dec 2022,"Regular, Instrumental",https://ncsmusic.s3.eu-west-1.amazonaws.com/tracks/000/001/259/feel-somethng-1670288443-O6ULQ7FLSD.mp3,https://ncsmusic.s3.eu-west-1.amazonaws.com/tracks/000/001/259/100x100/feel-somethng-1670288440-nTd54OMUfe.jpg
Good With It,"Rameses B, SOUNDR",Drum & Bass,"Drum & Bass, energetic, Euphoric, Epic, Quirky, Restless, romantic",2 Dec 2022,Regular,https://ncsmusic.s3.eu-west-1.amazonaws.com/tracks/000/001/258/good-with-it-1669942854-BZIPNAxXyr.mp3,https://ncsmusic.s3.eu-west-1.amazonaws.com/tracks/000/001/258/100x100/good-with-it-1669942851-0AJjSKn0N1.jpg
Go Easy,"Uplink, Shiah Maisel",Trap,"Trap, energetic, Euphoric, Mysterious, Quirky, Restless",1 Dec 2022,"Regular, Instrumental",https://ncsmusic.s3.eu-west-1.amazonaws.com/tracks/000/001/257/go-easy-1669856448-lgZKPNEjnp.mp3,https://ncsmusic.s3.eu-west-1.amazonaws.com/tracks/000/001/257/100x100/go-easy-1669856445-E7fI3vavqb.jpg
Broken Love (feat. Ima Sobé),"METR, Adrian Benson, Ima Sobé",Future House,"Future House, Dreamy, energetic, Glamorous, Quirky, Sexy, Euphoric",30 Nov 2022,"Regular, Instrumental",https://ncsmusic.s3.eu-west-1.amazonaws.com/tracks/000/001/256/broken-love-feat-ima-sobe-1669770046-2MTWImTWr4.mp3,https://ncsmusic.s3.eu-west-1.amazonaws.com/tracks/000/001/256/100x100/broken-love-feat-ima-sobe-1669770043-lii1mtzozB.jpg
Pray For You,Birch,Drum & Bass,"Drum & Bass, energetic, Quirky, Restless, Glamorous, Hopeful",29 Nov 2022,Regular,https://ncsmusic.s3.eu-west-1.amazonaws.com/tracks/000/001/255/pray-for-you-1669683649-3CdRcTUOhM.mp3,https://ncsmusic.s3.eu-west-1.amazonaws.com/tracks/000/001/255/100x100/pray-for-you-1669683647-xH5VXWIEU5.jpg
Back To You,Tobu,House,"House, energetic, Epic, Euphoric, Glamorous, Sexy",25 Nov 2022,"Regular, Instrumental",https://ncsmusic.s3.eu-west-1.amazonaws.com/tracks/000/001/254/back-to-you-1669338042-HiNA1FBY7F.mp3,https://ncsmusic.s3.eu-west-1.amazonaws.com/tracks/000/001/254/100x100/back-to-you-1669338040-G9JreTsjt4.jpg
Running Wild,"Wiguez, Vizzen, Maestro Chives",Drum & Bass,"Drum & Bass, Epic, energetic, Euphoric, Quirky",24 Nov 2022,Regular,https://ncsmusic.s3.eu-west-1.amazonaws.com/tracks/000/001/253/running-wild-1669251643-tgXB0h5pWw.mp3,https://ncsmusic.s3.eu-west-1.amazonaws.com/tracks/000/001/253/100x100/running-wild-1669251641-KRh2uPNZs0.jpg
Insanity,iFeature,Electronic,"Electronic, energetic, Laid Back, Mysterious, Quirky, Restless, Dreamy",23 Nov 2022,"Regular, Instrumental",https://ncsmusic.s3.eu-west-1.amazonaws.com/tracks/000/001/252/insanity-1669165242-9LYuKU2WzR.mp3,https://ncsmusic.s3.eu-west-1.amazonaws.com/tracks/000/001/252/100x100/insanity-1669165239-dCG9DNTXt0.png
Curse,Strybo,Phonk,"Phonk, Dark, energetic, Fear, Mysterious, Restless, scary",22 Nov 2022,Regular,https://ncsmusic.s3.eu-west-1.amazonaws.com/tracks/000/001/251/curse-1669078845-akDg14wIPU.mp3,https://ncsmusic.s3.eu-west-1.amazonaws.com/tracks/000/001/251/100x100/curse-1669078842-hqVqKytnCu.jpg
What I Say,WATEVA,Future House,"Future House, Dark, energetic, Restless, Quirky, Laid Back, Suspense",18 Nov 2022,Regular,https://ncsmusic.s3.eu-west-1.amazonaws.com/tracks/000/001/250/what-i-say-1668733254-7bXF48DYkS.mp3,https://ncsmusic.s3.eu-west-1.amazonaws.com/tracks/000/001/250/100x100/what-i-say-1668733252-TuUaZSTUAH.jpg
Ego,Syntact,Glitch Hop,"Glitch Hop, energetic, Euphoric, Happy, Quirky, relaxed",17 Nov 2022,Regular,https://ncsmusic.s3.eu-west-1.amazonaws.com/tracks/000/001/249/ego-1668646843-NiEA3ZjVv4.mp3,https://ncsmusic.s3.eu-west-1.amazonaws.com/tracks/000/001/249/100x100/ego-1668646840-tId72OQyg9.jpg
Online,MANSHN,Drum & Bass,"Drum & Bass, Euphoric, energetic, Restless, Hopeful, Quirky, Happy, Epic",16 Nov 2022,"Regular, Instrumental",https://ncsmusic.s3.eu-west-1.amazonaws.com/tracks/000/001/248/online-1668560444-9lzCiPNzhg.mp3,https://ncsmusic.s3.eu-west-1.amazonaws.com/tracks/000/001/248/100x100/1668595117_njRdQe5f7W_MANSHN---Online-ARCADE.jpg
Pray Tonight (borne Remix),"Wiguez, P-One, borne",Drum & Bass,"Drum & Bass, Dark, energetic, Mysterious, Quirky, Restless",15 Nov 2022,Regular,https://ncsmusic.s3.eu-west-1.amazonaws.com/tracks/000/001/247/pray-tonight-borne-remix-1668474043-XHqaKUc2LJ.mp3,https://ncsmusic.s3.eu-west-1.amazonaws.com/tracks/000/001/247/100x100/pray-tonight-borne-remix-1668474040-kZQcRay0jK.jpg
Not Giving In,Culture Code,Melodic Dubstep,"Melodic Dubstep, Euphoric, energetic, Restless, Quirky, Epic",11 Nov 2022,"Regular, Instrumental",https://ncsmusic.s3.eu-west-1.amazonaws.com/tracks/000/001/246/not-giving-in-1668128446-WsJOBOdApq.mp3,https://ncsmusic.s3.eu-west-1.amazonaws.com/tracks/000/001/246/100x100/not-giving-in-1668128440-IDlJySNOFp.jpg
Wizkid feat. AVA NOVA,"ReauBeau, AVA NOVA",Drum & Bass,"Drum & Bass, Euphoric, energetic, Restless, Quirky, Epic",10 Nov 2022,"Regular, Instrumental",https://ncsmusic.s3.eu-west-1.amazonaws.com/tracks/000/001/245/wizkid-feat-ava-nova-1668042043-p795aj7hir.mp3,https://ncsmusic.s3.eu-west-1.amazonaws.com/tracks/000/001/245/100x100/wizkid-feat-ava-nova-1668042041-DgrcPQlCyd.jpg
Wings,Thorne,Future House,"Future House, Mysterious, energetic, Dark, Gloomy, Quirky, Suspense",9 Nov 2022,"Regular, Instrumental",https://ncsmusic.s3.eu-west-1.amazonaws.com/tracks/000/001/244/wings-1667955641-qLvYkepXtM.mp3,https://ncsmusic.s3.eu-west-1.amazonaws.com/tracks/000/001/244/100x100/wings-1667955639-BGjMQNeN3I.jpg
twenty five,"if found, Luma",Electronic,"Electronic, energetic, Epic, Euphoric, Glamorous, Happy, Hopeful, Restless",8 Nov 2022,"Regular, Instrumental",https://ncsmusic.s3.eu-west-1.amazonaws.com/tracks/000/001/243/twenty-five-1667869242-VCVUnCyvkS.mp3,https://ncsmusic.s3.eu-west-1.amazonaws.com/tracks/000/001/243/100x100/twenty-five-1667869239-rFoLdWkshY.jpg
Forget,Used,Drum & Bass,"Drum & Bass, energetic, Epic, Euphoric, Glamorous, Restless, romantic",4 Nov 2022,"Regular, Instrumental",https://ncsmusic.s3.eu-west-1.amazonaws.com/tracks/000/001/241/forget-1667523641-8IUivxvGlX.mp3,https://ncsmusic.s3.eu-west-1.amazonaws.com/tracks/000/001/241/100x100/forget-1667523639-RDsdamRJTR.jpg
Demnuhbad (feat. VinDon),"Vosai, VinDon",Drum & Bass,"Drum & Bass, energetic, Dark, Mysterious, Quirky, Epic, Restless",3 Nov 2022,"Regular, Instrumental",https://ncsmusic.s3.eu-west-1.amazonaws.com/tracks/000/001/239/demnuhbad-feat-vindon-1667437241-E570gLCSqA.mp3,https://ncsmusic.s3.eu-west-1.amazonaws.com/tracks/000/001/239/100x100/demnuhbad-feat-vindon-1667437239-oqkuqlTeMn.jpg
Go Off,JOXION,Bass House,"Bass House, Euphoric, energetic, Restless, Quirky, Epic",2 Nov 2022,"Regular, Instrumental",https://ncsmusic.s3.eu-west-1.amazonaws.com/tracks/000/001/237/go-off-1667350842-CJy1CS0gl1.wav,https://ncsmusic.s3.eu-west-1.amazonaws.com/tracks/000/001/237/100x100/go-off-1667350839-zosk6xfOmf.jpg
Sinking Ship,Uplink,Future House,"Future House, energetic, Mysterious, Quirky, Weird",1 Nov 2022,"Regular, Instrumental",https://ncsmusic.s3.eu-west-1.amazonaws.com/tracks/000/001/236/sinking-ship-1667264442-y6wyLzulKW.mp3,https://ncsmusic.s3.eu-west-1.amazonaws.com/tracks/000/001/236/100x100/sinking-ship-1667264439-FAN1G2MvIM.png
Annabelle's Tea Party,NIVIRO,Electronic,"Electronic, Dark, energetic, Fear, Mysterious, Restless, scary",28 Oct 2022,"Regular, Instrumental",https://ncsmusic.s3.eu-west-1.amazonaws.com/tracks/000/001/235/annabelles-tea-party-1666915242-Nz3KmNx5a8.mp3,https://ncsmusic.s3.eu-west-1.amazonaws.com/tracks/000/001/235/100x100/annabelles-tea-party-1666915240-K4DLa4exHW.jpg
Runaway,Guy Arthur,Trap,"Trap, energetic, Glamorous, Euphoric, Restless, Quirky, Weird",27 Oct 2022,"Regular, Instrumental",https://ncsmusic.s3.eu-west-1.amazonaws.com/tracks/000/001/234/runaway-1666828842-2xqIpjO2t7.mp3,https://ncsmusic.s3.eu-west-1.amazonaws.com/tracks/000/001/234/100x100/runaway-1666828840-QHsDkvXOoz.jpg
By Your Side,God's Warrior,Electronic,"Electronic, energetic, Restless, Gloomy, Dark, sad",26 Oct 2022,"Regular, Instrumental",https://ncsmusic.s3.eu-west-1.amazonaws.com/tracks/000/001/233/by-your-side-1666742441-kcmDwTuOz6.mp3,https://ncsmusic.s3.eu-west-1.amazonaws.com/tracks/000/001/233/100x100/1666789002_LuYQwn3KGI_Gods-Warrior---By-your-side.jpg
War Machine,"Dryskill, Max Brhon",Electronic,"Electronic, Mysterious, energetic, Restless, Gloomy, Dark, scary, Fear",25 Oct 2022,"Regular, Instrumental",https://ncsmusic.s3.eu-west-1.amazonaws.com/tracks/000/001/232/war-machine-1666656042-zsKJTheYoq.mp3,https://ncsmusic.s3.eu-west-1.amazonaws.com/tracks/000/001/232/100x100/war-machine-1666656039-CbqqiIa5vU.jpg
Find A Way (feat. Cammie Robinson),"T & Sugah, NCT, Cammie Robinson",Drum & Bass,"Drum & Bass, energetic, Epic, Happy, Hopeful, Restless",21 Oct 2022,"Regular, Instrumental",https://ncsmusic.s3.eu-west-1.amazonaws.com/tracks/000/001/231/find-a-way-feat-cammie-robinson-1666310443-Cz0ojBzbUS.mp3,https://ncsmusic.s3.eu-west-1.amazonaws.com/tracks/000/001/231/100x100/find-a-way-feat-cammie-robinson-1666310440-nbsefsA61a.jpg
Stay With Me (feat. Tom The Gaffer),"SPIRIT LINK, Swole Sauce, Tom The Gaffer",Dubstep,"Dubstep, energetic, Restless, Hopeful, Dreamy, Epic, Quirky",20 Oct 2022,"Regular, Instrumental",https://ncsmusic.s3.eu-west-1.amazonaws.com/tracks/000/001/230/stay-with-me-feat-tom-the-gaffer-1666224041-3KIKVfnY5n.mp3,https://ncsmusic.s3.eu-west-1.amazonaws.com/tracks/000/001/230/100x100/stay-with-me-feat-tom-the-gaffer-1666224039-1Ftlly6KzO.JPG
Dreamatic,iFeature,"Electronic, Drum & Bass","Electronic, Drum & Bass, Mysterious, energetic, Glamorous, Restless, Dreamy, Quirky",19 Oct 2022,Regular,https://ncsmusic.s3.eu-west-1.amazonaws.com/tracks/000/001/229/dreamatic-1666137641-MJIpnFM8zk.mp3,https://ncsmusic.s3.eu-west-1.amazonaws.com/tracks/000/001/229/100x100/dreamatic-1666137639-fgt1O7vyMy.jpg
Ghost Town (feat. Vanessa Campagna),"Arcando, ThatBehavior",Trap,"Trap, Mysterious, energetic, Restless, Dreamy, Gloomy, Quirky",18 Oct 2022,"Regular, Instrumental",https://ncsmusic.s3.eu-west-1.amazonaws.com/tracks/000/001/228/ghost-town-feat-vanessa-campagna-1666051242-7kwi3WvxKR.mp3,https://ncsmusic.s3.eu-west-1.amazonaws.com/tracks/000/001/228/100x100/ghost-town-feat-vanessa-campagna-1666051239-t2VAxbx871.png
Bloodpressure (feat. Amvis),"Rogers & Dean, Amvis",Drum & Bass,"Drum & Bass, Mysterious, energetic, Restless, Quirky, Epic",14 Oct 2022,"Regular, Instrumental",https://ncsmusic.s3.eu-west-1.amazonaws.com/tracks/000/001/227/bloodpressure-feat-amvis-1665705642-03ToZjL2jK.mp3,https://ncsmusic.s3.eu-west-1.amazonaws.com/tracks/000/001/227/100x100/bloodpressure-feat-amvis-1665705640-1X49KsB2vk.jpg
Artificial Love,"Part Native, Oly",Trap,"Trap, energetic, Glamorous, Laid Back, romantic, Dreamy, Quirky",13 Oct 2022,Regular,https://ncsmusic.s3.eu-west-1.amazonaws.com/tracks/000/001/226/artificial-love-1665619241-ITX69sCwHA.mp3,https://ncsmusic.s3.eu-west-1.amazonaws.com/tracks/000/001/226/100x100/artificial-love-1665619239-sxwUa46qDD.jpg
Neomorph,NO QVLT,Drum & Bass,"Drum & Bass, Mysterious, energetic, Restless, Quirky, Epic, Fear",12 Oct 2022,"Regular, Instrumental",https://ncsmusic.s3.eu-west-1.amazonaws.com/tracks/000/001/225/neomorph-1665532844-Aqm9hFEayq.mp3,https://ncsmusic.s3.eu-west-1.amazonaws.com/tracks/000/001/225/100x100/neomorph-1665532841-yg6PLYc0PH.jpg
die 4 u (feat. damnboy!),"if found, nøll, damnboy!","Electronic, Melodic Dubstep","Electronic, Melodic Dubstep, Mysterious, energetic, Euphoric, Restless, Hopeful, Quirky, Epic",11 Oct 2022,"Regular, Instrumental",https://ncsmusic.s3.eu-west-1.amazonaws.com/tracks/000/001/224/die-4-u-feat-damnboy-1665482441-Kz3Rox3U9d.mp3,https://ncsmusic.s3.eu-west-1.amazonaws.com/tracks/000/001/224/100x100/die-4-u-feat-damnboy-1665482439-T34UEC3BTy.jpg
Take It or Leave It,"Aeden, Sketchez",Electronic,"Electronic, energetic, Restless, Hopeful, Quirky",7 Oct 2022,Regular,https://ncsmusic.s3.eu-west-1.amazonaws.com/tracks/000/001/222/take-it-or-leave-it-1665100842-EZMe1mgWhM.mp3,https://ncsmusic.s3.eu-west-1.amazonaws.com/tracks/000/001/222/100x100/take-it-or-leave-it-1665100840-s5InkStW8C.jpg
For You,CHENDA,Drum & Bass,"Drum & Bass, energetic, Euphoric, Glamorous, Dreamy, Quirky, Epic, Restless",6 Oct 2022,"Regular, Instrumental",https://ncsmusic.s3.eu-west-1.amazonaws.com/tracks/000/001/221/for-you-1665014443-oLcIy9ROM2.mp3,https://ncsmusic.s3.eu-west-1.amazonaws.com/tracks/000/001/221/100x100/for-you-1665014440-ubwvgVDVJQ.jpg
All Access,JOXION,Bass House,"Bass House, Mysterious, energetic, Restless, Weird, Dark",5 Oct 2022,"Regular, Instrumental",https://ncsmusic.s3.eu-west-1.amazonaws.com/tracks/000/001/215/all-access-1664928042-B5liP9reS3.mp3,https://ncsmusic.s3.eu-west-1.amazonaws.com/tracks/000/001/215/100x100/all-access-1664928040-kxH2iu2yZn.jpg
Sweet,"Raptures., MAZAN",Future House,"Future House, Mysterious, energetic, Suspense, Dreamy, Gloomy, Quirky, Dark",4 Oct 2022,"Regular, Instrumental",https://ncsmusic.s3.eu-west-1.amazonaws.com/tracks/000/001/213/sweet-1664899245-ATVp0u640Q.mp3,https://ncsmusic.s3.eu-west-1.amazonaws.com/tracks/000/001/213/100x100/sweet-1664899242-OYLAZY0VnK.jpg
Unforgivable,"Shiah Maisel, Jim Yosef",Electronic,"Electronic, Mysterious, energetic, Glamorous, Restless, Quirky, Epic",30 Sep 2022,"Regular, Instrumental",https://ncsmusic.s3.eu-west-1.amazonaws.com/tracks/000/001/209/unforgivable-1664532040-dw4t7sL01N.mp3,https://ncsmusic.s3.eu-west-1.amazonaws.com/tracks/000/001/209/100x100/unforgivable-1664532038-qu11eY58Z3.jpg
Redemption,Max Brhon,Bass House,"Bass House, Mysterious, energetic, Restless, Gloomy, Quirky, Dark",29 Sep 2022,"Regular, Instrumental",https://ncsmusic.s3.eu-west-1.amazonaws.com/tracks/000/001/208/redemption-1664449241-fBIiudIie1.mp3,https://ncsmusic.s3.eu-west-1.amazonaws.com/tracks/000/001/208/100x100/redemption-1664449239-S0WIWNFUUJ.jpg
Blind Heart,"ETikka, MADZI",Dubstep,"Dubstep, Mysterious, energetic, Restless, Gloomy, Quirky, Dark",28 Sep 2022,"Regular, Instrumental",https://ncsmusic.s3.eu-west-1.amazonaws.com/tracks/000/001/207/blind-heart-1664366439-37g6tdIYYQ.mp3,https://ncsmusic.s3.eu-west-1.amazonaws.com/tracks/000/001/207/100x100/1664446236_uXuSVRx9Ns_Arcade-Logo.jpg
Falling For You,"Bromar, SouMix",Electronic,"Electronic, energetic, Euphoric, Hopeful, Quirky, Epic",27 Sep 2022,"Regular, Instrumental",https://ncsmusic.s3.eu-west-1.amazonaws.com/tracks/000/001/206/falling-for-you-1664287242-F5N3t3X5SZ.mp3,https://ncsmusic.s3.eu-west-1.amazonaws.com/tracks/000/001/206/100x100/falling-for-you-1664287240-2N62Fgb2V4.jpg
Taking Control ft. Halvorsen (berx Remix),"Raptures., Sam Ourt, berx",Future House,"Future House, Mysterious, energetic, Laid Back, Quirky, Dark, Glamorous",26 Sep 2022,"Regular, Instrumental",https://ncsmusic.s3.eu-west-1.amazonaws.com/tracks/000/001/204/taking-control-ft-halvorsen-berx-remix-1664182843-ClFv8OarwU.mp3,https://ncsmusic.s3.eu-west-1.amazonaws.com/tracks/000/001/204/100x100/taking-control-ft-halvorsen-berx-remix-1664182840-1DU2hUQvTG.png
Taking Control ft. Halvorsen (pema. Remix),"Raptures., Sam Ourt, pema.",Future House,"Future House, Mysterious, energetic, Laid Back, Quirky, Dark, Glamorous",26 Sep 2022,"Regular, Instrumental",https://ncsmusic.s3.eu-west-1.amazonaws.com/tracks/000/001/205/taking-control-ft-halvorsen-pema-remix-1664182850-MBF9M3zNnS.mp3,https://ncsmusic.s3.eu-west-1.amazonaws.com/tracks/000/001/205/100x100/taking-control-ft-halvorsen-pema-remix-1664182847-duUb2Nh4Z3.png
E Welem Bah,Paul Flint,Bass House,"Bass House, energetic, Quirky, Happy, Mysterious, Restless",23 Sep 2022,Regular,https://ncsmusic.s3.eu-west-1.amazonaws.com/tracks/000/001/203/e-welem-bah-1663923642-1hkCHO99lA.mp3,https://ncsmusic.s3.eu-west-1.amazonaws.com/tracks/000/001/203/100x100/e-welem-bah-1663923639-xnRIkAw3nJ.jpg
Electric (feat. Robbie Rosen) (jeonghyeon Remix),"Robbie Rosen, jeonghyeon, Deerock, Vaance",Future House,"Future House, energetic, Glamorous, Euphoric, Hopeful, Quirky, Happy",22 Sep 2022,"Regular, Instrumental",https://ncsmusic.s3.eu-west-1.amazonaws.com/tracks/000/001/202/electric-feat-robbie-rosen-jeonghyeon-remix-1663840844-FeJ4uMVxur.mp3,https://ncsmusic.s3.eu-west-1.amazonaws.com/tracks/000/001/202/100x100/1663928684_d3DZhMbjp7_Artwork.jpg
Call On Me,Thorne,Future House,"Future House, energetic, Euphoric, Quirky, Restless, Epic",21 Sep 2022,"Regular, Instrumental",https://ncsmusic.s3.eu-west-1.amazonaws.com/tracks/000/001/201/call-on-me-1663761640-9kHvqQFlMq.mp3,https://ncsmusic.s3.eu-west-1.amazonaws.com/tracks/000/001/201/100x100/call-on-me-1663761638-M2dOnLpjCf.jpg
Can't You Feel It,"Wiguez, MIDNIGHT CVLT",Drum & Bass,"Drum & Bass, Mysterious, energetic, Suspense, Quirky, Restless, Epic",20 Sep 2022,Regular,https://ncsmusic.s3.eu-west-1.amazonaws.com/tracks/000/001/200/cant-you-feel-it-1663671640-uSaVz7v7Ms.mp3,https://ncsmusic.s3.eu-west-1.amazonaws.com/tracks/000/001/200/100x100/cant-you-feel-it-1663671638-WIofNPTdIb.jpg
When I'm With You,Arcando,Electronic,"Electronic, energetic, Quirky, Dreamy, Euphoric, Happy, Hopeful, Laid Back",16 Sep 2022,"Regular, Instrumental",https://ncsmusic.s3.eu-west-1.amazonaws.com/tracks/000/001/199/when-im-with-you-1663318839-ZKrNadTQ2d.mp3,https://ncsmusic.s3.eu-west-1.amazonaws.com/tracks/000/001/199/100x100/when-im-with-you-1663318836-CDhceAjm6X.jpg
Home,PLEEG,Electronic,"Electronic, energetic, Quirky, Restless, Dreamy, Glamorous, Euphoric, Happy",15 Sep 2022,"Regular, Instrumental",https://ncsmusic.s3.eu-west-1.amazonaws.com/tracks/000/001/198/home-1663232441-RZ78Vy42b9.mp3,https://ncsmusic.s3.eu-west-1.amazonaws.com/tracks/000/001/198/100x100/home-1663232439-UjEzKUmS1f.jpg
Follow Me,Mblue,Electronic,"Electronic, Mysterious, energetic, Quirky, Restless, Dreamy",14 Sep 2022,"Regular, Instrumental",https://ncsmusic.s3.eu-west-1.amazonaws.com/tracks/000/001/197/follow-me-1663146040-8KzXjHFkCN.mp3,https://ncsmusic.s3.eu-west-1.amazonaws.com/tracks/000/001/197/100x100/follow-me-1663146037-AoFu553vhQ.jpg
Radio,"Mojnz, WBN",Glitch Hop,"Glitch Hop, energetic, Glamorous, Euphoric, Restless, Hopeful, Quirky, Epic",13 Sep 2022,"Regular, Instrumental",https://ncsmusic.s3.eu-west-1.amazonaws.com/tracks/000/001/196/radio-1663063240-e8GSK99iDr.mp3,https://ncsmusic.s3.eu-west-1.amazonaws.com/tracks/000/001/196/100x100/radio-1663063238-NzTmH9aMuX.jpg
Illusion (feat. Crunr),"Crunr, BEAUZ",Future House,"Future House, energetic, Glamorous, romantic, Hopeful, Dreamy",9 Sep 2022,"Regular, Instrumental",https://ncsmusic.s3.eu-west-1.amazonaws.com/tracks/000/001/195/illusion-feat-crunr-1662717642-PUjzM7MRYT.mp3,https://ncsmusic.s3.eu-west-1.amazonaws.com/tracks/000/001/195/100x100/illusion-feat-crunr-1662717639-KnMb0t9YDo.jpg
Moments (Acoustic Version),"Robbie Rosen, Lost Identites","EDM, Chill","EDM, Chill, Dreamy, Epic, Euphoric, Happy, Hopeful, romantic",8 Sep 2022,Regular,https://ncsmusic.s3.eu-west-1.amazonaws.com/tracks/000/001/193/moments-1662631236-MfSNtGFek8.mp3,https://ncsmusic.s3.eu-west-1.amazonaws.com/tracks/000/001/193/100x100/1662643054_uOhtNEr7yL_Screenshot-2022-09-08-at-14.16.41.png
Like A Stone,Tollef,Indie,"Indie Dance, energetic, Glamorous, Laid Back, Euphoric, romantic, Hopeful, Quirky, Happy",8 Sep 2022,"Regular, Instrumental",https://ncsmusic.s3.eu-west-1.amazonaws.com/tracks/000/001/194/like-a-stone-1662631239-fuYpfsnbpt.mp3,https://ncsmusic.s3.eu-west-1.amazonaws.com/tracks/000/001/194/100x100/like-a-stone-1662631238-nuEbIyvTnx.jpg
Talk That Way,JOXION,Future House,"Future House, Mysterious, energetic, Restless, Quirky, Gloomy, Dark",7 Sep 2022,"Regular, Instrumental",https://ncsmusic.s3.eu-west-1.amazonaws.com/tracks/000/001/192/talk-that-way-1662544838-ppUiw2ToOX.mp3,https://ncsmusic.s3.eu-west-1.amazonaws.com/tracks/000/001/192/100x100/talk-that-way-1662544836-A6ZaUL9nNu.jpg
Tonight,Facading,Electronic,"Electronic, energetic, Glamorous, Euphoric, Restless, Epic",6 Sep 2022,Regular,https://ncsmusic.s3.eu-west-1.amazonaws.com/tracks/000/001/191/tonight-1662458442-2dfGaCyYnH.mp3,https://ncsmusic.s3.eu-west-1.amazonaws.com/tracks/000/001/191/100x100/tonight-1662458437-iFC5ssOm8A.jpg
Freedom,"Harley Bird, CHENDA, 32Stitches",Trap,"Trap, Mysterious, energetic, Euphoric, Gloomy, Weird, Dark",2 Sep 2022,"Regular, Instrumental",https://ncsmusic.s3.eu-west-1.amazonaws.com/tracks/000/001/190/freedom-1662120038-ArLBDjxG31.mp3,https://ncsmusic.s3.eu-west-1.amazonaws.com/tracks/000/001/190/100x100/freedom-1662120036-kAM3fX8yIv.jpg
Blame It On Me,"Shiah Maisel, CADMIUM",Melodic Dubstep,"Melodic Dubstep, energetic, Glamorous, romantic, Dreamy, Quirky",1 Sep 2022,"Regular, Instrumental",https://ncsmusic.s3.eu-west-1.amazonaws.com/tracks/000/001/189/blame-it-on-me-1662022839-QJSI7YIYzD.mp3,https://ncsmusic.s3.eu-west-1.amazonaws.com/tracks/000/001/189/100x100/blame-it-on-me-1662022836-8nm4gGaSFp.jpg
Circle,"Halvorsen, Netrum",Indie,"Indie Dance, Mysterious, energetic, Glamorous, Dreamy, Quirky",31 Aug 2022,"Regular, Instrumental",https://ncsmusic.s3.eu-west-1.amazonaws.com/tracks/000/001/188/circle-1661943638-w2GoNuOEDk.mp3,https://ncsmusic.s3.eu-west-1.amazonaws.com/tracks/000/001/188/100x100/circle-1661943637-KgR4ynx41R.jpg
Out Of Here,borne,Drum & Bass,"Drum & Bass, Mysterious, energetic, Gloomy, Dark, Weird",30 Aug 2022,Regular,https://ncsmusic.s3.eu-west-1.amazonaws.com/tracks/000/001/187/out-of-here-1661857239-n4h1UTs5BR.mp3,https://ncsmusic.s3.eu-west-1.amazonaws.com/tracks/000/001/187/100x100/out-of-here-1661857237-H2aNa22RzK.jpg
Would You Be Waiting,Aeden,"Electronic, Indie","Electronic, Indie Dance, energetic, Glamorous, Laid Back, Dreamy, Quirky, Happy",26 Aug 2022,"Regular, Instrumental",https://ncsmusic.s3.eu-west-1.amazonaws.com/tracks/000/001/186/would-you-be-waiting-1661508036-zZP2aUjM3n.mp3,https://ncsmusic.s3.eu-west-1.amazonaws.com/tracks/000/001/186/100x100/1661851996_RswjEVwZaX_final.jpg
WHAT THE HELL (OBLVYN Remix),"OBLVYN, Johnning",Melodic Dubstep,"Melodic Dubstep, Dreamy, Epic, Euphoric, energetic, Glamorous, Happy, Hopeful, Restless",25 Aug 2022,Regular,https://ncsmusic.s3.eu-west-1.amazonaws.com/tracks/000/001/185/what-the-hell-oblvyn-remix-1661421640-bE9I0ggxC3.mp3,https://ncsmusic.s3.eu-west-1.amazonaws.com/tracks/000/001/185/100x100/what-the-hell-oblvyn-remix-1661421637-ia8CFOvUVb.jpg
Don't Know Why,Arya,Future Bass,"Future Bass, energetic, Euphoric, Hopeful, Weird",23 Aug 2022,Regular,https://ncsmusic.s3.eu-west-1.amazonaws.com/tracks/000/001/184/dont-know-why-1661248839-7LkCcgyeLl.mp3,https://ncsmusic.s3.eu-west-1.amazonaws.com/tracks/000/001/184/100x100/1661421582_QsIFB5t5ZA_updated.png
Caramel,"RUD, Stahl, Elektronomia",House,"House, energetic, Epic, Happy, Hopeful",19 Aug 2022,Regular,https://ncsmusic.s3.eu-west-1.amazonaws.com/tracks/000/001/182/caramel-1660903238-cWq7jpyG3h.mp3,https://ncsmusic.s3.eu-west-1.amazonaws.com/tracks/000/001/182/100x100/caramel-1660903236-noLU7SrAfr.jpg
To The Top (feat. Srikar) (JJL Remix),"JJL, Srikar, Jay Eskar",Drum & Bass,"Drum & Bass, Mysterious, energetic, Restless, Gloomy, Quirky, Weird, Dark, Epic",19 Aug 2022,"Regular, Instrumental",https://ncsmusic.s3.eu-west-1.amazonaws.com/tracks/000/001/183/to-the-top-feat-srikar-jjl-remix-1660903244-uwORs4bGdH.mp3,https://ncsmusic.s3.eu-west-1.amazonaws.com/tracks/000/001/183/100x100/to-the-top-feat-srikar-jjl-remix-1660903242-VitogCOBoa.jpg
Yesterday,"Young Viridii, 4URA",Drum & Bass,"Drum & Bass, energetic, Euphoric, Hopeful, Epic, romantic",18 Aug 2022,"Regular, Instrumental",https://ncsmusic.s3.eu-west-1.amazonaws.com/tracks/000/001/181/yesterday-1660816839-UnTuRsnjsA.mp3,https://ncsmusic.s3.eu-west-1.amazonaws.com/tracks/000/001/181/100x100/yesterday-1660816836-St8KL7bjCk.jpg
Survive,"THEBOYWITHSPEC, Axel Oliver",Hardstyle,"Hardstyle, Mysterious, energetic, Euphoric, Restless, Hopeful, Quirky, Epic",16 Aug 2022,"Regular, Instrumental",https://ncsmusic.s3.eu-west-1.amazonaws.com/tracks/000/001/180/survive-1660644042-uelSDJ33u7.mp3,https://ncsmusic.s3.eu-west-1.amazonaws.com/tracks/000/001/180/100x100/survive-1660644038-fZxWNBC7mb.jpg
Symbolism pt. III,Electro-Light,Trap,"Trap, Dreamy, Happy, Hopeful, Laid Back, Quirky",12 Aug 2022,"Regular, Instrumental",https://ncsmusic.s3.eu-west-1.amazonaws.com/tracks/000/001/178/symbolism-pt-iii-1660298438-bqhmCFXU8T.mp3,https://ncsmusic.s3.eu-west-1.amazonaws.com/tracks/000/001/178/100x100/symbolism-pt-iii-1660298436-Rvz6LMKAxQ.jpg
Memory Lane,Tobu,House,"House, energetic, Euphoric, Happy, Laid Back, Quirky, Restless, Epic",12 Aug 2022,Regular,https://ncsmusic.s3.eu-west-1.amazonaws.com/tracks/000/001/179/memory-lane-1660298445-FCqAX3zw36.mp3,https://ncsmusic.s3.eu-west-1.amazonaws.com/tracks/000/001/179/100x100/memory-lane-1660298443-SVgieKlNlo.jpg
Darkness,"She Is Jules, Lost Sky",Electronic,"Electronic, Mysterious, Gloomy, Quirky, Dark, sad",11 Aug 2022,"Regular, Instrumental",https://ncsmusic.s3.eu-west-1.amazonaws.com/tracks/000/001/177/darkness-1660212040-lhwjQGlBYL.mp3,https://ncsmusic.s3.eu-west-1.amazonaws.com/tracks/000/001/177/100x100/darkness-1660212039-3lOB1XZUrz.jpg
Samurai,Jim Yosef,Drumstep,"Drumstep, Epic, energetic, Hopeful, Quirky, Restless",9 Aug 2022,Regular,https://ncsmusic.s3.eu-west-1.amazonaws.com/tracks/000/001/176/samurai-1660035637-bvWvvEqmpd.mp3,https://ncsmusic.s3.eu-west-1.amazonaws.com/tracks/000/001/176/100x100/1660036078_jOHudDWclF_new-final.jpg
Bot Fight,Everen Maxwell,Electronic,"Electronic, energetic, Euphoric, Restless, Weird, Quirky, Epic",5 Aug 2022,"Regular, Instrumental",https://ncsmusic.s3.eu-west-1.amazonaws.com/tracks/000/001/175/bot-fight-1659690038-kYqrKN7Ls5.mp3,https://ncsmusic.s3.eu-west-1.amazonaws.com/tracks/000/001/175/100x100/bot-fight-1659690037-kiAKwPnKfq.jpg
Believe Me,"CADMIUM, JAMZ, SIMONNE",Future House,"Future House, Mysterious, energetic, Glamorous, Laid Back, romantic, Dreamy, Quirky",4 Aug 2022,"Regular, Instrumental",https://ncsmusic.s3.eu-west-1.amazonaws.com/tracks/000/001/174/1659604895_Zxdz3vJqHj_CADMIUM-x-JAMZ-x-SIMONNE---Believe-Me.mp3,https://ncsmusic.s3.eu-west-1.amazonaws.com/tracks/000/001/174/100x100/1659623137_VZ4Uc10gVK_final.jpg
Calling Out,borne,Drum & Bass,"Drum & Bass, Mysterious, energetic, Gloomy, Quirky, Weird, Dark",2 Aug 2022,Regular,https://ncsmusic.s3.eu-west-1.amazonaws.com/tracks/000/001/173/1706608999_5eUWBHuZaZ_borne---Calling-Out-NCS-Release.mp3,https://ncsmusic.s3.eu-west-1.amazonaws.com/tracks/000/001/173/100x100/calling-out-1659441637-BaWL24EOtM.jpg
Somebody Like Me (feat. Halvorsen),"Halvorsen, Division One, JJD",Melodic Dubstep,"Melodic Dubstep, energetic, Euphoric, Hopeful, Dreamy, Epic",29 Jul 2022,"Regular, Instrumental",https://ncsmusic.s3.eu-west-1.amazonaws.com/tracks/000/001/171/somebody-like-me-feat-halvorsen-1659074437-XATRlGMG7x.mp3,https://ncsmusic.s3.eu-west-1.amazonaws.com/tracks/000/001/171/100x100/somebody-like-me-feat-halvorsen-1659074435-y14oP4hWtW.jpg
Need Ya,Syn Cole,House,"House, Dreamy, Laid Back, Peaceful, Hopeful, relaxed, Sexy",29 Jul 2022,"Regular, Instrumental",https://ncsmusic.s3.eu-west-1.amazonaws.com/tracks/000/001/172/need-ya-1659074443-jkT2wDn9Hw.mp3,https://ncsmusic.s3.eu-west-1.amazonaws.com/tracks/000/001/172/100x100/need-ya-1659074442-IZAtO5hsCR.jpg
Too Hot To Handle,"BLUK, Fiko",Future House,"Future House, Mysterious, Restless, Dark",28 Jul 2022,"Regular, Instrumental",https://ncsmusic.s3.eu-west-1.amazonaws.com/tracks/000/001/170/too-hot-to-handle-1659020441-o79hOKPqHl.mp3,https://ncsmusic.s3.eu-west-1.amazonaws.com/tracks/000/001/170/100x100/too-hot-to-handle-1659020439-IBnbMMm5Ot.jpg
Not Enough,Near x Far,Drum & Bass,"Drum & Bass, energetic, Euphoric, Restless, romantic, Hopeful, Dreamy, Epic",26 Jul 2022,"Regular, Instrumental",https://ncsmusic.s3.eu-west-1.amazonaws.com/tracks/000/001/169/not-enough-1658844040-Kn0C13B54f.mp3,https://ncsmusic.s3.eu-west-1.amazonaws.com/tracks/000/001/169/100x100/not-enough-1658844039-DfDKa1tylP.jpg
AWOL,Papa Khan,Melodic Dubstep,"Melodic Dubstep, Dreamy, energetic, Mysterious, Quirky, sad",22 Jul 2022,Regular,https://ncsmusic.s3.eu-west-1.amazonaws.com/tracks/000/001/167/awol-1658476837-fp7VFSUZY4.mp3,https://ncsmusic.s3.eu-west-1.amazonaws.com/tracks/000/001/167/100x100/awol-1658476834-z9N1rH24Zf.jpg
The Feeling,Paul Flint,House,"House, energetic, Euphoric, Restless, Quirky, Happy, Weird",22 Jul 2022,Regular,https://ncsmusic.s3.eu-west-1.amazonaws.com/tracks/000/001/168/the-feeling-1658476840-heVEcbUjeu.mp3,https://ncsmusic.s3.eu-west-1.amazonaws.com/tracks/000/001/168/100x100/1658477694_txTtF3pWuY_new-final.jpg
Sunshine,"BPRTS, Gelow",Future House,"Future House, energetic, Laid Back, Euphoric, Quirky, Happy",21 Jul 2022,Regular,https://ncsmusic.s3.eu-west-1.amazonaws.com/tracks/000/001/166/sunshine-1658397638-zHzHy0KQZR.mp3,https://ncsmusic.s3.eu-west-1.amazonaws.com/tracks/000/001/166/100x100/sunshine-1658397635-X0rfG0mOX9.jpg
Need U,"Lynzz, Arya, borne",Trap,"Trap, Mysterious, energetic, Quirky, Weird, Restless, Dreamy",19 Jul 2022,Regular,https://ncsmusic.s3.eu-west-1.amazonaws.com/tracks/000/001/165/need-u-1658224840-xDMN0S6Bfp.mp3,https://ncsmusic.s3.eu-west-1.amazonaws.com/tracks/000/001/165/100x100/need-u-1658224836-DV2RtpaVjB.jpg
Come Alive,"RDLS, Facading",Future House,"Future House, Dark, Epic, energetic, Mysterious, Quirky, Restless, Suspense, Weird",15 Jul 2022,Regular,https://ncsmusic.s3.eu-west-1.amazonaws.com/tracks/000/001/164/come-alive-1657879237-tDL5jqMOM6.mp3,https://ncsmusic.s3.eu-west-1.amazonaws.com/tracks/000/001/164/100x100/1658780338_GS6smYuxvo_RDLS--Facading---ComeAlive.jpg
Me Times Two (Ft. Moav),"Moav, Raptures.",Electronic,"Electronic, energetic, Peaceful, romantic, Dreamy, Quirky, Happy",14 Jul 2022,"Regular, Instrumental",https://ncsmusic.s3.eu-west-1.amazonaws.com/tracks/000/001/163/me-times-two-ft-moav-1657792838-TMBtMAL20z.mp3,https://ncsmusic.s3.eu-west-1.amazonaws.com/tracks/000/001/163/100x100/1658477729_UWNAMkQUeE_new-final.png
Spirit,PLEEG,Indie,"Indie Dance, energetic, Laid Back, Hopeful, Dreamy, Quirky",12 Jul 2022,"Regular, Instrumental",https://ncsmusic.s3.eu-west-1.amazonaws.com/tracks/000/001/162/spirit-1657620039-HPJE1wF0bg.mp3,https://ncsmusic.s3.eu-west-1.amazonaws.com/tracks/000/001/162/100x100/spirit-1657620037-xoCy7z9CVP.jpg
Dioma (Demo),Jnathyn,Electronic,"Electronic, Quirky, energetic, Euphoric, relaxed, Epic",8 Jul 2022,Regular,https://ncsmusic.s3.eu-west-1.amazonaws.com/tracks/000/001/160/dioma-demo-1657270836-bM6caFKCod.mp3,https://ncsmusic.s3.eu-west-1.amazonaws.com/tracks/000/001/160/100x100/1657791566_q0nQ8753JM_Demo-Canvas.jpeg
Old School,More Plastic,Dubstep,"Dubstep, energetic, Restless, Weird, Epic",8 Jul 2022,"Regular, Instrumental",https://ncsmusic.s3.eu-west-1.amazonaws.com/tracks/000/001/161/1670413914_cjFFeAiJZE_More-Plastic---Old-School-NCS-Release.mp3,https://ncsmusic.s3.eu-west-1.amazonaws.com/tracks/000/001/161/100x100/1657271494_oyEKnqWzEK_Final.jpg
Nobody,"Zack Merci, CRVN",Trap,"Trap, Mysterious, Restless, Gloomy, Quirky, Dark, sad",7 Jul 2022,"Regular, Instrumental",https://ncsmusic.s3.eu-west-1.amazonaws.com/tracks/000/001/159/nobody-1657188044-Ej0QAIgsEB.mp3,https://ncsmusic.s3.eu-west-1.amazonaws.com/tracks/000/001/159/100x100/1657198774_orhNXHOVxc_ZackMerci-Nobody.jpg
Sunrise,Leat'eq,Trap,"Trap, energetic, Hopeful, Happy, Dreamy, Quirky",5 Jul 2022,"Regular, Instrumental",https://ncsmusic.s3.eu-west-1.amazonaws.com/tracks/000/001/158/sunrise-1657018840-EPxbz2cIzA.mp3,https://ncsmusic.s3.eu-west-1.amazonaws.com/tracks/000/001/158/100x100/sunrise-1657018838-ZZ62Lhsm4p.jpg
Faster,Razihel,Phonk,"Phonk, Mysterious, energetic, Restless, Suspense, Gloomy, Quirky, Weird, Dark",1 Jul 2022,Regular,https://ncsmusic.s3.eu-west-1.amazonaws.com/tracks/000/001/156/1723821104_h2EP8uOaY0_razihel---Faster.mp3,https://ncsmusic.s3.eu-west-1.amazonaws.com/tracks/000/001/156/100x100/faster-1656669637-ki5kS2zntV.jpg
Hyperphantasia,Everen Maxwell,Midtempo Bass,"Midtempo Bass, Mysterious, energetic, Quirky, Dark",1 Jul 2022,Regular,https://ncsmusic.s3.eu-west-1.amazonaws.com/tracks/000/001/157/hyperphantasia-1656669644-LTJfQ3ayxs.mp3,https://ncsmusic.s3.eu-west-1.amazonaws.com/tracks/000/001/157/100x100/hyperphantasia-1656669641-ORSxqVQXdC.jpg
Back For More,"Defunk, The Arcturians",Drum & Bass,"Drum & Bass, Mysterious, energetic, Restless, Suspense, Hopeful, Gloomy, Dark",30 Jun 2022,Regular,https://ncsmusic.s3.eu-west-1.amazonaws.com/tracks/000/001/155/back-for-more-1656583239-Vt25vPWsrT.mp3,https://ncsmusic.s3.eu-west-1.amazonaws.com/tracks/000/001/155/100x100/back-for-more-1656583237-vwUPmEhFc5.jpg
No Way Back,"Custody, Just Isac, MADZI, SFRNG",Bass,"Bass, Mysterious, energetic, Suspense, Quirky, Dark",28 Jun 2022,Regular,https://ncsmusic.s3.eu-west-1.amazonaws.com/tracks/000/001/154/no-way-back-1656410438-DYBZU8U2rN.mp3,https://ncsmusic.s3.eu-west-1.amazonaws.com/tracks/000/001/154/100x100/no-way-back-1656410436-lmCSrM15Fp.jpg
Patience,"VinDon, More Plastic",Drum & Bass,"Drum & Bass, Mysterious, Quirky, Weird, Dark, Epic",24 Jun 2022,"Regular, Instrumental",https://ncsmusic.s3.eu-west-1.amazonaws.com/tracks/000/001/153/patience-1656064837-atxYmU0ZIp.mp3,https://ncsmusic.s3.eu-west-1.amazonaws.com/tracks/000/001/153/100x100/patience-1656064834-GGcLl7CYYJ.png
Set Me Free,"Frizzy The Streetz, Simbai",Trap,"Trap, Mysterious, Laid Back, Dreamy, Quirky",23 Jun 2022,"Regular, Instrumental",https://ncsmusic.s3.eu-west-1.amazonaws.com/tracks/000/001/152/set-me-free-1655978436-l5t2SM2ZXt.mp3,https://ncsmusic.s3.eu-west-1.amazonaws.com/tracks/000/001/152/100x100/set-me-free-1655978435-zVfTJVY0OF.jpg
Island (ft. Michael Shynes),"Michael Shynes, Max Vermeulen, Almost Weekend",Trap,"Trap, energetic, Laid Back, Euphoric, Hopeful, Happy",21 Jun 2022,"Regular, Instrumental",https://ncsmusic.s3.eu-west-1.amazonaws.com/tracks/000/001/151/island-ft-michael-shynes-1655805640-CqFd3Vdm4s.mp3,https://ncsmusic.s3.eu-west-1.amazonaws.com/tracks/000/001/151/100x100/1655819649_Jzt3P5fmmI_IslandFinalCover.png
Take It Easy (feat. Mia Vaile) (DNB Edit),"Mia Vaile, BVRNOUT",Drum & Bass,"Drum & Bass, energetic, Euphoric, Restless, Hopeful, Dreamy, Epic",17 Jun 2022,"Regular, Instrumental",https://ncsmusic.s3.eu-west-1.amazonaws.com/tracks/000/001/149/take-it-easy-feat-mia-vaile-dnb-edit-1655456438-eeLU1XvCxy.mp3,https://ncsmusic.s3.eu-west-1.amazonaws.com/tracks/000/001/149/100x100/take-it-easy-feat-mia-vaile-dnb-edit-1655456435-VoFZPbfPyT.png
BOUNCE! (feat. Nieko),"Nieko, Zack Merci",Drumstep,"Drumstep, energetic, Restless, Quirky, Weird, Epic",17 Jun 2022,"Regular, Instrumental",https://ncsmusic.s3.eu-west-1.amazonaws.com/tracks/000/001/150/bounce-feat-nieko-1655456444-S41tI7Ip1S.mp3,https://ncsmusic.s3.eu-west-1.amazonaws.com/tracks/000/001/150/100x100/bounce-feat-nieko-1655456442-TXSTPti0wA.jpg
Signs Ft. Barmuda,"Barmuda, SOXX, Raptures.",Drumstep,"Drumstep, Mysterious, energetic, Restless, Quirky",16 Jun 2022,"Regular, Instrumental",https://ncsmusic.s3.eu-west-1.amazonaws.com/tracks/000/001/148/1655909754_zlAbD8Cgr0_Raptures--Soxx---Signs-Ft.-Barmuda.mp3,https://ncsmusic.s3.eu-west-1.amazonaws.com/tracks/000/001/148/100x100/1655388125_5xLsU70cNP_signs-ncs.jpg
One more try (feat. imallryt),"imallryt, Arya, borne",Melodic Dubstep,"Melodic Dubstep, energetic, Euphoric, Hopeful, Happy",14 Jun 2022,Regular,https://ncsmusic.s3.eu-west-1.amazonaws.com/tracks/000/001/147/one-more-try-feat-imallryt-1655204439-KOtnyZLU0x.mp3,https://ncsmusic.s3.eu-west-1.amazonaws.com/tracks/000/001/147/100x100/one-more-try-feat-imallryt-1655204437-KfJjBrto88.jpg
Away From Me,"ESAI, Shiah Maisel",Melodic Dubstep,"Melodic Dubstep, energetic, Euphoric, Hopeful, Quirky, Weird",10 Jun 2022,Regular,https://ncsmusic.s3.eu-west-1.amazonaws.com/tracks/000/001/146/away-from-me-1654855238-kFuzWmM0Ea.mp3,https://ncsmusic.s3.eu-west-1.amazonaws.com/tracks/000/001/146/100x100/1654938554_Cuj238Whs4_Final-w-Logo.jpg
When I'm Gone (Feat. Ellen Louise),"Ellen Louise, ROY KNOX, Tetrix Bass",Dubstep,"Dubstep, Euphoric, energetic, Hopeful, Happy, Epic",9 Jun 2022,"Regular, Instrumental",https://ncsmusic.s3.eu-west-1.amazonaws.com/tracks/000/001/145/when-im-gone-feat-ellen-louise-1654779637-wy4sVVXaJ2.mp3,https://ncsmusic.s3.eu-west-1.amazonaws.com/tracks/000/001/145/100x100/when-im-gone-feat-ellen-louise-1654779635-sJimqvEZMd.jpg
Feel,"DigEx, Raptures.",Future House,"Future House, energetic, Laid Back, Restless, Dark",7 Jun 2022,"Regular, Instrumental",https://ncsmusic.s3.eu-west-1.amazonaws.com/tracks/000/001/142/feel-1654596040-MzV32xZfHF.mp3,https://ncsmusic.s3.eu-west-1.amazonaws.com/tracks/000/001/142/100x100/feel-1654596038-kixpVjjZRq.jpg
A Day At Sea,Everen Maxwell,House,"House, Mysterious, energetic, Quirky, Happy, Weird",3 Jun 2022,Regular,https://ncsmusic.s3.eu-west-1.amazonaws.com/tracks/000/001/141/1655909792_phDyZovaZD_A-Day-at-Sea-MP3.mp3,https://ncsmusic.s3.eu-west-1.amazonaws.com/tracks/000/001/141/100x100/a-day-at-sea-1654246837-blL7HbDlzS.jpg
The Path (Ft. Agassi),"Agassi, EH!DE, Wiguez",Dubstep,"Dubstep, Euphoric, Restless, Suspense, Gloomy, Angry",2 Jun 2022,Regular,https://ncsmusic.s3.eu-west-1.amazonaws.com/tracks/000/001/140/the-path-ft-agassi-1654167638-EI3MO3MtTb.mp3,https://ncsmusic.s3.eu-west-1.amazonaws.com/tracks/000/001/140/100x100/the-path-ft-agassi-1654167634-IXmYSlX9mn.png
Hurt Me,Evanly,Drum & Bass,"Drum & Bass, Mysterious, energetic, Suspense, Quirky, Weird",31 May 2022,"Regular, Instrumental",https://ncsmusic.s3.eu-west-1.amazonaws.com/tracks/000/001/139/hurt-me-1653991237-QbaimT0bGM.mp3,https://ncsmusic.s3.eu-west-1.amazonaws.com/tracks/000/001/139/100x100/hurt-me-1653991234-O4jZX7v60j.png
I GOT YOU,Papa Khan,Melodic Dubstep,"Melodic Dubstep, energetic, Hopeful, Quirky, Weird",27 May 2022,Regular,https://ncsmusic.s3.eu-west-1.amazonaws.com/tracks/000/001/138/i-got-you-1653642040-kE4IZZcawx.mp3,https://ncsmusic.s3.eu-west-1.amazonaws.com/tracks/000/001/138/100x100/i-got-you-1653642036-OzI7G5Atm9.png
Emotions,"Defunk, The Arcturians",Drum & Bass,"Drum & Bass, Mysterious, energetic, Suspense, Weird, Dark",26 May 2022,Regular,https://ncsmusic.s3.eu-west-1.amazonaws.com/tracks/000/001/137/emotions-1653548438-xOYBQJbeaY.mp3,https://ncsmusic.s3.eu-west-1.amazonaws.com/tracks/000/001/137/100x100/emotions-1653548435-ILwbmYcVFt.jpg
Pressure,"Perk Pietrek, Abstrakt",Trap,"Trap, Mysterious, energetic, Suspense, Quirky",24 May 2022,Regular,https://ncsmusic.s3.eu-west-1.amazonaws.com/tracks/000/001/136/pressure-1653343238-IVI92mduBh.mp3,https://ncsmusic.s3.eu-west-1.amazonaws.com/tracks/000/001/136/100x100/pressure-1653343236-oNIYKlRKaf.png
Alone,Cajama,Bass House,"Bass House, Angry, scary, Dark, Weird, Fear",20 May 2022,"Regular, Instrumental",https://ncsmusic.s3.eu-west-1.amazonaws.com/tracks/000/001/134/alone-1653127235-c9A4go1zU6.mp3,https://ncsmusic.s3.eu-west-1.amazonaws.com/tracks/000/001/134/100x100/1653127790_bo32DGqoBr_Alone-edit-3000x3000.jpg
You Did Me Wrong,Cajama,Bass House,"Bass House, Mysterious, Gloomy, scary, Weird, Dark, Epic, Fear",20 May 2022,"Regular, Instrumental",https://ncsmusic.s3.eu-west-1.amazonaws.com/tracks/000/001/135/you-did-me-wrong-1653127241-a7jkuvGwTO.mp3,https://ncsmusic.s3.eu-west-1.amazonaws.com/tracks/000/001/135/100x100/1653127782_Ix8prHegYX_Alone-edit-3000x3000.jpg
Innocent,"Michaella, Cafe Disko, STAR SEED",Electronic,"Electronic, energetic, Euphoric, Dreamy, Happy",19 May 2022,"Regular, Instrumental",,https://ncsmusic.s3.eu-west-1.amazonaws.com/tracks/000/001/133/100x100/innocent-1652972435-UDUg5VT69q.jpg
Spark,Raptures.,"Electronic, Drum & Bass","Electronic, Drum & Bass, Mysterious, scary, Restless, Dark",17 May 2022,"Regular, Instrumental",https://ncsmusic.s3.eu-west-1.amazonaws.com/tracks/000/001/132/spark-1652781638-SwE6YCGI4i.mp3,https://ncsmusic.s3.eu-west-1.amazonaws.com/tracks/000/001/132/100x100/spark-1652781635-sKRt0nUbQK.jpg
Retrophonic,Cajama,,"Mysterious, energetic, Restless, Gloomy, Weird, Dark, Fear",13 May 2022,"Regular, Instrumental",https://ncsmusic.s3.eu-west-1.amazonaws.com/tracks/000/001/130/retrophonic-1652439644-U8EY4XqjUf.mp3,https://ncsmusic.s3.eu-west-1.amazonaws.com/tracks/000/001/130/100x100/retrophonic-1652439640-WHl5CwSdK3.jpg
Runaway (feat. Mathew V),"Mathew V, Arcando, Egzod",Trap,"Trap, Epic, Euphoric, energetic, Hopeful, Restless",13 May 2022,"Regular, Instrumental",https://ncsmusic.s3.eu-west-1.amazonaws.com/tracks/000/001/131/runaway-feat-mathew-v-1652439650-RsVCiGoHMV.mp3,https://ncsmusic.s3.eu-west-1.amazonaws.com/tracks/000/001/131/100x100/1652779575_e4ZyYvA3YX_EGZod---Runaway-Cover-Final.png
On & On (nuumi Remix),"nuumi, Cartoon, Jéja",Electronic,"Electronic, energetic, Euphoric, Hopeful, Quirky, Happy",12 May 2022,Regular,https://ncsmusic.s3.eu-west-1.amazonaws.com/tracks/000/001/127/on-on-nuumi-remix-1652349640-5EszNOOTne.mp3,https://ncsmusic.s3.eu-west-1.amazonaws.com/tracks/000/001/127/100x100/1705340230_8KGzrZMAVi_On--On-Remixes-EP.jpg
On & On (Affe & Cole Phillips Remix),"Cole Phillips, Affe, Cartoon, Jéja",Future House,"Future House, energetic, Euphoric, Dreamy, Happy, Epic",12 May 2022,Regular,https://ncsmusic.s3.eu-west-1.amazonaws.com/tracks/000/001/128/on-on-affe-cole-phillips-remix-1652349649-SlvJ6jRXkH.mp3,https://ncsmusic.s3.eu-west-1.amazonaws.com/tracks/000/001/128/100x100/1705340205_Qi75l4i8GB_On--On-Remixes-EP.jpg
On & On (Time To Talk Remix),"Time To Talk, Cartoon, Jéja",Drum & Bass,"Drum & Bass, energetic, romantic, Hopeful, Glamorous",12 May 2022,Regular,https://ncsmusic.s3.eu-west-1.amazonaws.com/tracks/000/001/129/on-on-time-to-talk-remix-1652349658-wOr1qupcCa.mp3,https://ncsmusic.s3.eu-west-1.amazonaws.com/tracks/000/001/129/100x100/1705340159_ghvcCQ4CDw_On--On-Remixes-EP.jpg
Escape,Keerthin,"Electronic, Future House","Electronic, Future House, Dreamy, Glamorous, Gloomy, Mysterious, relaxed, romantic, scary, Suspense",10 May 2022,"Regular, Instrumental",https://ncsmusic.s3.eu-west-1.amazonaws.com/tracks/000/001/126/escape-1652176838-IOvfRdtN3u.mp3,https://ncsmusic.s3.eu-west-1.amazonaws.com/tracks/000/001/126/100x100/escape-1652176835-m2hyCWhzMO.jpg
If I Disappear,"Tom Mårtensson, Tobu",House,"House, energetic, Euphoric, Peaceful, Restless, romantic, Hopeful, Happy",6 May 2022,"Regular, Instrumental",https://ncsmusic.s3.eu-west-1.amazonaws.com/tracks/000/001/125/if-i-disappear-1651831239-VMIoNbRSZz.mp3,https://ncsmusic.s3.eu-west-1.amazonaws.com/tracks/000/001/125/100x100/if-i-disappear-1651831235-G4FMMkdnmR.png
Feelings,"Cajama, Tisoki","House, Electronic","House, Electronic, energetic, Laid Back, Mysterious, Weird, Epic",5 May 2022,Regular,https://ncsmusic.s3.eu-west-1.amazonaws.com/tracks/000/001/124/feelings-1651744839-lQ9QRo8S2l.mp3,https://ncsmusic.s3.eu-west-1.amazonaws.com/tracks/000/001/124/100x100/feelings-1651744836-2gmCKkZqoN.jpg
Away,James Roche,Drum & Bass,"Drum & Bass, energetic, Gloomy, Angry, Dark, scary, Fear",3 May 2022,Regular,https://ncsmusic.s3.eu-west-1.amazonaws.com/tracks/000/001/123/away-1651572038-UGfPsMLqoj.mp3,https://ncsmusic.s3.eu-west-1.amazonaws.com/tracks/000/001/123/100x100/away-1651572035-16kNSIJN6A.jpg
No Rival,"Alaina Cross, Maestro Chives, Egzod",Electronic,"Electronic, Epic, Euphoric, energetic, Hopeful, Mysterious",29 Apr 2022,"Regular, Instrumental",https://ncsmusic.s3.eu-west-1.amazonaws.com/tracks/000/001/122/no-rival-1651226438-1CBwH9EN4k.mp3,https://ncsmusic.s3.eu-west-1.amazonaws.com/tracks/000/001/122/100x100/no-rival-1651226434-NR8lMW0VBn.jpg
To The Top,"Srikar, Jay Eskar",Electronic,"Electronic, Mysterious, Quirky, Dark, Gloomy, Suspense",28 Apr 2022,"Regular, Instrumental",https://ncsmusic.s3.eu-west-1.amazonaws.com/tracks/000/001/121/to-the-top-1651143637-G2ytkuhKJR.mp3,https://ncsmusic.s3.eu-west-1.amazonaws.com/tracks/000/001/121/100x100/to-the-top-1651143634-fn789aXHcB.jpg
Pray Tonight,"P-One, Wiguez",Drum & Bass,"Drum & Bass, Mysterious, Hopeful, Dreamy, energetic, Quirky",26 Apr 2022,Regular,https://ncsmusic.s3.eu-west-1.amazonaws.com/tracks/000/001/120/1654766320_qEAlX4iUP5_Wiguez---Pray-Tonight-Ft.-P-One.mp3,https://ncsmusic.s3.eu-west-1.amazonaws.com/tracks/000/001/120/100x100/pray-tonight-1650967234-k1dke96NGh.jpg
Take Me,"Used, Andromedik",Drum & Bass,"Drum & Bass, Mysterious, Quirky, Epic, energetic, Restless",22 Apr 2022,"Regular, Instrumental",https://ncsmusic.s3.eu-west-1.amazonaws.com/tracks/000/001/119/take-me-1650621640-gEkB9kmxmd.mp3,https://ncsmusic.s3.eu-west-1.amazonaws.com/tracks/000/001/119/100x100/take-me-1650621637-cZ7REwwNNV.jpg
Champions,"Donna Tella, Lunaar, Elektronomia",Electronic,"Electronic, Epic, Euphoric, Glamorous, Happy, Hopeful",21 Apr 2022,"Regular, Instrumental",https://ncsmusic.s3.eu-west-1.amazonaws.com/tracks/000/001/118/champions-1650535239-jRemnKLuzq.mp3,https://ncsmusic.s3.eu-west-1.amazonaws.com/tracks/000/001/118/100x100/champions-1650535236-sCFOK71AJz.jpg
Like You,"Greg Aven, MILANE",Future House,"Future House, Dreamy, Mysterious, Quirky, romantic",19 Apr 2022,"Regular, Instrumental",https://ncsmusic.s3.eu-west-1.amazonaws.com/tracks/000/001/117/like-you-1650362439-5Ou05HwaFw.mp3,https://ncsmusic.s3.eu-west-1.amazonaws.com/tracks/000/001/117/100x100/like-you-1650362436-wyftmuz0Zb.jpg
Escape,"Srikar, AKIAL, Sam Ourt",Future House,"Future House, Dreamy, Glamorous, Mysterious, romantic, Weird, Quirky",15 Apr 2022,"Regular, Instrumental",https://ncsmusic.s3.eu-west-1.amazonaws.com/tracks/000/001/116/escape-1650096037-85BqgH2hbG.mp3,https://ncsmusic.s3.eu-west-1.amazonaws.com/tracks/000/001/116/100x100/escape-1650096034-awopnENeF6.jpg
Moments,"Robbie Rosen, Lost Identites",EDM,"EDM, Dreamy, Epic, Euphoric, Happy, Hopeful, romantic",14 Apr 2022,"Regular, Instrumental",https://ncsmusic.s3.eu-west-1.amazonaws.com/tracks/000/001/115/moments-1649930438-5AD1RTxZzu.mp3,https://ncsmusic.s3.eu-west-1.amazonaws.com/tracks/000/001/115/100x100/moments-1649930434-qjSKycWTAf.jpg
Daydream,"blankfaces, Arya",Dubstep,"Dubstep, Dreamy, Epic, Euphoric, Glamorous, Gloomy, Mysterious, Sexy",12 Apr 2022,Regular,https://ncsmusic.s3.eu-west-1.amazonaws.com/tracks/000/001/114/daydream-1649757637-2kx0o5zDW8.mp3,https://ncsmusic.s3.eu-west-1.amazonaws.com/tracks/000/001/114/100x100/daydream-1649757634-CyDcTEejAx.jpg
Falling,"Rival, CRVN",Bass,"Bass, Angry, Dark, Epic, Fear, Gloomy, scary, Suspense",8 Apr 2022,"Regular, Instrumental",https://ncsmusic.s3.eu-west-1.amazonaws.com/tracks/000/001/113/falling-1649412038-s66KBvyTjg.mp3,https://ncsmusic.s3.eu-west-1.amazonaws.com/tracks/000/001/113/100x100/falling-1649412036-lkoB5hiJq8.jpg
Running Away,"Perk Pietrek, Abstrakt, Shiah Maisel","Dubstep, Electronic","Dubstep, Electronic, energetic, Epic, Happy, Quirky, Restless",7 Apr 2022,"Regular, Instrumental",https://ncsmusic.s3.eu-west-1.amazonaws.com/tracks/000/001/112/running-away-1649325637-aLqgDZiURN.mp3,https://ncsmusic.s3.eu-west-1.amazonaws.com/tracks/000/001/112/100x100/running-away-1649325635-ZD22SgM4sM.jpg
Beam,"Gabriella, Knoir, Zeneth",Electronic,"Electronic, energetic, Dreamy, Glamorous, Happy, Laid Back, Weird",5 Apr 2022,Regular,https://ncsmusic.s3.eu-west-1.amazonaws.com/tracks/000/001/111/beam-1649152839-sf66UDcsFE.mp3,https://ncsmusic.s3.eu-west-1.amazonaws.com/tracks/000/001/111/100x100/beam-1649152837-RF8UueRrLy.jpg
In My Head,"Britt Lari, Arcando",Glitch Hop,"Glitch Hop, Dreamy, Euphoric, Glamorous, Happy, Quirky, Sexy",1 Apr 2022,"Regular, Instrumental",https://ncsmusic.s3.eu-west-1.amazonaws.com/tracks/000/001/110/in-my-head-1648807239-R6dTi5vqkn.mp3,https://ncsmusic.s3.eu-west-1.amazonaws.com/tracks/000/001/110/100x100/in-my-head-1648807236-8ODtp5xlhy.jpg
Bring Me The Light (Rob Gasser Remix),"Mara Necia, Rob Gasser, T & Sugah",Drum & Bass,"Drum & Bass, energetic, Hopeful, Laid Back, Quirky",31 Mar 2022,Regular,https://ncsmusic.s3.eu-west-1.amazonaws.com/tracks/000/001/108/bring-me-the-light-rob-gasser-remix-1648720836-FnfbgRC4Ly.mp3,https://ncsmusic.s3.eu-west-1.amazonaws.com/tracks/000/001/108/100x100/bring-me-the-light-rob-gasser-remix-1648720834-aKKyEfVXmK.jpg
Stardust (Rex Hooligan Remix),"Rex Hooligan, NCT, T & Sugah",Drum & Bass,"Drum & Bass, Hopeful, Euphoric, Quirky, energetic, Glamorous, romantic",31 Mar 2022,Regular,https://ncsmusic.s3.eu-west-1.amazonaws.com/tracks/000/001/109/stardust-rex-hooligan-remix-1648720842-6DXLhTyrPv.mp3,https://ncsmusic.s3.eu-west-1.amazonaws.com/tracks/000/001/109/100x100/stardust-rex-hooligan-remix-1648720840-PjE1poYlUx.jpg
XXI,QR,Electronic,"Electronic, energetic, Mysterious, Quirky, Restless, Suspense, Weird",29 Mar 2022,Regular,https://ncsmusic.s3.eu-west-1.amazonaws.com/tracks/000/001/107/xxi-1648548038-XKSYLmfyye.mp3,https://ncsmusic.s3.eu-west-1.amazonaws.com/tracks/000/001/107/100x100/xxi-1648548035-DVcBMiYRHV.jpg
Whatever,"Andromedik, Cartoon, Jéja",Drum & Bass,"Drum & Bass, Euphoric, energetic, Happy, Hopeful, Epic",25 Mar 2022,"Regular, Instrumental",https://ncsmusic.s3.eu-west-1.amazonaws.com/tracks/000/001/106/whatever-1648206038-V4fcqmsmnB.mp3,https://ncsmusic.s3.eu-west-1.amazonaws.com/tracks/000/001/106/100x100/1705340258_keqdW0c8ro_2024---CARTOON-JEYJA-Andromedik---Whatever-ft.-JuYri-Pootsmann.jpg
Lost Without You,"Felix Samuel, Millbrook",Drum & Bass,"Drum & Bass, Dreamy, Hopeful, Peaceful, Mysterious, Laid Back",24 Mar 2022,Regular,https://ncsmusic.s3.eu-west-1.amazonaws.com/tracks/000/001/105/lost-without-you-1648119639-hp8pqzmSZ0.mp3,https://ncsmusic.s3.eu-west-1.amazonaws.com/tracks/000/001/105/100x100/lost-without-you-1648119636-yXWaBG28L2.jpg
Complicated,"WBN, WIBERG",Glitch Hop,"Glitch Hop, Dreamy, Epic, Glamorous, Mysterious, Quirky, Weird",22 Mar 2022,"Regular, Instrumental",https://ncsmusic.s3.eu-west-1.amazonaws.com/tracks/000/001/104/complicated-1647950438-oKhVEXpaLA.mp3,https://ncsmusic.s3.eu-west-1.amazonaws.com/tracks/000/001/104/100x100/complicated-1647950436-Hbbny3AJGQ.jpg
The Edge,"Harley Bird, NIVIRO",House,"House, Euphoric, energetic, Happy, Dreamy",18 Mar 2022,"Regular, Instrumental",https://ncsmusic.s3.eu-west-1.amazonaws.com/tracks/000/001/102/the-edge-1647687637-w76iT38IYJ.mp3,https://ncsmusic.s3.eu-west-1.amazonaws.com/tracks/000/001/102/100x100/the-edge-1647687634-PU8jEzKDv7.jpg
Nobody Else,Abstrakt,Electronic,"Electronic, Euphoric, Happy, Quirky, Weird",17 Mar 2022,"Regular, Instrumental",https://ncsmusic.s3.eu-west-1.amazonaws.com/tracks/000/001/103/nobody-else-1647687646-cXVY0d2Vq3.mp3,https://ncsmusic.s3.eu-west-1.amazonaws.com/tracks/000/001/103/100x100/nobody-else-1647687644-vr14tNKUlw.jpg
Fall In Love,DigEx,Future House,"Future House, Dreamy, energetic, Glamorous, Restless, Sexy",15 Mar 2022,"Regular, Instrumental",https://ncsmusic.s3.eu-west-1.amazonaws.com/tracks/000/001/101/fall-in-love-1647360038-hsnRvacMl6.mp3,https://ncsmusic.s3.eu-west-1.amazonaws.com/tracks/000/001/101/100x100/fall-in-love-1647360035-VknTUZkVae.jpg
Haunted House,Neoni,Electronic,"Electronic, Dark, Epic, Fear, Glamorous, Gloomy, Mysterious, scary, Sexy, Suspense",11 Mar 2022,Regular,https://ncsmusic.s3.eu-west-1.amazonaws.com/tracks/000/001/100/haunted-house-1647097237-HAGlYrFRLn.mp3,https://ncsmusic.s3.eu-west-1.amazonaws.com/tracks/000/001/100/100x100/haunted-house-1647097234-tkRCTJ2Kwy.jpg
With You,"OBLVYN, Riell",Melodic Dubstep,"Melodic Dubstep, Dreamy, Euphoric, Glamorous, Happy, Hopeful, Mysterious, Peaceful, relaxed, Restless",10 Mar 2022,Regular,https://ncsmusic.s3.eu-west-1.amazonaws.com/tracks/000/001/099/with-you-1646917239-Xm9KNcQNZn.mp3,https://ncsmusic.s3.eu-west-1.amazonaws.com/tracks/000/001/099/100x100/with-you-1646917234-XTGZkBJHz8.jpg
Running Out Of Time,Anna Yvette,Drum & Bass,"Drum & Bass, Dreamy, Euphoric, energetic, Glamorous, Hopeful, Mysterious, Restless, Sexy",8 Mar 2022,Regular,https://ncsmusic.s3.eu-west-1.amazonaws.com/tracks/000/001/098/running-out-of-time-1646740838-q1zU8kiRkB.mp3,https://ncsmusic.s3.eu-west-1.amazonaws.com/tracks/000/001/098/100x100/running-out-of-time-1646740834-UlwOcervxT.jpg
Avatar,RYVN,Trap,"Trap, Angry, Dark, Epic, Fear, scary, Sexy, Suspense",4 Mar 2022,"Regular, Instrumental",https://ncsmusic.s3.eu-west-1.amazonaws.com/tracks/000/001/097/avatar-1646416842-lrcNbP7NM4.mp3,https://ncsmusic.s3.eu-west-1.amazonaws.com/tracks/000/001/097/100x100/avatar-1646416838-uD54Fn13pH.png
Whispered Promises,"DJ Frog, Nito-Onna, Coopex",Electronic,"Electronic, Dreamy, Gloomy, Hopeful, Mysterious, romantic, sad, Peaceful",3 Mar 2022,Regular,https://ncsmusic.s3.eu-west-1.amazonaws.com/tracks/000/001/096/whispered-promises-1646316040-OeyYXp0hMo.mp3,https://ncsmusic.s3.eu-west-1.amazonaws.com/tracks/000/001/096/100x100/whispered-promises-1646316035-lxlfSNBfAe.jpg
Freedom,Goodknight.,Trap,"Trap, Dreamy, Gloomy, Hopeful, Mysterious, Peaceful, Laid Back, sad, Quirky",1 Mar 2022,Regular,https://ncsmusic.s3.eu-west-1.amazonaws.com/tracks/000/001/095/freedom-1646139639-w40yOUD1MG.mp3,https://ncsmusic.s3.eu-west-1.amazonaws.com/tracks/000/001/095/100x100/freedom-1646139635-EJYUbSeAa6.jpg
Reality (ft. Dayce Williams),"Dayce Williams, Azertion, Diviners",House,"House, Dreamy, Euphoric, Happy, Hopeful, Restless, romantic, Mysterious",25 Feb 2022,Regular,https://ncsmusic.s3.eu-west-1.amazonaws.com/tracks/000/001/094/reality-ft-dayce-williams-1645869635-ki2znxEYnv.mp3,https://ncsmusic.s3.eu-west-1.amazonaws.com/tracks/000/001/094/100x100/reality-ft-dayce-williams-1645869632-FGvZ4VWaVF.jpg
Talk,Beave,Chill,"Chill, Dreamy, Gloomy, Laid Back, Mysterious, Peaceful, romantic",24 Feb 2022,"Regular, Instrumental",https://ncsmusic.s3.eu-west-1.amazonaws.com/tracks/000/001/093/talk-1645707638-Baq1ZrzUQ5.mp3,https://ncsmusic.s3.eu-west-1.amazonaws.com/tracks/000/001/093/100x100/talk-1645707634-jdZvvKuXnT.jpg
Take Our Time,Tollef,Indie,"Indie Dance, Glamorous, Happy, Hopeful, Peaceful, relaxed",22 Feb 2022,"Regular, Instrumental",https://ncsmusic.s3.eu-west-1.amazonaws.com/tracks/000/001/092/take-our-time-1645534836-T9RaO7Ih8a.mp3,https://ncsmusic.s3.eu-west-1.amazonaws.com/tracks/000/001/092/100x100/take-our-time-1645534832-FSOxrdKCfV.jpg
Ray Of Light,"Nieko, Zack Merci",Trap,"Trap, Angry, Dark, Epic, scary, Suspense",18 Feb 2022,"Regular, Instrumental",https://ncsmusic.s3.eu-west-1.amazonaws.com/tracks/000/001/091/ray-of-light-1645189236-AExoHzOihe.mp3,https://ncsmusic.s3.eu-west-1.amazonaws.com/tracks/000/001/091/100x100/ray-of-light-1645189233-ZclOFaNWQN.jpg
Let's Run Away,"Rico 56, Doxed, Jay Eskar",Future House,"Future House, Angry, Fear, Weird, Dark, Epic",17 Feb 2022,"Regular, Instrumental",https://ncsmusic.s3.eu-west-1.amazonaws.com/tracks/000/001/090/lets-run-away-1645106436-UaUWe4Jkq9.mp3,https://ncsmusic.s3.eu-west-1.amazonaws.com/tracks/000/001/090/100x100/lets-run-away-1645106432-qJcDscIq4Q.jpg
There's Nobody Else,"Dany Yeager, Chris Later",Future House,"Future House, Euphoric, energetic, Epic, Glamorous",15 Feb 2022,Regular,https://ncsmusic.s3.eu-west-1.amazonaws.com/tracks/000/001/089/theres-nobody-else-1644937236-Cdyim75JWF.mp3,https://ncsmusic.s3.eu-west-1.amazonaws.com/tracks/000/001/089/100x100/theres-nobody-else-1644937233-RDiNP38q2Y.jpg
Odyssey,"TOBSIK, Spyker, Kato",Future House,"Future House, Dark, energetic, Glamorous",11 Feb 2022,"Regular, Instrumental",https://ncsmusic.s3.eu-west-1.amazonaws.com/tracks/000/001/088/odyssey-1644584437-hQlykjKGb9.mp3,https://ncsmusic.s3.eu-west-1.amazonaws.com/tracks/000/001/088/100x100/odyssey-1644584432-f6JD8KCFPo.jpg
Emotions Like,Alva Gracia,House,"House, energetic, Euphoric, Happy, Hopeful",10 Feb 2022,"Regular, Instrumental",https://ncsmusic.s3.eu-west-1.amazonaws.com/tracks/000/001/087/emotions-like-1644501638-BCl9eYQCjv.mp3,https://ncsmusic.s3.eu-west-1.amazonaws.com/tracks/000/001/087/100x100/emotions-like-1644501634-ugTSFheapM.jpg
Waiting For You,Fiko,Future House,"Future House, Happy, Epic, Euphoric, energetic, Dreamy",8 Feb 2022,"Regular, Instrumental",https://ncsmusic.s3.eu-west-1.amazonaws.com/tracks/000/001/086/waiting-for-you-1644260440-9THIoZRTK3.mp3,https://ncsmusic.s3.eu-west-1.amazonaws.com/tracks/000/001/086/100x100/waiting-for-you-1644260437-AQfKc2wO2o.jpg
Luna [Mendum Remix],"Mendum, GalaxyTones, Abandoned",Melodic Dubstep,"Melodic Dubstep, Dreamy, Laid Back",4 Feb 2022,Regular,https://ncsmusic.s3.eu-west-1.amazonaws.com/tracks/000/001/085/luna-mendum-remix-1643979637-zPofCBIs80.mp3,https://ncsmusic.s3.eu-west-1.amazonaws.com/tracks/000/001/085/100x100/luna-mendum-remix-1643979634-2kDnZRRknV.jpg
Dead Of Night (VIP),if found,Drumstep,"Drumstep, Angry, Dark, energetic, Suspense, Quirky",3 Feb 2022,Regular,https://ncsmusic.s3.eu-west-1.amazonaws.com/tracks/000/001/084/dead-of-night-vip-1643857236-3PDwBTXmOG.mp3,https://ncsmusic.s3.eu-west-1.amazonaws.com/tracks/000/001/084/100x100/dead-of-night-vip-1643857232-dEhdUt54X8.jpg
Back To Time,Icehunt,Indie,"Indie Dance, Dark, Gloomy, Quirky, Epic",1 Feb 2022,"Regular, Instrumental",https://ncsmusic.s3.eu-west-1.amazonaws.com/tracks/000/001/083/back-to-time-1643720438-fmCZqBOy81.mp3,https://ncsmusic.s3.eu-west-1.amazonaws.com/tracks/000/001/083/100x100/back-to-time-1643720434-J2u1O0Gzr2.jpg
Find You There,"Shiah Maisel, CHENDA",Dubstep,"Dubstep, Dark, Gloomy, Mysterious, Suspense",28 Jan 2022,"Regular, Instrumental",https://ncsmusic.s3.eu-west-1.amazonaws.com/tracks/000/001/082/find-you-there-1643374838-Vh5B2n1tdc.mp3,https://ncsmusic.s3.eu-west-1.amazonaws.com/tracks/000/001/082/100x100/find-you-there-1643374835-BfrSH1ZJLM.jpg
Collide,Elektronomia,House,"House, Euphoric, energetic, Happy, Hopeful",27 Jan 2022,Regular,https://ncsmusic.s3.eu-west-1.amazonaws.com/tracks/000/001/081/collide-1643284836-kJ42U7PzET.mp3,https://ncsmusic.s3.eu-west-1.amazonaws.com/tracks/000/001/081/100x100/collide-1643284833-a0Q7pdbPHF.jpg
Circus,Isolated,Trap,"Trap, Dark, Gloomy, Mysterious, Suspense",25 Jan 2022,"Regular, Instrumental",https://ncsmusic.s3.eu-west-1.amazonaws.com/tracks/000/001/080/circus-1643112038-TNodCSU1cJ.mp3,https://ncsmusic.s3.eu-west-1.amazonaws.com/tracks/000/001/080/100x100/circus-1643112035-LRX7msrij3.jpg
WHAT THE HELL,Johnning,Electronic,"Electronic, Euphoric, Happy, Hopeful, Epic, energetic",21 Jan 2022,Regular,https://ncsmusic.s3.eu-west-1.amazonaws.com/tracks/000/001/079/what-the-hell-1642726839-I8Qf074MO2.mp3,https://ncsmusic.s3.eu-west-1.amazonaws.com/tracks/000/001/079/100x100/what-the-hell-1642726835-5sgFBAaQSF.jpg
Take You Home,"Dust of Apollon, Sam Day",Electronic,"Electronic, Euphoric, energetic, Happy, Hopeful",20 Jan 2022,"Regular, Instrumental",https://ncsmusic.s3.eu-west-1.amazonaws.com/tracks/000/001/078/take-you-home-1642683641-x08CtkObUS.mp3,https://ncsmusic.s3.eu-west-1.amazonaws.com/tracks/000/001/078/100x100/take-you-home-1642683635-YtcZe4WXPz.jpg
The Garden,Lochlainn,EDM,"EDM, Dark, Gloomy, Mysterious, Suspense",18 Jan 2022,"Regular, Instrumental",https://ncsmusic.s3.eu-west-1.amazonaws.com/tracks/000/001/077/the-garden-1642510839-PrM6psF5hC.mp3,https://ncsmusic.s3.eu-west-1.amazonaws.com/tracks/000/001/077/100x100/the-garden-1642510835-ksIXN6OWuh.jpg
LEVITATE,Neoni,Electronic,"Electronic, Happy, Epic, Euphoric, energetic, Dreamy, Dark",14 Jan 2022,"Regular, Instrumental",https://ncsmusic.s3.eu-west-1.amazonaws.com/tracks/000/001/075/levitate-1642161636-mAFiwFJq6T.mp3,https://ncsmusic.s3.eu-west-1.amazonaws.com/tracks/000/001/075/100x100/levitate-1642161631-MkJvqkOqjc.jpg
Binary,"HANNY, Donkong",Dubstep,"Dubstep, Quirky, Weird, Dark, Restless",13 Jan 2022,Regular,https://ncsmusic.s3.eu-west-1.amazonaws.com/tracks/000/001/074/binary-1642078837-XJ67S6tL0W.mp3,https://ncsmusic.s3.eu-west-1.amazonaws.com/tracks/000/001/074/100x100/binary-1642078833-HKfRd1SeHg.jpg
Let Me Go,"Jimmy Rivler, Max Vermeulen, Almost Weekend","Trap, Electronic","Trap, Electronic, Happy, Epic, Euphoric, energetic, Dreamy",11 Jan 2022,Regular,https://ncsmusic.s3.eu-west-1.amazonaws.com/tracks/000/001/073/let-me-go-1641902437-UxXbdyBdUo.mp3,https://ncsmusic.s3.eu-west-1.amazonaws.com/tracks/000/001/073/100x100/let-me-go-1641902432-saulgdlRnj.jpg
Got Me,"Nito-Onna, Poylow",Trap,"Trap, energetic, Epic, Quirky, Restless",7 Jan 2022,"Regular, Instrumental",https://ncsmusic.s3.eu-west-1.amazonaws.com/tracks/000/001/072/got-me-1641556838-kjLzelwxc0.mp3,https://ncsmusic.s3.eu-west-1.amazonaws.com/tracks/000/001/072/100x100/got-me-1641556834-pzqZFaFeeN.jpg
I'll Be Here,"Noctilucent, METAHESH, Heuse",Trap,"Trap, relaxed, Quirky, Gloomy, Mysterious",6 Jan 2022,Regular,https://ncsmusic.s3.eu-west-1.amazonaws.com/tracks/000/001/071/ill-be-here-1641466839-ePQKhsGgEO.mp3,https://ncsmusic.s3.eu-west-1.amazonaws.com/tracks/000/001/071/100x100/ill-be-here-1641466835-oIizvXG6Hj.jpg
COME UP,Dwonji,Electronic,"Electronic, Quirky, Gloomy, Mysterious, Hopeful, Epic",4 Jan 2022,Regular,https://ncsmusic.s3.eu-west-1.amazonaws.com/tracks/000/001/068/come-up-1641294035-XnelFshvrO.mp3,https://ncsmusic.s3.eu-west-1.amazonaws.com/tracks/000/001/068/100x100/come-up-1641294032-gaoWc8JqxL.jpg
Slow Down,"Shiah Maisel, Jim Yosef",Electronic,"Electronic, Euphoric, Happy, Hopeful, Epic, relaxed",31 Dec 2021,"Regular, Instrumental",https://ncsmusic.s3.eu-west-1.amazonaws.com/tracks/000/001/069/slow-down-1641294042-dIyLkWfAgK.mp3,https://ncsmusic.s3.eu-west-1.amazonaws.com/tracks/000/001/069/100x100/slow-down-1641294039-Imxo6qzcGg.jpg
Fighting Fire,"Linn Sandin, Facading, Vosai",Electronic,"Electronic, relaxed, Quirky, Gloomy, Mysterious",30 Dec 2021,Regular,https://ncsmusic.s3.eu-west-1.amazonaws.com/tracks/000/001/070/fighting-fire-1641294053-8hJlAcKASs.mp3,https://ncsmusic.s3.eu-west-1.amazonaws.com/tracks/000/001/070/100x100/fighting-fire-1641294050-oLVRYZUizA.jpg
Trust Me,DigEx,Future House,"Future House, Angry, Dark, energetic, Suspense, Quirky",28 Dec 2021,"Regular, Instrumental",https://ncsmusic.s3.eu-west-1.amazonaws.com/tracks/000/001/067/trust-me-1640685637-pNBK304N3L.mp3,https://ncsmusic.s3.eu-west-1.amazonaws.com/tracks/000/001/067/100x100/trust-me-1640685633-oNTFYWtujY.jpg
On & On (feat. Daniel Levi) [Cartoon x Jéja x HAVSUN x WAYOUT Remix),"WAYOUT, HAVSUN, Cartoon, Jéja",Drumstep,"Drumstep, Euphoric, Happy, Hopeful, Epic, energetic",24 Dec 2021,Regular,https://ncsmusic.s3.eu-west-1.amazonaws.com/tracks/000/001/066/on-on-ft-daniel-levicartoon-x-havsun-x-wayout-remix-1640534438-Vkdv1JwwjT.mp3,https://ncsmusic.s3.eu-west-1.amazonaws.com/tracks/000/001/066/100x100/1705340357_wuiJNi2fK0_Cartoon-JeYja-On--On-Remix.jpg
Into The Wild,"Arcana, Zack Merci",Dubstep,"Dubstep, Quirky, Suspense, Dark, energetic, Weird",23 Dec 2021,"Regular, Instrumental",https://ncsmusic.s3.eu-west-1.amazonaws.com/tracks/000/001/061/into-the-wild-1640260838-sY6PQxUH8Q.mp3,https://ncsmusic.s3.eu-west-1.amazonaws.com/tracks/000/001/061/100x100/into-the-wild-1640260833-i4pmBO5Hzd.jpg
When We Leavin,"Peter Piffen, Too Martian, IntoAlter",Trap,"Trap, Angry, Dark, energetic, Suspense, Quirky",21 Dec 2021,"Regular, Instrumental",https://ncsmusic.s3.eu-west-1.amazonaws.com/tracks/000/001/062/when-we-leavin-1640260848-jNsq3AER3u.mp3,https://ncsmusic.s3.eu-west-1.amazonaws.com/tracks/000/001/062/100x100/when-we-leavin-1640260845-0C60YOFLPG.jpg
Hate You,"Nito-Onna, BAUWZ, Poylow",Trap,"Trap, Quirky, Restless, Fear",17 Dec 2021,"Regular, Instrumental",https://ncsmusic.s3.eu-west-1.amazonaws.com/tracks/000/001/057/hate-you-1639738837-t3bnjQUuNm.mp3,https://ncsmusic.s3.eu-west-1.amazonaws.com/tracks/000/001/057/100x100/hate-you-1639738834-lq4ZzZDKcB.jpg
If You,Sam Day,Electronic,"Electronic, Euphoric, Happy, Hopeful, Epic",17 Dec 2021,"Regular, Instrumental",https://ncsmusic.s3.eu-west-1.amazonaws.com/tracks/000/001/058/if-you-1639738847-Cbkzg3Erlw.mp3,https://ncsmusic.s3.eu-west-1.amazonaws.com/tracks/000/001/058/100x100/if-you-1639738844-Q7qhXT2cQh.jpg
I Hear Sleigh Bells,"Like Lions, Severin",Melodic Dubstep,"Melodic Dubstep, Euphoric, Happy, Hopeful, Epic, relaxed",17 Dec 2021,"Regular, Instrumental",https://ncsmusic.s3.eu-west-1.amazonaws.com/tracks/000/001/059/i-hear-sleigh-bells-1639738857-IAdWmD2Cz0.mp3,https://ncsmusic.s3.eu-west-1.amazonaws.com/tracks/000/001/059/100x100/i-hear-sleigh-bells-1639738854-p2ynbWuN4u.jpg
Running Away,"wes mills, Sam Day",Electronic,"Electronic, relaxed, Quirky, Mysterious",17 Dec 2021,"Regular, Instrumental",https://ncsmusic.s3.eu-west-1.amazonaws.com/tracks/000/001/060/running-away-1639738866-333G1Oqzky.mp3,https://ncsmusic.s3.eu-west-1.amazonaws.com/tracks/000/001/060/100x100/running-away-1639738863-z9BejxTM1l.jpg
If You,Sam Day,Electronic,"Electronic, Euphoric, Happy, Hopeful, Epic",17 Dec 2021,"Regular, Instrumental",https://ncsmusic.s3.eu-west-1.amazonaws.com/tracks/000/001/063/if-you-1640260858-mdz4jwPYL2.mp3,https://ncsmusic.s3.eu-west-1.amazonaws.com/tracks/000/001/063/100x100/if-you-1640260855-XEyraEDtih.jpg
Nothing To Hide,Sam Day,Electronic,"Electronic, Euphoric, Happy, Hopeful, Epic",17 Dec 2021,Regular,https://ncsmusic.s3.eu-west-1.amazonaws.com/tracks/000/001/065/nothing-to-hide-1640260879-E6IUA4hwAa.mp3,https://ncsmusic.s3.eu-west-1.amazonaws.com/tracks/000/001/065/100x100/nothing-to-hide-1640260876-QQ4Rwu26QP.jpg
I Hear Sleigh Bells,"Like Lions, Severin",Melodic Dubstep,"Melodic Dubstep, Euphoric, Happy, Hopeful, Epic, relaxed",17 Dec 2021,"Regular, Instrumental",https://ncsmusic.s3.eu-west-1.amazonaws.com/tracks/000/001/076/i-hear-sleigh-bells-1642345239-95vhZ0dVVm.mp3,https://ncsmusic.s3.eu-west-1.amazonaws.com/tracks/000/001/076/100x100/i-hear-sleigh-bells-1642345234-ppyA932r2d.jpg
Electric,"Robbie Rosen, Deerock, Vaance",House,"House, Happy, Epic, Euphoric, energetic, Dreamy",16 Dec 2021,"Regular, Instrumental",https://ncsmusic.s3.eu-west-1.amazonaws.com/tracks/000/001/056/electric-1639648838-h097Qo1u2t.mp3,https://ncsmusic.s3.eu-west-1.amazonaws.com/tracks/000/001/056/100x100/electric-1639648833-fUVgAfRbfB.jpg
Capsized,Tollef,House,"House, Happy, Epic, Euphoric, energetic, Dreamy",14 Dec 2021,"Regular, Instrumental",https://ncsmusic.s3.eu-west-1.amazonaws.com/tracks/000/001/055/capsized-1639479633-C74NZsCkpB.mp3,https://ncsmusic.s3.eu-west-1.amazonaws.com/tracks/000/001/055/100x100/capsized-1639479631-oJ5OYryz3R.jpg
Legacy,"BENIX, Dirty Palm",Future House,"Future House, Epic, energetic, Restless, Dark, Angry",10 Dec 2021,"Regular, Instrumental",https://ncsmusic.s3.eu-west-1.amazonaws.com/tracks/000/001/052/legacy-1639177235-T6E9kKc2qj.mp3,https://ncsmusic.s3.eu-west-1.amazonaws.com/tracks/000/001/052/100x100/legacy-1639177231-NCZhzisVBJ.jpg
Lucky Charm,OVSKY,Future House,"Future House, Euphoric, Happy, Hopeful, Epic",10 Dec 2021,"Regular, Instrumental",https://ncsmusic.s3.eu-west-1.amazonaws.com/tracks/000/001/053/lucky-charm-1639177244-2sKijtvjnk.mp3,https://ncsmusic.s3.eu-west-1.amazonaws.com/tracks/000/001/053/100x100/lucky-charm-1639177242-F58zNUcYSG.jpg
Way To You,OVSKY,Future House,"Future House, Euphoric, Happy, Hopeful, Epic",10 Dec 2021,"Regular, Instrumental",https://ncsmusic.s3.eu-west-1.amazonaws.com/tracks/000/001/054/way-to-you-1639177258-AWYFHX1BGn.mp3,https://ncsmusic.s3.eu-west-1.amazonaws.com/tracks/000/001/054/100x100/way-to-you-1639177255-IrD8ZLEfrO.jpg
The Word Is Out,PHI NIX,Electronic,"Electronic, relaxed, Quirky, Gloomy, Mysterious",9 Dec 2021,"Regular, Instrumental",https://ncsmusic.s3.eu-west-1.amazonaws.com/tracks/000/001/051/the-word-is-out-1639062036-kcTyENnOoU.mp3,https://ncsmusic.s3.eu-west-1.amazonaws.com/tracks/000/001/051/100x100/the-word-is-out-1639062033-1K5aRNlnle.jpg
Nothing To Hide,Sam Day,Electronic,"Electronic, Euphoric, Happy, Hopeful, Epic",7 Dec 2021,Regular,https://ncsmusic.s3.eu-west-1.amazonaws.com/tracks/000/001/050/nothing-to-hide-1638874833-MiqcLzyiFC.mp3,https://ncsmusic.s3.eu-west-1.amazonaws.com/tracks/000/001/050/100x100/nothing-to-hide-1638874830-nw9Vmn1ZsK.jpg
Arcade Dwellers,"MDK, Chime",House,"House, Angry, Epic, energetic, Quirky, Restless",3 Dec 2021,Regular,https://ncsmusic.s3.eu-west-1.amazonaws.com/tracks/000/001/049/arcade-dwellers-1638637235-FZpC3SGGH4.mp3,https://ncsmusic.s3.eu-west-1.amazonaws.com/tracks/000/001/049/100x100/arcade-dwellers-1638637233-smBMYucWuD.jpg
Disco,Clarx,House,"House, Euphoric, Happy, Hopeful, Epic",2 Dec 2021,Regular,https://ncsmusic.s3.eu-west-1.amazonaws.com/tracks/000/001/048/disco-1638450035-Vef5cwHt2U.mp3,https://ncsmusic.s3.eu-west-1.amazonaws.com/tracks/000/001/048/100x100/disco-1638450031-rcV9eT9vbL.jpg
Time,OVSKY,Future House,"Future House, Euphoric, Happy, Hopeful, Epic",30 Nov 2021,"Regular, Instrumental",https://ncsmusic.s3.eu-west-1.amazonaws.com/tracks/000/001/047/time-1638277235-U7yC5A5bMx.mp3,https://ncsmusic.s3.eu-west-1.amazonaws.com/tracks/000/001/047/100x100/time-1638277232-3jpUH2ZwZy.jpg
News To Me,"Too Martian, Shiah Maisel, NCT",Electronic,"Electronic, Angry, Epic, energetic, Quirky, Restless",26 Nov 2021,Regular,https://ncsmusic.s3.eu-west-1.amazonaws.com/tracks/000/001/045/news-to-me-1637928034-wrfaMGGpmJ.mp3,https://ncsmusic.s3.eu-west-1.amazonaws.com/tracks/000/001/045/100x100/news-to-me-1637928031-1QXTrkBy36.jpg
Promise,EBEN,Drumstep,"Drumstep, Dark, Gloomy, Epic",25 Nov 2021,Regular,https://ncsmusic.s3.eu-west-1.amazonaws.com/tracks/000/001/046/promise-1637928041-AB6FmS1Lo0.mp3,https://ncsmusic.s3.eu-west-1.amazonaws.com/tracks/000/001/046/100x100/promise-1637928038-Mh61TH8dzP.jpg
Sleeping Till Noon,"Andrew A, FROZT",Electronic,"Electronic, Euphoric, Happy, Hopeful, Epic",23 Nov 2021,"Regular, Instrumental",https://ncsmusic.s3.eu-west-1.amazonaws.com/tracks/000/001/044/sleeping-till-noon-1637672435-nmEZTmqdRC.mp3,https://ncsmusic.s3.eu-west-1.amazonaws.com/tracks/000/001/044/100x100/sleeping-till-noon-1637672432-ZDZokTvc7x.jpg
Feelings,Facading,Bass,"Bass, Dark, Angry, Gloomy, Fear, scary",19 Nov 2021,Regular,https://ncsmusic.s3.eu-west-1.amazonaws.com/tracks/000/001/042/feelings-1637316033-o3QtyQNKlz.,https://ncsmusic.s3.eu-west-1.amazonaws.com/tracks/000/001/042/100x100/feelings-1637316030-C0GWIrjmAv.jpg
Feelings,Facading,Bass,"Bass, Dark, Angry, Gloomy, Fear, scary",19 Nov 2021,Regular,https://ncsmusic.s3.eu-west-1.amazonaws.com/tracks/000/001/043/feelings-1637323235-QTu7qhflPn.,https://ncsmusic.s3.eu-west-1.amazonaws.com/tracks/000/001/043/100x100/feelings-1637323232-nI3qjDSEKS.jpg
Full Speed Ahead,"Wanden, Slashtaq",Trap,"Trap, Epic, Gloomy, Restless, energetic",18 Nov 2021,"Regular, Instrumental",https://ncsmusic.s3.eu-west-1.amazonaws.com/tracks/000/001/041/full-speed-ahead-1637236835-www3geuOKN.mp3,https://ncsmusic.s3.eu-west-1.amazonaws.com/tracks/000/001/041/100x100/full-speed-ahead-1637236832-U1VNrsgJyJ.jpg
Love Me,"FERGO, Sam Ourt",House,"House, Euphoric, Happy, Hopeful, Epic",16 Nov 2021,"Regular, Instrumental",https://ncsmusic.s3.eu-west-1.amazonaws.com/tracks/000/001/040/love-me-1637064034-liUcFx41Gu.mp3,https://ncsmusic.s3.eu-west-1.amazonaws.com/tracks/000/001/040/100x100/love-me-1637064030-7CtDDoLvEQ.png
Melodia,Syn Cole,House,"House, energetic, Epic, Euphoric, Happy",12 Nov 2021,Regular,https://ncsmusic.s3.eu-west-1.amazonaws.com/tracks/000/001/039/melodia-1636711234-TRB1LMpJJB.mp3,https://ncsmusic.s3.eu-west-1.amazonaws.com/tracks/000/001/039/100x100/melodia-1636711231-q9sA6J5prH.jpg
Home,"OVSKY, Mo Falk",Future House,"Future House, relaxed, Dreamy, Laid Back, Peaceful, Hopeful, Euphoric",11 Nov 2021,"Regular, Instrumental",https://ncsmusic.s3.eu-west-1.amazonaws.com/tracks/000/001/038/home-1636628435-0bTVOQWbx4.mp3,https://ncsmusic.s3.eu-west-1.amazonaws.com/tracks/000/001/038/100x100/home-1636628432-vcKCyDuvlj.jpg
Cayenne,"Zoe Moon, STAR SEED",Electronic,"Electronic, relaxed, Dreamy, Laid Back, Peaceful, Hopeful, Angry, Euphoric",9 Nov 2021,"Regular, Instrumental",https://ncsmusic.s3.eu-west-1.amazonaws.com/tracks/000/001/037/cayenne-1636459235-kMLwNBUuXu.mp3,https://ncsmusic.s3.eu-west-1.amazonaws.com/tracks/000/001/037/100x100/cayenne-1636459232-xHN2nAwxH3.jpg
Push The Gas,"The LJ, M.I.M.E",Trap,"Trap, Angry, Epic, energetic, Quirky, Restless",5 Nov 2021,"Regular, Instrumental",https://ncsmusic.s3.eu-west-1.amazonaws.com/tracks/000/001/035/push-the-gas-1636120837-lMBDr3UvEl.mp3,https://ncsmusic.s3.eu-west-1.amazonaws.com/tracks/000/001/035/100x100/push-the-gas-1636120832-Wtjyskugxm.jpg
For Me,"Rob Roth, Lost Identites",,"Epic, Euphoric, Happy, Hopeful",4 Nov 2021,"Regular, Instrumental",https://ncsmusic.s3.eu-west-1.amazonaws.com/tracks/000/001/034/for-me-1636038034-JjiPdQNYjN.mp3,https://ncsmusic.s3.eu-west-1.amazonaws.com/tracks/000/001/034/100x100/for-me-1636038031-CleNY0d0Mv.jpg
Dreaming Of Me,"Jack Shore, Tollef",Indie,"Indie Dance, Euphoric, Happy, Hopeful, Epic",2 Nov 2021,"Regular, Instrumental",https://ncsmusic.s3.eu-west-1.amazonaws.com/tracks/000/001/033/dreaming-of-me-1635854434-pQotcAi9iC.mp3,https://ncsmusic.s3.eu-west-1.amazonaws.com/tracks/000/001/033/100x100/dreaming-of-me-1635854432-lB4hOLMPWe.jpg
SLASH,TOKYO MACHINE,EDM,"EDM, Dark, Gloomy, Epic",29 Oct 2021,Regular,https://ncsmusic.s3.eu-west-1.amazonaws.com/tracks/000/001/032/slash-1635534036-ThOuJUXuc6.mp3,https://ncsmusic.s3.eu-west-1.amazonaws.com/tracks/000/001/032/100x100/slash-1635534032-K7V7q6OhOb.jpg
Ropes,"Chandler Jewels, Dirty Palm",Trap,"Trap, Angry, Epic, energetic, Quirky, Restless",28 Oct 2021,"Regular, Instrumental",https://ncsmusic.s3.eu-west-1.amazonaws.com/tracks/000/001/031/ropes-1635418836-F129pHYl3j.mp3,https://ncsmusic.s3.eu-west-1.amazonaws.com/tracks/000/001/031/100x100/ropes-1635418832-3OErzvJKC5.jpg
Only You,"imallryt, Derpcat, ROY KNOX",Dubstep,"Dubstep, energetic, Epic, Euphoric, Happy",26 Oct 2021,"Regular, Instrumental",https://ncsmusic.s3.eu-west-1.amazonaws.com/tracks/000/001/030/only-you-1635246035-WlzWqszzwI.mp3,https://ncsmusic.s3.eu-west-1.amazonaws.com/tracks/000/001/030/100x100/only-you-1635246032-UK5CVPeGtp.jpg
Vision pt. II,"She Is Jules, Lost Sky",Electronic,"Electronic, Epic, Euphoric, Happy, Hopeful",22 Oct 2021,"Regular, Instrumental",https://ncsmusic.s3.eu-west-1.amazonaws.com/tracks/000/001/028/vision-pt-ii-1634893235-i2e4QOKnrt.mp3,https://ncsmusic.s3.eu-west-1.amazonaws.com/tracks/000/001/028/100x100/vision-pt-ii-1634893231-hnzcHK0aSw.jpg
Phoenix (But It's Punk Rock),"Netrum, Halvorsen",,"Angry, Epic, energetic, Quirky, Restless",22 Oct 2021,Regular,https://ncsmusic.s3.eu-west-1.amazonaws.com/tracks/000/001/029/phoenix-but-its-punk-rock-1634914835-pliwPK6ylB.mp3,https://ncsmusic.s3.eu-west-1.amazonaws.com/tracks/000/001/029/100x100/phoenix-but-its-punk-rock-1634914832-UACyImRudS.jpg
Invincible Pt. II,"Sendi Hoxha, DEAF KEV",Electronic,"Electronic, energetic, Epic, Euphoric, Happy",21 Oct 2021,"Regular, Instrumental",https://ncsmusic.s3.eu-west-1.amazonaws.com/tracks/000/001/027/invincible-pt-ii-1634814035-qWTZ3k0SaF.mp3,https://ncsmusic.s3.eu-west-1.amazonaws.com/tracks/000/001/027/100x100/invincible-pt-ii-1634814032-uefgaQaLtV.jpg
FOR YOU,Le Malls,Trap,"Trap, Dark, Fear",19 Oct 2021,Regular,https://ncsmusic.s3.eu-west-1.amazonaws.com/tracks/000/001/026/1634660159_rbMnZKsTai_Le-Malls---FOR-YOU-NCS10-Release.mp3,https://ncsmusic.s3.eu-west-1.amazonaws.com/tracks/000/001/026/100x100/1634660158_VrxvY6BK0U_1.jpg
Stay,SirensCeol,Drumstep,"Drumstep, Dreamy, Epic, Euphoric, Weird, Glamorous",15 Oct 2021,"Regular, Instrumental",https://ncsmusic.s3.eu-west-1.amazonaws.com/tracks/000/001/025/stay-1634295637-Hazcs0iFdj.mp3,https://ncsmusic.s3.eu-west-1.amazonaws.com/tracks/000/001/025/100x100/stay-1634295633-NK0p7uIgpU.jpg
Pixie Dust,Netrum,Drumstep,"Drumstep, Dark, Gloomy, Epic",14 Oct 2021,Regular,https://ncsmusic.s3.eu-west-1.amazonaws.com/tracks/000/001/024/pixie-dust-1634216436-1FboYB3Rn3.mp3,https://ncsmusic.s3.eu-west-1.amazonaws.com/tracks/000/001/024/100x100/pixie-dust-1634216431-CFVemGNYo2.jpg
Heartless,"Domastic, RudeLies, Vosai, Jagsy, Magnus, Facading, Tom Wilson, Jonth",Electronic,"Electronic, Epic, Quirky, energetic, Suspense, Angry",12 Oct 2021,Regular,https://ncsmusic.s3.eu-west-1.amazonaws.com/tracks/000/001/023/heartless-1634040033-nLhRYv4BGP.mp3,https://ncsmusic.s3.eu-west-1.amazonaws.com/tracks/000/001/023/100x100/1718013334_gLAXsoGEnk_ST-Final.jpg
Looking For More,Koven,"Dubstep, Bass","Dubstep, Bass, energetic, Epic, Euphoric, Happy",8 Oct 2021,"Regular, Instrumental",https://ncsmusic.s3.eu-west-1.amazonaws.com/tracks/000/001/022/looking-for-more-1633705235-Ivt5PS0zSF.mp3,https://ncsmusic.s3.eu-west-1.amazonaws.com/tracks/000/001/022/100x100/looking-for-more-1633705232-L8MteCTyyQ.jpg
Rollercoaster,"RUD, Elektronomia",House,"House, Euphoric, Happy, Hopeful, Epic",7 Oct 2021,Regular,https://ncsmusic.s3.eu-west-1.amazonaws.com/tracks/000/001/021/rollercoaster-1633600837-ELEduVcA9j.mp3,https://ncsmusic.s3.eu-west-1.amazonaws.com/tracks/000/001/021/100x100/rollercoaster-1633600832-gDdFa6fV2M.jpg
Street Lights,"JJD, Azertion, Time To Talk",House,"House, energetic, Epic, Euphoric, Happy",5 Oct 2021,"Regular, Instrumental",https://ncsmusic.s3.eu-west-1.amazonaws.com/tracks/000/001/020/street-lights-1633424433-6eCVAhg215.mp3,https://ncsmusic.s3.eu-west-1.amazonaws.com/tracks/000/001/020/100x100/street-lights-1633424430-AMDfPmBiA7.jpg
Lost,Tobu,House,"House, Happy, Hopeful, Euphoric, Epic",3 Oct 2021,Regular,https://ncsmusic.s3.eu-west-1.amazonaws.com/tracks/000/001/019/1633274490_vXDupDN9cX_Tobu---Lost-NCS-Release.mp3,https://ncsmusic.s3.eu-west-1.amazonaws.com/tracks/000/001/019/100x100/1633274490_IHwVEk2ZDc_Lost_Artwork-Final.jpg
Rise,Jnathyn,Electronic,"Electronic, Dark, Gloomy, Fear, Restless",30 Sep 2021,Regular,https://ncsmusic.s3.eu-west-1.amazonaws.com/tracks/000/001/036/rise-1636124436-xzocVdRIgr.mp3,https://ncsmusic.s3.eu-west-1.amazonaws.com/tracks/000/001/036/100x100/rise-1636124432-OjGaqjjLRG.jpg
Numb The Pain,"Shiah Maisel, Anikdote, CHENDA, Le Malls, Catas, Clarx","Indie, Trap","Indie Dance, Trap, Dark, Gloomy, Fear, Restless",28 Sep 2021,"Regular, Instrumental",https://ncsmusic.s3.eu-west-1.amazonaws.com/tracks/000/001/013/numb-the-pain-1632830435-Y79xc7Pkve.mp3,https://ncsmusic.s3.eu-west-1.amazonaws.com/tracks/000/001/013/100x100/numb-the-pain-1632830432-APM8U2SmSU.jpg
Superhero In My Sleep,"Rival, Asketa & Natan Chaim",Electronic,"Electronic, Euphoric, Dreamy, Laid Back, Mysterious, Peaceful",24 Sep 2021,"Regular, Instrumental",https://ncsmusic.s3.eu-west-1.amazonaws.com/tracks/000/001/012/superhero-in-my-sleep-1632488435-LTrTsOu6F8.mp3,https://ncsmusic.s3.eu-west-1.amazonaws.com/tracks/000/001/012/100x100/superhero-in-my-sleep-1632488432-bXsEaPL4bi.jpg
U,Abstrakt,Electronic,"Electronic, relaxed, Dreamy, Laid Back, Peaceful",23 Sep 2021,"Regular, Instrumental",https://ncsmusic.s3.eu-west-1.amazonaws.com/tracks/000/001/011/u-1632391235-lekJm1o28E.mp3,https://ncsmusic.s3.eu-west-1.amazonaws.com/tracks/000/001/011/100x100/u-1632391232-LcUu0ly8kG.jpg
Mistakes,"Emily Stiles, Rob Gasser, Spitfya, Sekai",Drumstep,"Drumstep, Dark, Gloomy, Fear",21 Sep 2021,Regular,https://ncsmusic.s3.eu-west-1.amazonaws.com/tracks/000/001/010/mistakes-1632218434-pi8T6KGvfQ.mp3,https://ncsmusic.s3.eu-west-1.amazonaws.com/tracks/000/001/010/100x100/mistakes-1632218430-AJsZxkipYM.jpg
Symphony,"Donna Tella, Arc North",Chill,"Chill, Euphoric, Dreamy, Laid Back, Mysterious, Peaceful",17 Sep 2021,Regular,https://ncsmusic.s3.eu-west-1.amazonaws.com/tracks/000/001/009/symphony-1631872836-pRVujQOZN4.mp3,https://ncsmusic.s3.eu-west-1.amazonaws.com/tracks/000/001/009/100x100/symphony-1631872833-49AAyxTSRw.jpg
Wounds,Papa Khan,Melodic Dubstep,"Melodic Dubstep, Epic, Euphoric, energetic, Suspense, Quirky",16 Sep 2021,"Regular, Instrumental",https://ncsmusic.s3.eu-west-1.amazonaws.com/tracks/000/001/008/wounds-1631793636-BJZIwmYWS6.mp3,https://ncsmusic.s3.eu-west-1.amazonaws.com/tracks/000/001/008/100x100/wounds-1631793632-MfWtoUIy0k.jpg
Evolution,"Harley Bird, Emdi, Castion, 3rd Prototype, Debris, Clarx",House,"House, Happy, Hopeful, Euphoric, energetic",14 Sep 2021,"Regular, Instrumental",https://ncsmusic.s3.eu-west-1.amazonaws.com/tracks/000/001/007/evolution-1631617310-wL6pFV6pfs.mp3,https://ncsmusic.s3.eu-west-1.amazonaws.com/tracks/000/001/007/100x100/evolution-1631617306-57L0GbhbUa.jpg
What You Like,Curbi,Bass,"Bass, Dark, energetic, Angry, Epic",10 Sep 2021,Regular,https://ncsmusic.s3.eu-west-1.amazonaws.com/tracks/000/001/006/what-you-like-1631271635-cC2vMe487N.mp3,https://ncsmusic.s3.eu-west-1.amazonaws.com/tracks/000/001/006/100x100/what-you-like-1631271631-1nbDNE73Qu.jpg
A New Adventure,"Molly Ann, JJD",Indie,"Indie Dance, Happy, Hopeful, Euphoric, Epic",9 Sep 2021,"Regular, Instrumental",https://ncsmusic.s3.eu-west-1.amazonaws.com/tracks/000/001/005/a-new-adventure-1631185232-3bu68yxdGn.mp3,https://ncsmusic.s3.eu-west-1.amazonaws.com/tracks/000/001/005/100x100/a-new-adventure-1631185230-NKwzbKdyyU.jpg
Together,"Axol, Alex Skrindo, Distrion, RudeLies",House,"House, Happy, Hopeful, Euphoric, energetic",7 Sep 2021,"Regular, Instrumental",https://ncsmusic.s3.eu-west-1.amazonaws.com/tracks/000/001/004/together-1631005235-olYxfCKPXw.mp3,https://ncsmusic.s3.eu-west-1.amazonaws.com/tracks/000/001/004/100x100/together-1631005233-ycuBK1ei7m.jpg
Omen,"Time To Talk, Asena, Cartoon, Jéja",Drum & Bass,"Drum & Bass, energetic, Epic, Euphoric, Happy",3 Sep 2021,"Regular, Instrumental",https://ncsmusic.s3.eu-west-1.amazonaws.com/tracks/000/001/003/omen-1630659637-G8apyocGHd.mp3,https://ncsmusic.s3.eu-west-1.amazonaws.com/tracks/000/001/003/100x100/1705340402_aJxS70Tl3G_2024---CARTOON-JEYJA-Time-To-Talk---Omen-ft.-Asena.jpg
Zero Gravity,"Jauque X, Tom Wilson",Trap,"Trap, Happy, Hopeful, Euphoric, Epic, energetic, Quirky",2 Sep 2021,"Regular, Instrumental",https://ncsmusic.s3.eu-west-1.amazonaws.com/tracks/000/001/002/zero-gravity-1630580436-wPRwWRirle.mp3,https://ncsmusic.s3.eu-west-1.amazonaws.com/tracks/000/001/002/100x100/zero-gravity-1630580432-0wxac0RIr3.jpg
This Time,"Molly Ann, Tim Beeren, IZECOLD, Diviners, Caravn",Electronic,"Electronic, Happy, Hopeful, Euphoric, Epic",31 Aug 2021,"Regular, Instrumental",https://ncsmusic.s3.eu-west-1.amazonaws.com/tracks/000/001/001/this-time-1630411235-XdyHofeGwA.mp3,https://ncsmusic.s3.eu-west-1.amazonaws.com/tracks/000/001/001/100x100/this-time-1630411232-M7AjvtkHbk.jpg
High,"Aleesia, JPB",Trap,"Trap, Laid Back, Dreamy, Euphoric, Hopeful",27 Aug 2021,Regular,https://ncsmusic.s3.eu-west-1.amazonaws.com/tracks/000/001/000/high-1630069243-NMioALN06H.mp3,https://ncsmusic.s3.eu-west-1.amazonaws.com/tracks/000/001/000/100x100/1631546326_KnOkxxUdUS_Final-5.jpg
You & I,"Alexis Donn, Culture Code",Melodic Dubstep,"Melodic Dubstep, Laid Back, Dreamy, Euphoric, Hopeful",26 Aug 2021,"Regular, Instrumental",https://ncsmusic.s3.eu-west-1.amazonaws.com/tracks/000/000/999/you-i-1629975635-KXXAfDHSDK.mp3,https://ncsmusic.s3.eu-west-1.amazonaws.com/tracks/000/000/999/100x100/you-i-1629975632-4tQHYQ06po.jpg
Station 2,THYKIER,Future House,"Future House, Euphoric, Happy, Epic, Hopeful",24 Aug 2021,Regular,https://ncsmusic.s3.eu-west-1.amazonaws.com/tracks/000/000/998/station-2-1629813637-YpXiatt7E8.mp3,https://ncsmusic.s3.eu-west-1.amazonaws.com/tracks/000/000/998/100x100/station-2-1629813633-z6jWgmErnd.jpg
Phoenix,"Halvorsen, Netrum",Indie,"Indie Dance, Euphoric, Happy, Epic, Hopeful",20 Aug 2021,"Regular, Instrumental",https://ncsmusic.s3.eu-west-1.amazonaws.com/tracks/000/000/997/phoenix-1629450035-ZSHfvWoObF.mp3,https://ncsmusic.s3.eu-west-1.amazonaws.com/tracks/000/000/997/100x100/phoenix-1629450032-e3Y8K6Fqvn.jpg
A Song About You,Razihel,EDM,"EDM, Euphoric, Happy, Epic, Hopeful",19 Aug 2021,Regular,https://ncsmusic.s3.eu-west-1.amazonaws.com/tracks/000/000/996/a-song-about-you-1629367233-XWkIz7hZXw.mp3,https://ncsmusic.s3.eu-west-1.amazonaws.com/tracks/000/000/996/100x100/a-song-about-you-1629367231-vY5Nbh61ma.jpg
Destiny,"Tobu, DEAF KEV, Anna Yvette, Electro-Light, Jim Yosef",House,"House, Epic, Euphoric, Happy, Hopeful",17 Aug 2021,"Regular, Instrumental",https://ncsmusic.s3.eu-west-1.amazonaws.com/tracks/000/000/995/destiny-1629208835-btbIDZHj2V.mp3,https://ncsmusic.s3.eu-west-1.amazonaws.com/tracks/000/000/995/100x100/destiny-1629208832-IntNECNg4T.jpg
Crazy,"Frizzy The Streetz, Simbai",Chill,"Chill, Laid Back, Dreamy, Epic, Mysterious, Quirky",13 Aug 2021,Regular,https://ncsmusic.s3.eu-west-1.amazonaws.com/tracks/000/000/989/crazy-1628499636-F933qiPFG2.mp3,https://ncsmusic.s3.eu-west-1.amazonaws.com/tracks/000/000/989/100x100/crazy-1628499632-VOIryHX8Vp.jpg
Heart,"Like Lions, Severin, Alex Skrindo",Melodic Dubstep,"Melodic Dubstep, Euphoric, Happy, Epic, Hopeful",12 Aug 2021,"Regular, Instrumental",https://ncsmusic.s3.eu-west-1.amazonaws.com/tracks/000/000/994/heart-1628758834-0rJTFuES57.mp3,https://ncsmusic.s3.eu-west-1.amazonaws.com/tracks/000/000/994/100x100/heart-1628758830-N9f3tgEZQq.jpg
Take Me Away,NATSUMI,"EDM, Electronic","EDM, Electronic, Angry, Dark, Gloomy, Epic",10 Aug 2021,Regular,https://ncsmusic.s3.eu-west-1.amazonaws.com/tracks/000/000/991/1628749770_qNuw3bvkB3_NATSUMI---Take-Me-Away-NCS-Release.mp3,https://ncsmusic.s3.eu-west-1.amazonaws.com/tracks/000/000/991/100x100/1628749769_iIa50RlcyD_Final-1.jpg
On,Alisky,,"relaxed, Dreamy, Laid Back, Peaceful",6 Aug 2021,"Regular, Instrumental",https://ncsmusic.s3.eu-west-1.amazonaws.com/tracks/000/000/988/on-1628236834-VhfCgH80f1.mp3,https://ncsmusic.s3.eu-west-1.amazonaws.com/tracks/000/000/988/100x100/on-1628236830-thIoL6gSQZ.jpg
Done,"Halvorsen, Clarx",House,"House, Happy, Hopeful, Euphoric, Epic",5 Aug 2021,"Regular, Instrumental",https://ncsmusic.s3.eu-west-1.amazonaws.com/tracks/000/000/987/done-1628164834-3ITLd7Ittj.mp3,https://ncsmusic.s3.eu-west-1.amazonaws.com/tracks/000/000/987/100x100/done-1628164832-GKubJ2Y0tb.jpg
Talk To Me,Siberian Express,EDM,"EDM, Restless, Dark, Gloomy, Suspense",3 Aug 2021,"Regular, Instrumental",https://ncsmusic.s3.eu-west-1.amazonaws.com/tracks/000/000/986/talk-to-me-1627992035-Nr4yE0kuHD.mp3,https://ncsmusic.s3.eu-west-1.amazonaws.com/tracks/000/000/986/100x100/talk-to-me-1627992032-IUQsxhmJRq.jpg
Run & Hide,"Shiah Maisel, Zeus X Crona",,"Quirky, relaxed, Peaceful, Restless",30 Jul 2021,Regular,https://ncsmusic.s3.eu-west-1.amazonaws.com/tracks/000/000/985/run-hide-1627650036-OcV78sQM47.mp3,https://ncsmusic.s3.eu-west-1.amazonaws.com/tracks/000/000/985/100x100/run-hide-1627650033-y0torEshi4.jpg
Royalty (Wiguez & Alltair Remix),"Alltair, Wiguez, Maestro Chives, Egzod",Drum & Bass,"Drum & Bass, Restless, Dark, energetic, Epic",29 Jul 2021,Regular,https://ncsmusic.s3.eu-west-1.amazonaws.com/tracks/000/000/984/royalty-wiguez-alltair-remix-1627556433-BEeu4EgI0T.mp3,https://ncsmusic.s3.eu-west-1.amazonaws.com/tracks/000/000/984/100x100/royalty-wiguez-alltair-remix-1627556430-m5ZJttGjDI.jpg
Here For Me (feat. m els),"m els, Siimi",Drum & Bass,"Drum & Bass, Euphoric, energetic, Happy, Suspense, Restless",27 Jul 2021,Regular,https://ncsmusic.s3.eu-west-1.amazonaws.com/tracks/000/000/982/here-for-me-feat-m-els-1627390835-NdooeyvnRM.mp3,https://ncsmusic.s3.eu-west-1.amazonaws.com/tracks/000/000/982/100x100/here-for-me-feat-m-els-1627390831-oHiIU84Q8G.jpg
Long Night pt. II (feat. M.I.M.E & Drama B),"JPB, M.I.M.E",Trap,"Trap, Heavy, Mysterious, Weird, Elegant",23 Jul 2021,"Regular, Instrumental",https://ncsmusic.s3.eu-west-1.amazonaws.com/tracks/000/001/676/1715165841_EYdoO3gFre_JPB---Long-Night-pt.-II-feat.-M.I.M.E--Drama-B-NCS-Release.mp3,https://ncsmusic.s3.eu-west-1.amazonaws.com/tracks/000/001/676/100x100/1715165841_OWETmZ3ZJu_Long-Night-II.jpg
Lose Control,Magnus,Bass House,"Bass House, Suspense, Heavy, Elegant",22 Jul 2021,"Regular, Instrumental",https://ncsmusic.s3.eu-west-1.amazonaws.com/tracks/000/001/675/1715165678_taVfLw9cay_MAGNUS---Lose-Control-NCS-Release.mp3,https://ncsmusic.s3.eu-west-1.amazonaws.com/tracks/000/001/675/100x100/1715165678_B6e0g4ypzf_HOUSE-PARTY---COVER-ARTWORK.png
Pretty woman,"The Saint, Magnus",House,"House, Restless, Epic, Euphoric, Happy",22 Jul 2021,Regular,https://ncsmusic.s3.eu-west-1.amazonaws.com/tracks/000/000/980/pretty-woman-1626966034-yKhYHWUCBK.mp3,https://ncsmusic.s3.eu-west-1.amazonaws.com/tracks/000/000/980/100x100/pretty-woman-1626966031-PyeMCnwIUh.png
Like This,Magnus,House,"House, Restless, Epic, Euphoric, Happy",22 Jul 2021,"Regular, Instrumental",https://ncsmusic.s3.eu-west-1.amazonaws.com/tracks/000/000/981/like-this-1626966041-hUr3Wzol0y.mp3,https://ncsmusic.s3.eu-west-1.amazonaws.com/tracks/000/000/981/100x100/like-this-1626966038-XqdJpWdlhk.png
How To Love,"Highlnd, Rachel Lorin",Electronic,"Electronic, Epic, Dark, Restless",20 Jul 2021,Regular,https://ncsmusic.s3.eu-west-1.amazonaws.com/tracks/000/000/979/how-to-love-1626782433-0wh3281IzZ.mp3,https://ncsmusic.s3.eu-west-1.amazonaws.com/tracks/000/000/979/100x100/how-to-love-1626782429-axYFgOliEn.jpg
Throne (Lost Identities Remix),"Lost Identites, Rival",Drum & Bass,"Drum & Bass, Dark, Epic, Gloomy",16 Jul 2021,"Regular, Instrumental",https://ncsmusic.s3.eu-west-1.amazonaws.com/tracks/000/000/978/throne-lost-identities-remix-1626440435-Ptftvq3VPE.mp3,https://ncsmusic.s3.eu-west-1.amazonaws.com/tracks/000/000/978/100x100/throne-lost-identities-remix-1626440432-uuKxda3Brb.jpg
Bring Me The Light,"Mara Necia, T & Sugah",Drum & Bass,"Drum & Bass, Happy, Euphoric, Dreamy, Epic",15 Jul 2021,"Regular, Instrumental",https://ncsmusic.s3.eu-west-1.amazonaws.com/tracks/000/000/977/bring-me-the-light-1626343234-EKGZQcW4U2.mp3,https://ncsmusic.s3.eu-west-1.amazonaws.com/tracks/000/000/977/100x100/bring-me-the-light-1626343231-bEnFjASbN5.jpg
Shimmer,THYKIER,Future House,"Future House, Dark, Angry, Epic, Gloomy, Restless, energetic",13 Jul 2021,Regular,https://ncsmusic.s3.eu-west-1.amazonaws.com/tracks/000/000/974/shimmer-1626181237-NnYkyEklWB.mp3,https://ncsmusic.s3.eu-west-1.amazonaws.com/tracks/000/000/974/100x100/shimmer-1626181232-4QxEuu8j0P.jpg
Outside,THYKIER,Future House,"Future House, Dark, Angry, Epic, Gloomy, Restless, energetic",13 Jul 2021,Regular,https://ncsmusic.s3.eu-west-1.amazonaws.com/tracks/000/000/975/outside-1626181245-QDuKsSvAG8.mp3,https://ncsmusic.s3.eu-west-1.amazonaws.com/tracks/000/000/975/100x100/outside-1626181241-rXdQAGtIlX.jpg
Inferior,THYKIER,House,"House, Dark, Angry, Epic, Gloomy, Restless, energetic",13 Jul 2021,Regular,https://ncsmusic.s3.eu-west-1.amazonaws.com/tracks/000/000/976/inferior-1626181253-SUwOHnXSPe.mp3,https://ncsmusic.s3.eu-west-1.amazonaws.com/tracks/000/000/976/100x100/inferior-1626181249-BNDJF8R5xT.jpg
Like This,Magnus,Future House,"Future House, Dark, Angry, Epic, Gloomy, Restless",9 Jul 2021,Regular,https://ncsmusic.s3.eu-west-1.amazonaws.com/tracks/000/000/973/like-this-1625828434-f8juDYkBsh.mp3,https://ncsmusic.s3.eu-west-1.amazonaws.com/tracks/000/000/973/100x100/like-this-1625828429-A8ElGmWROT.jpg
Daydream,"Romi, Cream Blade",Drum & Bass,"Drum & Bass, Epic, Euphoric, energetic, Happy",8 Jul 2021,"Regular, Instrumental",https://ncsmusic.s3.eu-west-1.amazonaws.com/tracks/000/000/972/daydream-1625749236-Tum3XCVtRr.mp3,https://ncsmusic.s3.eu-west-1.amazonaws.com/tracks/000/000/972/100x100/daydream-1625749232-JZfwnSfGyq.jpg
Half Alive,"imallryt, Hayve",Drumstep,"Drumstep, Dark, Angry, Epic, Gloomy, Restless",6 Jul 2021,"Regular, Instrumental",https://ncsmusic.s3.eu-west-1.amazonaws.com/tracks/000/000/983/half-alive-1627488038-HRfbs8yhMD.mp3,https://ncsmusic.s3.eu-west-1.amazonaws.com/tracks/000/000/983/100x100/half-alive-1627488031-pt0GpWZYlO.jpg
Bittersweet,"Roses, Time To Talk",Electronic,"Electronic, Laid Back, Peaceful, Euphoric, Happy, Quirky",2 Jul 2021,"Regular, Instrumental",https://ncsmusic.s3.eu-west-1.amazonaws.com/tracks/000/000/970/bittersweet-1625248833-ZV2HBq4Lr3.mp3,https://ncsmusic.s3.eu-west-1.amazonaws.com/tracks/000/000/970/100x100/bittersweet-1625248829-zsyR8EGzX9.png
For Good,"Clarx, Guy Arthur",Future House,"Future House, Restless, Epic, Euphoric, Happy",1 Jul 2021,Regular,https://ncsmusic.s3.eu-west-1.amazonaws.com/tracks/000/000/971/for-good-1625248844-ZCNGyA4vEW.mp3,https://ncsmusic.s3.eu-west-1.amazonaws.com/tracks/000/000/971/100x100/for-good-1625248840-qTvWUqB94W.jpg
Chasing Stars,STAR SEED,Electronic,"Electronic, Euphoric, Happy, Epic, Hopeful",29 Jun 2021,Regular,https://ncsmusic.s3.eu-west-1.amazonaws.com/tracks/000/000/969/chasing-stars-1624964433-hg66qg0Tlv.mp3,https://ncsmusic.s3.eu-west-1.amazonaws.com/tracks/000/000/969/100x100/chasing-stars-1624964430-9z451Hiqm3.jpg
Talk Is Cheap,"VinDon, Magnus",House,"House, Euphoric, Happy, Epic, Hopeful",25 Jun 2021,"Regular, Instrumental",https://ncsmusic.s3.eu-west-1.amazonaws.com/tracks/000/000/967/talk-is-cheap-1624636835-Z5Mlt4YdD9.mp3,https://ncsmusic.s3.eu-west-1.amazonaws.com/tracks/000/000/967/100x100/talk-is-cheap-1624636831-KD0i3ASa2O.jpg
Feelings,"Azertion, Diviners",House,"House, Euphoric, Happy, Epic, Hopeful",25 Jun 2021,Regular,https://ncsmusic.s3.eu-west-1.amazonaws.com/tracks/000/000/968/feelings-1624636846-EhVGAuxtSW.mp3,https://ncsmusic.s3.eu-west-1.amazonaws.com/tracks/000/000/968/100x100/feelings-1624636843-jwJFZuXA5i.jpg
Mr. Bully,CHENDA,Melodic Dubstep,"Melodic Dubstep, Epic, sad, Gloomy, Restless",24 Jun 2021,"Regular, Instrumental",https://ncsmusic.s3.eu-west-1.amazonaws.com/tracks/000/000/965/mr-bully-1624525239-TwxU4630qj.mp3,https://ncsmusic.s3.eu-west-1.amazonaws.com/tracks/000/000/965/100x100/mr-bully-1624525234-oKwDk6LSMA.jpg
Band-Aid,Halvorsen,Electronic,"Electronic, energetic, Epic, Weird",22 Jun 2021,"Regular, Instrumental",https://ncsmusic.s3.eu-west-1.amazonaws.com/tracks/000/000/966/1624533627_7Io83Xo1Eh_Halvorsen---Band-Aid-NCS-Release.mp3,https://ncsmusic.s3.eu-west-1.amazonaws.com/tracks/000/000/966/100x100/1624533625_pJOE7fq9B7_Artwork.png
Biology,"Gameboy Tetris, nublu, Cartoon, Jéja",Drum & Bass,"Drum & Bass, Happy, Hopeful, Euphoric, energetic",18 Jun 2021,Regular,https://ncsmusic.s3.eu-west-1.amazonaws.com/tracks/000/000/964/biology-1624035636-7bAv4E2brA.mp3,https://ncsmusic.s3.eu-west-1.amazonaws.com/tracks/000/000/964/100x100/1705340428_5PAcOUp4TF_2024---CARTOON-JEYJA-nublu-Gameboy-Tetris---Biology.jpg
Power !,"Godmode, LBLVNC",Trap,"Trap, Epic, sad, Gloomy, Restless",17 Jun 2021,Regular,https://ncsmusic.s3.eu-west-1.amazonaws.com/tracks/000/000/963/power-1623945636-cmtHdqhL1v.mp3,https://ncsmusic.s3.eu-west-1.amazonaws.com/tracks/000/000/963/100x100/power-1623945632-f2IYxNfTMb.jpg
Sanity,"Whats Gud, Magnus",House,"House, Restless, Epic, Euphoric, Happy",15 Jun 2021,"Regular, Instrumental",https://ncsmusic.s3.eu-west-1.amazonaws.com/tracks/000/000/962/sanity-1623769237-KjJMmVoEli.mp3,https://ncsmusic.s3.eu-west-1.amazonaws.com/tracks/000/000/962/100x100/sanity-1623769234-GVRbCfFddp.jpg
Horizon,"GLNNA, Blosso, Slippy",Electronic,"Electronic, Euphoric, Happy, Epic, Hopeful",11 Jun 2021,"Regular, Instrumental",https://ncsmusic.s3.eu-west-1.amazonaws.com/tracks/000/000/961/horizon-1623423635-1ggDBXu1pj.mp3,https://ncsmusic.s3.eu-west-1.amazonaws.com/tracks/000/000/961/100x100/horizon-1623423631-OFXaSSOVfa.jpg
Grow,"VØR, Alisky",Electronic,"Electronic, Euphoric, Dark, Restless, Gloomy, Fear",10 Jun 2021,"Regular, Instrumental",https://ncsmusic.s3.eu-west-1.amazonaws.com/tracks/000/000/960/grow-1623340834-HSmBClszHl.mp3,https://ncsmusic.s3.eu-west-1.amazonaws.com/tracks/000/000/960/100x100/grow-1623340831-wgpasrzj7u.jpg
Hardwired,Rameses B,Drum & Bass,"Drum & Bass, energetic, Epic, Restless, Happy, Euphoric",8 Jun 2021,Regular,https://ncsmusic.s3.eu-west-1.amazonaws.com/tracks/000/000/958/hardwired-1623153636-SAnRqY97C4.mp3,https://ncsmusic.s3.eu-west-1.amazonaws.com/tracks/000/000/958/100x100/hardwired-1623153631-BwJ0DmW435.png
Freefalling,Facading,Electronic,"Electronic, energetic, Happy, Epic, Quirky",4 Jun 2021,Regular,https://ncsmusic.s3.eu-west-1.amazonaws.com/tracks/000/000/959/freefalling-1623322833-xK24YExUmy.mp3,https://ncsmusic.s3.eu-west-1.amazonaws.com/tracks/000/000/959/100x100/freefalling-1623322830-hoUJMHtt6U.jpg
Luna,"DNAKM, GalaxyTones, Abandoned",Electronic,"Electronic, relaxed, Dreamy, Laid Back",3 Jun 2021,Regular,https://ncsmusic.s3.eu-west-1.amazonaws.com/tracks/000/000/956/luna-1622725235-DVd60web3Y.mp3,https://ncsmusic.s3.eu-west-1.amazonaws.com/tracks/000/000/956/100x100/luna-1622725232-Xv27jVhE5w.jpg
Rewind,More Plastic,Drum & Bass,"Drum & Bass, energetic, Happy, Epic, Quirky",1 Jun 2021,Regular,https://ncsmusic.s3.eu-west-1.amazonaws.com/tracks/000/000/955/rewind-1622570435-qxaemvVFRf.mp3,https://ncsmusic.s3.eu-west-1.amazonaws.com/tracks/000/000/955/100x100/rewind-1622570432-cLyJ63pp3w.jpg
Healing,"Moe Aly, Clarx",Electronic,"Electronic, energetic, Epic, Restless, Happy, Euphoric",28 May 2021,Regular,https://ncsmusic.s3.eu-west-1.amazonaws.com/tracks/000/000/954/healing-1622206835-mUaTHvniGN.mp3,https://ncsmusic.s3.eu-west-1.amazonaws.com/tracks/000/000/954/100x100/healing-1622206832-2QFgqYRmfi.jpg
Ten More Minutes,"Shiah Maisel, CHENDA",House,"House, Epic, sad, Gloomy, Restless",27 May 2021,"Regular, Instrumental",https://ncsmusic.s3.eu-west-1.amazonaws.com/tracks/000/000/953/ten-more-minutes-1622116835-BjiBRTQJWr.mp3,https://ncsmusic.s3.eu-west-1.amazonaws.com/tracks/000/000/953/100x100/ten-more-minutes-1622116832-rfwiim0zzc.jpg
Need You,if found,Trap,"Trap, Epic, Happy, Euphoric, Dreamy",25 May 2021,"Regular, Instrumental",https://ncsmusic.s3.eu-west-1.amazonaws.com/tracks/000/000/952/need-you-1621951234-DdIeIyFtQ3.mp3,https://ncsmusic.s3.eu-west-1.amazonaws.com/tracks/000/000/952/100x100/need-you-1621951230-d2WKA4iTM3.jpg
Wait For Me,"Micah Martin, Doctor Neiman",Electronic,"Electronic, Angry, Epic, energetic, Suspense, scary",21 May 2021,"Regular, Instrumental",https://ncsmusic.s3.eu-west-1.amazonaws.com/tracks/000/000/951/wait-for-me-1621612835-LSVlmFX5IJ.mp3,https://ncsmusic.s3.eu-west-1.amazonaws.com/tracks/000/000/951/100x100/1622564291_4xlexrHwfP_Doctor-Neiman---Wait-For-Me-Artwork-2021.jpg
Game Over,"EMM, Egzod",Trap,"Trap, Epic, Quirky, Gloomy, Mysterious",20 May 2021,"Regular, Instrumental",https://ncsmusic.s3.eu-west-1.amazonaws.com/tracks/000/000/950/game-over-1621515634-QoO4gwi3Oq.mp3,https://ncsmusic.s3.eu-west-1.amazonaws.com/tracks/000/000/950/100x100/game-over-1621515630-RkJKCl3hXb.png
Found You,"RYVM, Avaya, Time To Talk",House,"House, Happy, Hopeful, Euphoric, Peaceful",18 May 2021,"Regular, Instrumental",https://ncsmusic.s3.eu-west-1.amazonaws.com/tracks/000/000/949/found-you-1621346435-SPf25x7uLM.mp3,https://ncsmusic.s3.eu-west-1.amazonaws.com/tracks/000/000/949/100x100/found-you-1621346432-RnS6G01xoa.jpg
Can't Deny,if found,Trap,"Trap, Epic, Quirky, Gloomy, Mysterious",14 May 2021,Regular,https://ncsmusic.s3.eu-west-1.amazonaws.com/tracks/000/000/947/cant-deny-1621000836-w3mhyO7Sdv.mp3,https://ncsmusic.s3.eu-west-1.amazonaws.com/tracks/000/000/947/100x100/cant-deny-1621000833-rbms4djY4j.jpg
Don't Be A Stranger,"Jason Diaz, Cartoon, Jéja",Drum & Bass,"Drum & Bass, Euphoric, Happy, Epic, Hopeful",14 May 2021,"Regular, Instrumental",https://ncsmusic.s3.eu-west-1.amazonaws.com/tracks/000/000/948/dont-be-a-stranger-1621000845-O1vkx7U8YV.mp3,https://ncsmusic.s3.eu-west-1.amazonaws.com/tracks/000/000/948/100x100/1705340450_4Gw4ayhS76_2024---CARTOON-JEYJA---Dont-Be-A-Stranger-ft.-Jason-Diaz.jpg
Left Me Blind,"Halvorsen, VØNH, Raptures.",Trap,"Trap, Epic, Quirky, Gloomy, Mysterious",13 May 2021,Regular,https://ncsmusic.s3.eu-west-1.amazonaws.com/tracks/000/000/946/left-me-blind-1620910835-DNvRs3x886.mp3,https://ncsmusic.s3.eu-west-1.amazonaws.com/tracks/000/000/946/100x100/left-me-blind-1620910831-YLUHMkn2tK.png
Don't Hold Me Down,"Woolley, Heuse",Electronic,"Electronic, Epic, Laid Back, Happy, Hopeful",11 May 2021,"Regular, Instrumental",https://ncsmusic.s3.eu-west-1.amazonaws.com/tracks/000/000/945/dont-hold-me-down-1620738034-EpE36FQozr.mp3,https://ncsmusic.s3.eu-west-1.amazonaws.com/tracks/000/000/945/100x100/dont-hold-me-down-1620738031-fwIfpIme3I.jpg
Fly Again,Kisma,Drum & Bass,"Drum & Bass, Epic, Happy, Euphoric, Dreamy",7 May 2021,"Regular, Instrumental",https://ncsmusic.s3.eu-west-1.amazonaws.com/tracks/000/000/944/fly-again-1620388832-OjBrpMYFHY.mp3,https://ncsmusic.s3.eu-west-1.amazonaws.com/tracks/000/000/944/100x100/1620644986_sLJg9IwE6U_Artwork.jpg
Feel Alive,"Hayve, More Plastic",Drum & Bass,"Drum & Bass, Epic, Dark, energetic, Suspense, Restless",6 May 2021,Regular,https://ncsmusic.s3.eu-west-1.amazonaws.com/tracks/000/000/943/feel-alive-1620306034-lSaIyr2ix9.mp3,https://ncsmusic.s3.eu-west-1.amazonaws.com/tracks/000/000/943/100x100/feel-alive-1620306032-ji1HaUk5nJ.jpg
Time Travel,"Le Duke, MIDNIGHT CVLT",Future House,"Future House, Euphoric, energetic, Restless, Quirky",4 May 2021,Regular,https://ncsmusic.s3.eu-west-1.amazonaws.com/tracks/000/000/942/time-travel-1620133231-tNgYmUHADb.mp3,https://ncsmusic.s3.eu-west-1.amazonaws.com/tracks/000/000/942/100x100/time-travel-1620133229-xzvidKMR8A.jpg
Ruined My Life,"Shiah Maisel, EBEN, Coopex",Electronic,"Electronic, Dark, Gloomy, Epic, sad",30 Apr 2021,Regular,https://ncsmusic.s3.eu-west-1.amazonaws.com/tracks/000/000/940/ruined-my-life-1619776834-hnQqpHHAWL.mp3,https://ncsmusic.s3.eu-west-1.amazonaws.com/tracks/000/000/940/100x100/ruined-my-life-1619776831-G4DR0ebtYF.jpg
Met You,if found,Trap,"Trap, Epic, Happy, Euphoric, Dreamy",30 Apr 2021,Regular,https://ncsmusic.s3.eu-west-1.amazonaws.com/tracks/000/000/941/met-you-1619776842-DXb9k22dkc.mp3,https://ncsmusic.s3.eu-west-1.amazonaws.com/tracks/000/000/941/100x100/met-you-1619776838-rzOjav0cQG.jpg
Memory,"RUD, Elektronomia",House,"House, Happy, Hopeful, Euphoric, energetic",29 Apr 2021,Regular,https://ncsmusic.s3.eu-west-1.amazonaws.com/tracks/000/000/939/memory-1619686835-1chldotSss.mp3,https://ncsmusic.s3.eu-west-1.amazonaws.com/tracks/000/000/939/100x100/memory-1619686832-Y2Ge0fr9lo.jpg
Stay Or Be Alone,"QUB3, B0UNC3, Quickdrop",Hardstyle,"Hardstyle, Epic, Restless, Euphoric, Happy, energetic",27 Apr 2021,"Regular, Instrumental",https://ncsmusic.s3.eu-west-1.amazonaws.com/tracks/000/000/938/stay-or-be-alone-1619528432-tioJY8F4fU.mp3,https://ncsmusic.s3.eu-west-1.amazonaws.com/tracks/000/000/938/100x100/stay-or-be-alone-1619528429-k9iZx10k6R.jpg
Shudder,"EMM, Jim Yosef",Trap,"Trap, Dark, Epic, Quirky, Gloomy",23 Apr 2021,Regular,https://ncsmusic.s3.eu-west-1.amazonaws.com/tracks/000/000/937/shudder-1619172032-LyqUPFaNXD.mp3,https://ncsmusic.s3.eu-west-1.amazonaws.com/tracks/000/000/937/100x100/1620133021_btfpd1DvCS_Artwork.jpg
Royalty,"Maestro Chives, Egzod, Neoni",Trap,"Trap, Epic, Happy, Euphoric, Hopeful, Quirky",22 Apr 2021,"Regular, Instrumental",https://ncsmusic.s3.eu-west-1.amazonaws.com/tracks/000/000/936/royalty-1619082033-7RC2AlRdd1.mp3,https://ncsmusic.s3.eu-west-1.amazonaws.com/tracks/000/000/936/100x100/royalty-1619082030-xBgqGZWLw9.jpg
Fall To My Grave,"Silent Child, ruindkid, SVRRIC",Indie,"Indie Dance, Epic, energetic, Suspense, Dreamy",20 Apr 2021,Regular,https://ncsmusic.s3.eu-west-1.amazonaws.com/tracks/000/000/935/fall-to-my-grave-1618923636-WCpFpRuYHn.mp3,https://ncsmusic.s3.eu-west-1.amazonaws.com/tracks/000/000/935/100x100/fall-to-my-grave-1618923633-xbQww25tm5.jpg
Who doesn't wanna fall in love,"Veronica Bravo, Zeus X Crona",Electronic,"Electronic, Epic, Glamorous, Dreamy, relaxed",16 Apr 2021,Regular,https://ncsmusic.s3.eu-west-1.amazonaws.com/tracks/000/000/934/who-doesnt-wanna-fall-in-love-1618581633-7CJsQIg5mD.mp3,https://ncsmusic.s3.eu-west-1.amazonaws.com/tracks/000/000/934/100x100/who-doesnt-wanna-fall-in-love-1618581630-NqMVzwdcbo.jpg
Badniss,"VinDon, Jonth",Future House,"Future House, energetic, Euphoric, Happy, Hopeful",15 Apr 2021,"Regular, Instrumental",https://ncsmusic.s3.eu-west-1.amazonaws.com/tracks/000/000/933/badniss-1618491636-ZXAKvq3LYz.mp3,https://ncsmusic.s3.eu-west-1.amazonaws.com/tracks/000/000/933/100x100/badniss-1618491632-ESTWL56MKy.jpg
Love Me Better,"Vizzen, Wiguez",Drum & Bass,"Drum & Bass, energetic, Happy, romantic, Sexy, Euphoric, Epic",13 Apr 2021,Regular,https://ncsmusic.s3.eu-west-1.amazonaws.com/tracks/000/000/932/love-me-better-1618318833-wycPzeuCHV.mp3,https://ncsmusic.s3.eu-west-1.amazonaws.com/tracks/000/000/932/100x100/love-me-better-1618318830-IjpEZFmHvk.jpg
DISTODD,Todd Helder,Trap,"Trap, Epic, Happy, Euphoric, Hopeful, Quirky",9 Apr 2021,Regular,https://ncsmusic.s3.eu-west-1.amazonaws.com/tracks/000/000/931/1618477895_TEZZaF5piz_DISTO--Todd-Helder---DISTODD-NCS-Release.mp3,https://ncsmusic.s3.eu-west-1.amazonaws.com/tracks/000/000/931/100x100/distodd-1617984032-ceWtCCWoZS.jpg
Father,Diamond Eyes,Electronic,"Electronic, Epic, sad, Dreamy, Gloomy, Glamorous",8 Apr 2021,"Regular, Instrumental",https://ncsmusic.s3.eu-west-1.amazonaws.com/tracks/000/000/930/father-1617890434-x0Rv7yrVUM.mp3,https://ncsmusic.s3.eu-west-1.amazonaws.com/tracks/000/000/930/100x100/father-1617890431-eRH6q76Cag.jpg
Beyond The Skies,MIDNIGHT CVLT,House,"House, Epic, energetic, Angry, Gloomy",6 Apr 2021,Regular,https://ncsmusic.s3.eu-west-1.amazonaws.com/tracks/000/000/929/beyond-the-skies-1617714032-OwiMYxPuy1.mp3,https://ncsmusic.s3.eu-west-1.amazonaws.com/tracks/000/000/929/100x100/beyond-the-skies-1617714029-tQrPQ5twjZ.jpg
Throne,"Neoni, Rival",Electronic,"Electronic, Epic, Dark, Gloomy, Glamorous, Fear, Suspense",2 Apr 2021,"Regular, Instrumental",https://ncsmusic.s3.eu-west-1.amazonaws.com/tracks/000/000/928/throne-1617350432-0YRXstIEP2.mp3,https://ncsmusic.s3.eu-west-1.amazonaws.com/tracks/000/000/928/100x100/throne-1617350428-1MoBnMcDdg.jpg
Voyage,"Abandoned, Mendum",Melodic Dubstep,"Melodic Dubstep, relaxed, Laid Back, Happy, Peaceful, Dreamy, Euphoric",1 Apr 2021,Regular,https://ncsmusic.s3.eu-west-1.amazonaws.com/tracks/000/000/927/voyage-1617278433-V5MHdBPLjz.mp3,https://ncsmusic.s3.eu-west-1.amazonaws.com/tracks/000/000/927/100x100/voyage-1617278430-c9JPJU0qWE.jpg
Cali4nia,Kozah,Electronic,"Electronic, relaxed, Laid Back, Happy, Peaceful",30 Mar 2021,Regular,https://ncsmusic.s3.eu-west-1.amazonaws.com/tracks/000/000/926/cali4nia-1617109233-sfM18q6vOG.mp3,https://ncsmusic.s3.eu-west-1.amazonaws.com/tracks/000/000/926/100x100/cali4nia-1617109230-9E0LxqEXww.jpg
Burn It Down,"Jessica Chertock, Robin Hustin",Future House,"Future House, energetic, Euphoric, Happy, Hopeful",26 Mar 2021,"Regular, Instrumental",https://ncsmusic.s3.eu-west-1.amazonaws.com/tracks/000/000/925/burn-it-down-1616763634-Wvfxm3FhHF.mp3,https://ncsmusic.s3.eu-west-1.amazonaws.com/tracks/000/000/925/100x100/burn-it-down-1616763631-2PYDx3HscU.jpg
Elevate,"Arcando, Fabian Mazur",Trap,"Trap, Epic, energetic, Angry, Gloomy",25 Mar 2021,"Regular, Instrumental",https://ncsmusic.s3.eu-west-1.amazonaws.com/tracks/000/000/924/elevate-1616680833-XPnw6dmLhl.mp3,https://ncsmusic.s3.eu-west-1.amazonaws.com/tracks/000/000/924/100x100/elevate-1616680829-gXVqsL20O4.jpg
Say The Words,"Dave Marriner, Time To Talk",Drum & Bass,"Drum & Bass, Epic, Happy, Euphoric, Hopeful, Quirky",23 Mar 2021,"Regular, Instrumental",https://ncsmusic.s3.eu-west-1.amazonaws.com/tracks/000/000/923/1617025440_0WzUcZA2LP_Time-To-Talk-Ft.Dave-Marriner---Say-The-Words-NCS-Release.mp3,https://ncsmusic.s3.eu-west-1.amazonaws.com/tracks/000/000/923/100x100/1717766683_rEF94BcnQE_Artwork.jpg
Top Floor,JPB,Trap,"Trap, Dreamy, Euphoric, Happy, Hopeful, Laid Back",19 Mar 2021,"Regular, Instrumental",https://ncsmusic.s3.eu-west-1.amazonaws.com/tracks/000/000/922/top-floor-1616158832-VjyKFKdpl9.mp3,https://ncsmusic.s3.eu-west-1.amazonaws.com/tracks/000/000/922/100x100/top-floor-1616158829-1oEvjxIZyY.jpg
Overdosin,"PHI NIX, Hoober",Indie,"Indie Dance, Happy, Hopeful, Euphoric, energetic",18 Mar 2021,"Regular, Instrumental",https://ncsmusic.s3.eu-west-1.amazonaws.com/tracks/000/000/921/overdosin-1616065231-t8lF9IA8BW.mp3,https://ncsmusic.s3.eu-west-1.amazonaws.com/tracks/000/000/921/100x100/overdosin-1616065228-m6oBCEACzH.jpg
Feelings,"Cytrax, Émilie Rachel",Electronic,"Electronic, Epic, Glamorous, Dreamy, relaxed",16 Mar 2021,"Regular, Instrumental",https://ncsmusic.s3.eu-west-1.amazonaws.com/tracks/000/000/920/feelings-1615903236-7yz00GVcxu.mp3,https://ncsmusic.s3.eu-west-1.amazonaws.com/tracks/000/000/920/100x100/feelings-1615903233-bRQGFh10M7.jpg
Runaway,"Meggie York, N3WPORT",Electronic,"Electronic, Epic, Euphoric, Happy, Hopeful",12 Mar 2021,"Regular, Instrumental",https://ncsmusic.s3.eu-west-1.amazonaws.com/tracks/000/000/919/runaway-1615557633-hGH0ngRGwl.mp3,https://ncsmusic.s3.eu-west-1.amazonaws.com/tracks/000/000/919/100x100/runaway-1615557630-GTuqhd1zh4.jpg
Higher,"Vanessa Campagna, Hoober",Chill,"Chill, Dreamy, Euphoric, Happy, Hopeful, Laid Back",11 Mar 2021,Regular,https://ncsmusic.s3.eu-west-1.amazonaws.com/tracks/000/000/918/higher-1615464034-BB3KKEe6oh.mp3,https://ncsmusic.s3.eu-west-1.amazonaws.com/tracks/000/000/918/100x100/higher-1615464030-TYT4oWJbOt.jpg
Freaky,Hush,Trap,"Trap, energetic, Euphoric, Dreamy, Weird, Quirky",9 Mar 2021,Regular,https://ncsmusic.s3.eu-west-1.amazonaws.com/tracks/000/000/917/freaky-1615294832-LxGuqko8u8.mp3,https://ncsmusic.s3.eu-west-1.amazonaws.com/tracks/000/000/917/100x100/freaky-1615294830-fSQEE5SMyn.jpg
Love Is Gone,Whales,Electronic,"Electronic, energetic, Euphoric, Dreamy, Weird, Quirky",5 Mar 2021,Regular,https://ncsmusic.s3.eu-west-1.amazonaws.com/tracks/000/000/916/love-is-gone-1614956433-3Kq6szTnb3.mp3,https://ncsmusic.s3.eu-west-1.amazonaws.com/tracks/000/000/916/100x100/love-is-gone-1614956429-Blj54rbJ7Y.jpg
Out of the Grave,"ENROSA, Abandoned",Dubstep,"Dubstep, Epic, Glamorous, Dreamy, relaxed",4 Mar 2021,Regular,https://ncsmusic.s3.eu-west-1.amazonaws.com/tracks/000/000/915/out-of-the-grave-1614859233-mK6TIFwova.mp3,https://ncsmusic.s3.eu-west-1.amazonaws.com/tracks/000/000/915/100x100/out-of-the-grave-1614859230-pAbsmPH10e.jpg
Paradox,Kozah,Electronic,"Electronic, Quirky, energetic, Gloomy, Restless",2 Mar 2021,Regular,https://ncsmusic.s3.eu-west-1.amazonaws.com/tracks/000/000/914/paradox-1614682834-Y3znP6siM1.mp3,https://ncsmusic.s3.eu-west-1.amazonaws.com/tracks/000/000/914/100x100/paradox-1614682831-OvPNZPBfno.jpg
Young & Wild & Free,Vosai,Trap,"Trap, Gloomy, Dark, energetic, Quirky",26 Feb 2021,Regular,https://ncsmusic.s3.eu-west-1.amazonaws.com/tracks/000/000/912/young-wild-free-1614333632-xGqBA20Zwl.mp3,https://ncsmusic.s3.eu-west-1.amazonaws.com/tracks/000/000/912/100x100/young-wild-free-1614333630-w1BIujxRP1.jpg
You And Me,Facading,Drum & Bass,"Drum & Bass, energetic, Euphoric, Dreamy, Weird, Quirky",25 Feb 2021,Regular,https://ncsmusic.s3.eu-west-1.amazonaws.com/tracks/000/000/913/you-and-me-1614333639-TFbNLFMMGs.mp3,https://ncsmusic.s3.eu-west-1.amazonaws.com/tracks/000/000/913/100x100/you-and-me-1614333636-hCtC3rwpZJ.jpg
Burn 'Em (Explicit),"OTG Stiffy, The FifthGuys, Mandrazo",Trap,"Trap, Dark, energetic, Suspense, Gloomy",23 Feb 2021,Regular,https://ncsmusic.s3.eu-west-1.amazonaws.com/tracks/000/000/911/burn-em-explicit-1614092438-4x7GzFZ0LY.mp3,https://ncsmusic.s3.eu-west-1.amazonaws.com/tracks/000/000/911/100x100/burn-em-explicit-1614092434-xJZUeGWDBu.jpg
Run For Your Life,Tom Wilson,Trap,"Trap, Epic, Quirky, Restless, energetic",19 Feb 2021,"Regular, Instrumental",https://ncsmusic.s3.eu-west-1.amazonaws.com/tracks/000/000/910/run-for-your-life-1613754037-kmRk1tZzDy.mp3,https://ncsmusic.s3.eu-west-1.amazonaws.com/tracks/000/000/910/100x100/run-for-your-life-1613754034-PBCg90kPGQ.jpg
Uncharted,32Stitches,Trap,"Trap, Epic, energetic, Mysterious, Quirky",18 Feb 2021,Regular,https://ncsmusic.s3.eu-west-1.amazonaws.com/tracks/000/000/909/1613675182_Ql9bmO30dy_32Stitches---Uncharted-NCS-Release.mp3,https://ncsmusic.s3.eu-west-1.amazonaws.com/tracks/000/000/909/100x100/1613675182_0IKvAczCXJ_Artwork2.jpg
Golden,Outwild,Indie,"Indie Dance, Euphoric, Epic, Glamorous, Happy",16 Feb 2021,Regular,https://ncsmusic.s3.eu-west-1.amazonaws.com/tracks/000/000/908/1613576935_d56g5qXLRj_Outwild-x-She-Is-Jules---Golden-NCS-Release.mp3,https://ncsmusic.s3.eu-west-1.amazonaws.com/tracks/000/000/908/100x100/1613508688_qytwmeOxDA_Artwork.jpg
Letter,"Shiah Maisel, Electro-Light",House,"House, Epic, Euphoric, Happy, Hopeful",12 Feb 2021,"Regular, Instrumental",https://ncsmusic.s3.eu-west-1.amazonaws.com/tracks/000/000/907/letter-1613149240-U1nOe432HM.mp3,https://ncsmusic.s3.eu-west-1.amazonaws.com/tracks/000/000/907/100x100/letter-1613149237-GcyfNKUrQh.jpg
Red Light,Hayve,Dubstep,"Dubstep, Gloomy, Dark, energetic, Quirky",11 Feb 2021,"Regular, Instrumental",https://ncsmusic.s3.eu-west-1.amazonaws.com/tracks/000/000/906/red-light-1613052036-E3A5hO27f0.mp3,https://ncsmusic.s3.eu-west-1.amazonaws.com/tracks/000/000/906/100x100/red-light-1613052034-bcORtZUSWL.jpg
Love Potion,"Arcana, Zack Merci",Electronic,"Electronic, Happy, Hopeful, energetic, Sexy, Euphoric",9 Feb 2021,Regular,https://ncsmusic.s3.eu-west-1.amazonaws.com/tracks/000/000/905/love-potion-1612882838-hkIEAlX5s6.mp3,https://ncsmusic.s3.eu-west-1.amazonaws.com/tracks/000/000/905/100x100/love-potion-1612882835-4KKvUeMcoQ.jpg
Touchdown,"M.I.M.E, N3WPORT",Trap,"Trap, Epic, energetic, Dark, Gloomy",5 Feb 2021,"Regular, Instrumental",https://ncsmusic.s3.eu-west-1.amazonaws.com/tracks/000/000/904/touchdown-1612530035-cbHYvvHdea.mp3,https://ncsmusic.s3.eu-west-1.amazonaws.com/tracks/000/000/904/100x100/touchdown-1612530032-KEToyqvmDT.jpg
Don't Surrender,"Abandoned, EMM, Egzod",Trap,"Trap, Epic, Happy, Euphoric, Hopeful, Quirky",4 Feb 2021,Regular,https://ncsmusic.s3.eu-west-1.amazonaws.com/tracks/000/000/901/1612865138_tksCdbpEFx_Egzod-EMM---Dont-Surrender-Abandoned-Remix-NCS-Release.mp3,https://ncsmusic.s3.eu-west-1.amazonaws.com/tracks/000/000/901/100x100/dont-surrender-1612454433-tf6wf87sP7.jpg
Mutiny,"Wasiu, Egzod, CHENDA",Drum & Bass,"Drum & Bass, Quirky, energetic, Euphoric, relaxed",4 Feb 2021,"Regular, Instrumental",https://ncsmusic.s3.eu-west-1.amazonaws.com/tracks/000/000/902/mutiny-1612454444-t6ZPg7YTID.mp3,https://ncsmusic.s3.eu-west-1.amazonaws.com/tracks/000/000/902/100x100/mutiny-1612454440-Al4Vzknxhj.jpg
The Revolution,"Arc North, Neoni, Egzod",Trap,"Trap, energetic, Dreamy, Hopeful, sad, Happy",4 Feb 2021,Regular,https://ncsmusic.s3.eu-west-1.amazonaws.com/tracks/000/000/903/the-revolution-1612454454-WLdzt3tdFe.mp3,https://ncsmusic.s3.eu-west-1.amazonaws.com/tracks/000/000/903/100x100/the-revolution-1612454450-97lxhUL6he.jpg
Dioma,Jnathyn,Electronic,"Electronic, Quirky, energetic, Euphoric, relaxed, Epic",2 Feb 2021,Regular,https://ncsmusic.s3.eu-west-1.amazonaws.com/tracks/000/000/900/dioma-1612285237-GdIGshSEX2.mp3,https://ncsmusic.s3.eu-west-1.amazonaws.com/tracks/000/000/900/100x100/dioma-1612285234-1edesvIRrF.jpg
Black Sunrise,"Denniz Jamm, Andreas Stone",Drum & Bass,"Drum & Bass, Happy, Hopeful, energetic, Euphoric",29 Jan 2021,Regular,https://ncsmusic.s3.eu-west-1.amazonaws.com/tracks/000/000/899/black-sunrise-1611928834-F7yGZfsTOO.mp3,https://ncsmusic.s3.eu-west-1.amazonaws.com/tracks/000/000/899/100x100/black-sunrise-1611928830-ij2SVZ7k85.jpg
Never Give Up,Steve Hartz,Electronic,"Electronic, Happy, Hopeful, energetic, Euphoric",28 Jan 2021,Regular,https://ncsmusic.s3.eu-west-1.amazonaws.com/tracks/000/000/898/never-give-up-1611838833-ZU4Dg5hiqH.mp3,https://ncsmusic.s3.eu-west-1.amazonaws.com/tracks/000/000/898/100x100/never-give-up-1611838830-vXfAVJVqDH.jpg
Victory,Poylow,Future House,"Future House, Quirky, energetic, Euphoric, relaxed",26 Jan 2021,Regular,https://ncsmusic.s3.eu-west-1.amazonaws.com/tracks/000/000/897/victory-1611673237-MPEImoSEqz.mp3,https://ncsmusic.s3.eu-west-1.amazonaws.com/tracks/000/000/897/100x100/victory-1611673232-PItNnjEJTu.jpg
Swalla,"Mandrazo, Julius Dreisig",Trap,"Trap, Quirky, energetic, Euphoric, Happy",22 Jan 2021,Regular,https://ncsmusic.s3.eu-west-1.amazonaws.com/tracks/000/000/896/swalla-1611320432-KTFvgKxkXC.mp3,https://ncsmusic.s3.eu-west-1.amazonaws.com/tracks/000/000/896/100x100/swalla-1611320429-9cGRL9HULv.jpg
Crossed The Line,"Linn Sandin, Facading, Vosai",Electronic,"Electronic, Dark, Gloomy, energetic, Angry",21 Jan 2021,Regular,https://ncsmusic.s3.eu-west-1.amazonaws.com/tracks/000/000/895/crossed-the-line-1611248435-tMSvTHdnlh.mp3,https://ncsmusic.s3.eu-west-1.amazonaws.com/tracks/000/000/895/100x100/crossed-the-line-1611248431-rzkzijyo0g.jpg
Into The Light,"jeonghyeon, Raptures.",Future House,"Future House, Dark, energetic, Suspense, Gloomy",19 Jan 2021,Regular,https://ncsmusic.s3.eu-west-1.amazonaws.com/tracks/000/000/894/into-the-light-1611057632-IuXvshHPLC.mp3,https://ncsmusic.s3.eu-west-1.amazonaws.com/tracks/000/000/894/100x100/1613990436_Zxtw9SLACG_Artwork.jpg
Finally Healing,"Abandoned, Shiah Maisel, InfiNoise",Melodic Dubstep,"Melodic Dubstep, energetic, Dreamy, Hopeful, sad, Happy",15 Jan 2021,Regular,https://ncsmusic.s3.eu-west-1.amazonaws.com/tracks/000/000/893/finally-healing-1610715634-F0MiE2EFUL.mp3,https://ncsmusic.s3.eu-west-1.amazonaws.com/tracks/000/000/893/100x100/finally-healing-1610715631-pOWAHImjuT.jpg
Nobody,Kozah,Electronic,"Electronic, Gloomy, Dark, scary, Epic, energetic",14 Jan 2021,Regular,https://ncsmusic.s3.eu-west-1.amazonaws.com/tracks/000/000/892/nobody-1610632835-sr5RjBlDNp.mp3,https://ncsmusic.s3.eu-west-1.amazonaws.com/tracks/000/000/892/100x100/nobody-1610632832-mFJRQDenxO.jpg
Trouble With Love,SOXX,Trap,"Trap, Quirky, energetic, Euphoric, relaxed",12 Jan 2021,Regular,https://ncsmusic.s3.eu-west-1.amazonaws.com/tracks/000/000/891/trouble-with-love-1610460031-siOsB8afDR.mp3,https://ncsmusic.s3.eu-west-1.amazonaws.com/tracks/000/000/891/100x100/trouble-with-love-1610460028-dKHzFjXWqW.jpg
Losing Control,"Mendum, JPB",Trap,"Trap, energetic, Glamorous, Fear, Gloomy, Epic",8 Jan 2021,Regular,https://ncsmusic.s3.eu-west-1.amazonaws.com/tracks/000/000/890/losing-control-1610121631-P9GX1l4YOO.mp3,https://ncsmusic.s3.eu-west-1.amazonaws.com/tracks/000/000/890/100x100/losing-control-1610121628-8vpDMAT4bO.jpg
21,"Shiah Maisel, Arlow",Indie,"Indie Dance, Happy, Hopeful, Euphoric, energetic",7 Jan 2021,"Regular, Instrumental",https://ncsmusic.s3.eu-west-1.amazonaws.com/tracks/000/000/889/21-1610028032-ILqHvSooxR.mp3,https://ncsmusic.s3.eu-west-1.amazonaws.com/tracks/000/000/889/100x100/21-1610028029-cVdnE9jTFZ.jpg
Banger Machine,Castion,Future House,"Future House, Epic, Happy, Euphoric, Hopeful, Quirky",5 Jan 2021,Regular,https://ncsmusic.s3.eu-west-1.amazonaws.com/tracks/000/000/888/banger-machine-1609840831-lRyrl6bQHj.mp3,https://ncsmusic.s3.eu-west-1.amazonaws.com/tracks/000/000/888/100x100/banger-machine-1609840828-prJWNTE6ke.jpg
Sky High pt. II,Elektronomia,House,"House, Happy, Hopeful, Euphoric, energetic",1 Jan 2021,Regular,https://ncsmusic.s3.eu-west-1.amazonaws.com/tracks/000/000/887/sky-high-pt-ii-1609495231-50f9lRx1Nv.mp3,https://ncsmusic.s3.eu-west-1.amazonaws.com/tracks/000/000/887/100x100/sky-high-pt-ii-1609495228-Btc2vjc4Vf.jpg
Firefly pt. II,Jim Yosef,House,"House, Happy, Hopeful, Euphoric, energetic",31 Dec 2020,Regular,https://ncsmusic.s3.eu-west-1.amazonaws.com/tracks/000/000/886/firefly-pt-ii-1609452032-XJzweRIPsK.mp3,https://ncsmusic.s3.eu-west-1.amazonaws.com/tracks/000/000/886/100x100/1609847592_3Q1SpFgO1S_Artwork.jpg
Dead of Night,if found,Bass,"Bass, Epic, energetic, Euphoric, Quirky, Weird",29 Dec 2020,"Regular, Instrumental",https://ncsmusic.s3.eu-west-1.amazonaws.com/tracks/000/000/885/dead-of-night-1609236037-9MfpB6VEhX.mp3,https://ncsmusic.s3.eu-west-1.amazonaws.com/tracks/000/000/885/100x100/dead-of-night-1609236028-MO9yxOe5HC.jpg
Need You,Lost Sky,Electronic,"Electronic, Glamorous, Dreamy, Epic, Euphoric, Hopeful",25 Dec 2020,"Regular, Instrumental",https://ncsmusic.s3.eu-west-1.amazonaws.com/tracks/000/000/883/1609102805_xqBo18AgD8_Lost-Sky---Need-You-NCS-Release.mp3,https://ncsmusic.s3.eu-west-1.amazonaws.com/tracks/000/000/883/100x100/need-you-1608886828-luTyHNlPRu.jpg
Obey,Barren Gates,Trap,"Trap, Dark, Epic, Gloomy, Mysterious",24 Dec 2020,Regular,https://ncsmusic.s3.eu-west-1.amazonaws.com/tracks/000/000/882/obey-1608804032-C6YDjbj8r8.mp3,https://ncsmusic.s3.eu-west-1.amazonaws.com/tracks/000/000/882/100x100/obey-1608804028-ChSEFuAfcQ.jpg
Calm Before The Storm,"Centrix, Dani King, Rebel Scum",Trap,"Trap, Weird, Epic, energetic, Dark",22 Dec 2020,Regular,https://ncsmusic.s3.eu-west-1.amazonaws.com/tracks/000/000/881/calm-before-the-storm-1608627631-CELPrgeN44.mp3,https://ncsmusic.s3.eu-west-1.amazonaws.com/tracks/000/000/881/100x100/calm-before-the-storm-1608627628-KdP6qZgAce.jpg
Primitive,Snowfyre,Drumstep,"Drumstep, Dark, Gloomy, energetic, Angry",18 Dec 2020,Regular,https://ncsmusic.s3.eu-west-1.amazonaws.com/tracks/000/000/877/primitive-1608289229-PwOVirm0ej.mp3,https://ncsmusic.s3.eu-west-1.amazonaws.com/tracks/000/000/877/100x100/1608310878_8W2GMdsAiy_Wreckout.jpg
Osiris,Laminar,Drum & Bass,"Drum & Bass, Dark, Dreamy, Epic, energetic, Weird",18 Dec 2020,Regular,https://ncsmusic.s3.eu-west-1.amazonaws.com/tracks/000/000/878/osiris-1608289235-5x6bqK74md.mp3,https://ncsmusic.s3.eu-west-1.amazonaws.com/tracks/000/000/878/100x100/1608310867_XcY2P5pbjh_Wreckout.jpg
Demons,NIVIRO,Hardstyle,"Hardstyle, energetic, Gloomy, Dark, Weird, Fear",18 Dec 2020,"Regular, Instrumental",https://ncsmusic.s3.eu-west-1.amazonaws.com/tracks/000/000/879/1608310738_Rg7ZA0UnDM_NIVIRO---Demons-NCS-Release.mp3,https://ncsmusic.s3.eu-west-1.amazonaws.com/tracks/000/000/879/100x100/demons-1608289238-X0fcHxRYna.jpg
Space Jam,Hayve,Drum & Bass,"Drum & Bass, energetic, Dark, Epic, Weird, Quirky",18 Dec 2020,Regular,https://ncsmusic.s3.eu-west-1.amazonaws.com/tracks/000/000/880/space-jame-1608292828-yjnc2RoBWx.mp3,https://ncsmusic.s3.eu-west-1.amazonaws.com/tracks/000/000/880/100x100/1608310854_vUvr9WPpOG_Wreckout.jpg
Shivers,"Halvorsen, Netrum",Drum & Bass,"Drum & Bass, Happy, Hopeful, Euphoric, energetic",17 Dec 2020,"Regular, Instrumental",https://ncsmusic.s3.eu-west-1.amazonaws.com/tracks/000/000/875/shivers-1608206431-lLNDMRLBuY.mp3,https://ncsmusic.s3.eu-west-1.amazonaws.com/tracks/000/000/875/100x100/shivers-1608206428-kVSSQpFawE.jpg
Accelerate,Everen Maxwell,Drum & Bass,"Drum & Bass, energetic, Quirky, Weird, Euphoric",17 Dec 2020,Regular,https://ncsmusic.s3.eu-west-1.amazonaws.com/tracks/000/000/876/1608229307_JZWF44jSEe_Everen-Maxwell---Accelerate-NCS-Release.mp3,https://ncsmusic.s3.eu-west-1.amazonaws.com/tracks/000/000/876/100x100/1608288316_GRqVDdX593_Wreckout.jpg
Non Stop,"Hilefex, Jonth",Future House,"Future House, Epic, Dark, Gloomy, energetic",15 Dec 2020,Regular,https://ncsmusic.s3.eu-west-1.amazonaws.com/tracks/000/000/874/non-stop-1608037231-AMamHOSQvR.mp3,https://ncsmusic.s3.eu-west-1.amazonaws.com/tracks/000/000/874/100x100/non-stop-1608037227-J4tMkpF7kn.jpg
Never Stop,Todd Helder,Trap,"Trap, Epic, Dreamy, Happy, Euphoric, energetic",11 Dec 2020,Regular,https://ncsmusic.s3.eu-west-1.amazonaws.com/tracks/000/000/873/never-stop-1607680831-6DyPCJYGY9.mp3,https://ncsmusic.s3.eu-west-1.amazonaws.com/tracks/000/000/873/100x100/never-stop-1607680827-OXiJWE9MWb.jpg
No Pressure,"Jon Becker, Tim Beeren, CHENDA",Drumstep,"Drumstep, Epic, energetic, Angry, Gloomy",10 Dec 2020,"Regular, Instrumental",https://ncsmusic.s3.eu-west-1.amazonaws.com/tracks/000/000/872/no-pressure-1607612429-4EcjOiyZ4M.mp3,https://ncsmusic.s3.eu-west-1.amazonaws.com/tracks/000/000/872/100x100/no-pressure-1607612426-z9psrUIAVN.jpg
Goes Like,LOUD ABOUT US!,Electronic,"Electronic, Gloomy, Dark, scary, Epic, energetic",8 Dec 2020,Regular,https://ncsmusic.s3.eu-west-1.amazonaws.com/tracks/000/000/871/goes-like-1607439630-nyGsxfLkey.mp3,https://ncsmusic.s3.eu-west-1.amazonaws.com/tracks/000/000/871/100x100/goes-like-1607439627-cbDTydEE8c.jpg
Giants,VOE,Drum & Bass,"Drum & Bass, Epic, Happy, Euphoric, energetic",4 Dec 2020,"Regular, Instrumental",https://ncsmusic.s3.eu-west-1.amazonaws.com/tracks/000/000/870/1607183456_n0EJ3yj8nm_V-O-E---Giants-NCS-Release.mp3,https://ncsmusic.s3.eu-west-1.amazonaws.com/tracks/000/000/870/100x100/giants-1607097677-n3bklpBKsh.jpg
Waterfall,ROY KNOX,Drumstep,"Drumstep, Epic, energetic, Angry, Gloomy",3 Dec 2020,Regular,https://ncsmusic.s3.eu-west-1.amazonaws.com/tracks/000/000/869/waterfall-1607007631-aSi1V7fWSx.mp3,https://ncsmusic.s3.eu-west-1.amazonaws.com/tracks/000/000/869/100x100/waterfall-1607007628-UL0bBL6GpZ.jpg
One Shot,"Simon Beatz, MIDNIGHT CVLT",Future House,"Future House, Epic, Happy, Euphoric, energetic",1 Dec 2020,Regular,https://ncsmusic.s3.eu-west-1.amazonaws.com/tracks/000/000/868/1607154665_44ezjHw9Ar_MIDNIGHT-CVLT-x-SImon-Beatz---One-Shot-NCS-Release.mp3,https://ncsmusic.s3.eu-west-1.amazonaws.com/tracks/000/000/868/100x100/one-shot-1606845627-loGIPed97g.jpg
Faceless,"Bri Tolani, Marvin Divine, Unknown Brain",Electronic,"Electronic, Happy, Epic, Euphoric, Dreamy, Glamorous",27 Nov 2020,Regular,https://ncsmusic.s3.eu-west-1.amazonaws.com/tracks/000/000/856/faceless-1606474829-raHeIpMBOd.mp3,https://ncsmusic.s3.eu-west-1.amazonaws.com/tracks/000/000/856/100x100/faceless-1606474826-YaZAhEc1sP.jpg
Candy,"Linn Sandin, Unknown Brain",Electronic,"Electronic, Quirky, Dreamy, Epic, Happy, Hopeful",27 Nov 2020,Regular,https://ncsmusic.s3.eu-west-1.amazonaws.com/tracks/000/000/857/candy-1606474835-qSxuTCdu3C.mp3,https://ncsmusic.s3.eu-west-1.amazonaws.com/tracks/000/000/857/100x100/candy-1606474833-OoLJ9mobR9.jpg
Blackhole,"Ava King, Unknown Brain",Electronic,"Electronic, Euphoric, energetic, Epic, Hopeful, Mysterious",27 Nov 2020,Regular,https://ncsmusic.s3.eu-west-1.amazonaws.com/tracks/000/000/858/blackhole-1606474846-kLGhVuShzW.mp3,https://ncsmusic.s3.eu-west-1.amazonaws.com/tracks/000/000/858/100x100/blackhole-1606474839-NVqIn5vzHj.jpg
Oh Darling,Unknown Brain,Trap,"Trap, Epic, romantic, sad, Dreamy, relaxed",27 Nov 2020,Regular,https://ncsmusic.s3.eu-west-1.amazonaws.com/tracks/000/000/859/oh-darling-1606474852-RYsQD3z8OV.mp3,https://ncsmusic.s3.eu-west-1.amazonaws.com/tracks/000/000/859/100x100/oh-darling-1606474850-LpCknnplQ0.jpg
Blackhole,"Ava King, Unknown Brain",Electronic,"Electronic, Euphoric, energetic, Epic, Hopeful, Mysterious",27 Nov 2020,Regular,https://ncsmusic.s3.eu-west-1.amazonaws.com/tracks/000/000/860/blackhole-1606474859-OUMNUEhlzF.mp3,https://ncsmusic.s3.eu-west-1.amazonaws.com/tracks/000/000/860/100x100/blackhole-1606474856-vG26JFvmac.jpg
Forget You,"Shiah Maisel, Unknown Brain",Electronic,"Electronic, Epic, energetic, Euphoric, Glamorous, Hopeful, Suspense",27 Nov 2020,Regular,https://ncsmusic.s3.eu-west-1.amazonaws.com/tracks/000/000/861/forget-you-1606474866-nfm147RNdv.mp3,https://ncsmusic.s3.eu-west-1.amazonaws.com/tracks/000/000/861/100x100/forget-you-1606474863-b6YFd9bNdU.jpg
Dance With Me,"Alexis Donn, Unknown Brain",Electronic,"Electronic, Happy, energetic, Sexy, Euphoric",27 Nov 2020,Regular,https://ncsmusic.s3.eu-west-1.amazonaws.com/tracks/000/000/862/dance-with-me-1606474872-T7hdXgxeLR.mp3,https://ncsmusic.s3.eu-west-1.amazonaws.com/tracks/000/000/862/100x100/dance-with-me-1606474870-PSv083F21a.jpg
Let You Go,"Unknown Brain, NotEvenTanner",Trap,"Trap, Quirky, Weird, Gloomy, sad",27 Nov 2020,Regular,https://ncsmusic.s3.eu-west-1.amazonaws.com/tracks/000/000/863/let-you-go-1606474879-fDhRqEaw7Q.mp3,https://ncsmusic.s3.eu-west-1.amazonaws.com/tracks/000/000/863/100x100/let-you-go-1606474876-I36lsPBvoX.jpg
Childhood Dreams,Unknown Brain,Electronic,"Electronic, Happy, Dreamy, energetic, Hopeful",27 Nov 2020,Regular,https://ncsmusic.s3.eu-west-1.amazonaws.com/tracks/000/000/864/childhood-dreams-1606474885-JQOdp4m9uH.mp3,https://ncsmusic.s3.eu-west-1.amazonaws.com/tracks/000/000/864/100x100/childhood-dreams-1606474882-osbUb07pS0.jpg
Don't Bother,"Emily J, Unknown Brain",Future House,"Future House, Sexy, energetic, romantic, Glamorous, Quirky",27 Nov 2020,Regular,https://ncsmusic.s3.eu-west-1.amazonaws.com/tracks/000/000/865/dont-bother-1606474891-MCmwc7zP32.mp3,https://ncsmusic.s3.eu-west-1.amazonaws.com/tracks/000/000/865/100x100/dont-bother-1606474889-6B5NtYOK2g.jpg
Last Thing,"Charlotte Sands, Unknown Brain",Electronic,"Electronic, Dreamy, Epic, romantic, Glamorous, Sexy",27 Nov 2020,Regular,https://ncsmusic.s3.eu-west-1.amazonaws.com/tracks/000/000/866/last-thing-1606474898-BwMo6v9DEy.mp3,https://ncsmusic.s3.eu-west-1.amazonaws.com/tracks/000/000/866/100x100/last-thing-1606474895-FknfOynNve.jpg
Outro,Unknown Brain,Electronic,"Electronic, Gloomy, Epic, Dreamy, Mysterious, Peaceful",27 Nov 2020,Regular,https://ncsmusic.s3.eu-west-1.amazonaws.com/tracks/000/000/867/outro-1606474904-3uX85f7FfN.mp3,https://ncsmusic.s3.eu-west-1.amazonaws.com/tracks/000/000/867/100x100/outro-1606474902-07WeeeCsW6.jpg
Hollywood Perfect,"Unknown Brain, NotEvenTanner",Electronic,"Electronic, Epic, Happy, Euphoric, energetic",26 Nov 2020,Regular,https://ncsmusic.s3.eu-west-1.amazonaws.com/tracks/000/000/855/hollywood-perfect-1606402830-Y7OnatOVsT.mp3,https://ncsmusic.s3.eu-west-1.amazonaws.com/tracks/000/000/855/100x100/hollywood-perfect-1606402826-RsouUEyaQh.png
Jungle Of Love,"Unknown Brain, Glaceo",Trap,"Trap, Happy, Epic, Euphoric, Dreamy, Glamorous",24 Nov 2020,Regular,https://ncsmusic.s3.eu-west-1.amazonaws.com/tracks/000/000/854/jungle-of-love-1606240829-bncyQLTnxz.mp3,https://ncsmusic.s3.eu-west-1.amazonaws.com/tracks/000/000/854/100x100/jungle-of-love-1606240827-GZiwJlW7yq.jpg
Phenomenon,"Dax, VinDon, Unknown Brain","Trap, Bass","Trap, Bass, Angry, Dark, Epic, Euphoric, energetic, Fear, Gloomy, Suspense",20 Nov 2020,"Regular, Instrumental",https://ncsmusic.s3.eu-west-1.amazonaws.com/tracks/000/000/853/phenomenon-1605895230-EleosL4jlP.mp3,https://ncsmusic.s3.eu-west-1.amazonaws.com/tracks/000/000/853/100x100/phenomenon-1605895227-fAhxMTrRpG.jpg
Ride,Clarx,Dubstep,"Dubstep, Epic, Happy, Euphoric, energetic",19 Nov 2020,Regular,https://ncsmusic.s3.eu-west-1.amazonaws.com/tracks/000/000/852/ride-1605790830-xHtLGlSOzU.mp3,https://ncsmusic.s3.eu-west-1.amazonaws.com/tracks/000/000/852/100x100/ride-1605790827-UjjzIaoc66.jpg
Silence,"Josh Bogert, Axollo",Future House,"Future House, Epic, Happy, Euphoric, energetic",17 Nov 2020,"Regular, Instrumental",https://ncsmusic.s3.eu-west-1.amazonaws.com/tracks/000/000/851/silence-1605621630-Af8GBhOo2x.mp3,https://ncsmusic.s3.eu-west-1.amazonaws.com/tracks/000/000/851/100x100/silence-1605621626-u4Bq8JueL2.jpg
You Made A Monster,Barren Gates,Trap,"Trap, Angry, Dark, Gloomy, Suspense, Fear, energetic",13 Nov 2020,Regular,https://ncsmusic.s3.eu-west-1.amazonaws.com/tracks/000/000/850/you-made-a-monster-1605283231-IhjhUZmSW2.mp3,https://ncsmusic.s3.eu-west-1.amazonaws.com/tracks/000/000/850/100x100/you-made-a-monster-1605283227-OH4kQTTB0W.jpg
Lights,Whales,Dubstep,"Dubstep, Epic, Happy, Euphoric, energetic",12 Nov 2020,Regular,https://ncsmusic.s3.eu-west-1.amazonaws.com/tracks/000/000/849/lights-1605186030-09qm7op7ZU.mp3,https://ncsmusic.s3.eu-west-1.amazonaws.com/tracks/000/000/849/100x100/lights-1605186026-WBz90PlaGM.jpg
Give Up On You,"imallryt, ROY KNOX, Hayve",Dubstep,"Dubstep, Dark, Angry, Epic, Gloomy, Fear",10 Nov 2020,Regular,https://ncsmusic.s3.eu-west-1.amazonaws.com/tracks/000/000/848/give-up-on-you-1605020430-yiaDX5MRbv.mp3,https://ncsmusic.s3.eu-west-1.amazonaws.com/tracks/000/000/848/100x100/give-up-on-you-1605020427-UvxFAQCy2k.jpg
Get $,"Fiveight, WATEVA",Electronic,"Electronic, Epic, energetic, Suspense, Dark, Gloomy, Angry",6 Nov 2020,"Regular, Instrumental",https://ncsmusic.s3.eu-west-1.amazonaws.com/tracks/000/000/847/1605476801_6i6li5IQTd_WATEVA--Fiveight---Get--NCS-Release.mp3,https://ncsmusic.s3.eu-west-1.amazonaws.com/tracks/000/000/847/100x100/get-1604664026-lEfA3hgvdM.jpg
Let Me Go,More Plastic,Dubstep,"Dubstep, Dark, Fear, Angry, Epic, Gloomy",5 Nov 2020,Regular,https://ncsmusic.s3.eu-west-1.amazonaws.com/tracks/000/000/846/let-me-go-1604588430-wDSGsj83cX.mp3,https://ncsmusic.s3.eu-west-1.amazonaws.com/tracks/000/000/846/100x100/let-me-go-1604588427-SfSyiYLx4I.jpg
Pain,Max Brhon,Electronic,"Electronic, Dark, Fear, Angry, Epic",3 Nov 2020,Regular,https://ncsmusic.s3.eu-west-1.amazonaws.com/tracks/000/000/845/pain-1604415630-XL8D3GE6sp.mp3,https://ncsmusic.s3.eu-west-1.amazonaws.com/tracks/000/000/845/100x100/pain-1604415627-LGpvYXeORN.jpg
Time,Syn Cole,House,"House, Dreamy, Happy, Hopeful, Euphoric, Peaceful",30 Oct 2020,"Regular, Instrumental",https://ncsmusic.s3.eu-west-1.amazonaws.com/tracks/000/000/844/time-1604052031-lRgiwQoDqk.mp3,https://ncsmusic.s3.eu-west-1.amazonaws.com/tracks/000/000/844/100x100/time-1604052028-s8lBT89TcV.jpg
Hold On,"James Burki, NCT",Drum & Bass,"Drum & Bass, energetic, Epic, Euphoric, Dreamy",29 Oct 2020,Regular,https://ncsmusic.s3.eu-west-1.amazonaws.com/tracks/000/000/843/hold-on-1603990830-z5Jd4dPu6e.mp3,https://ncsmusic.s3.eu-west-1.amazonaws.com/tracks/000/000/843/100x100/hold-on-1603990827-ktSCRgxtWj.jpg
Jungle,Rogers & Dean,Drum & Bass,"Drum & Bass, Epic, Happy, Euphoric, energetic",27 Oct 2020,Regular,https://ncsmusic.s3.eu-west-1.amazonaws.com/tracks/000/000/842/jungle-1603810830-ndJfLKqbIg.mp3,https://ncsmusic.s3.eu-west-1.amazonaws.com/tracks/000/000/842/100x100/jungle-1603810827-UIB2Eya3ue.jpg
I'm Sorry Mom,"Kyle Reynolds, Unknown Brain",Trap,"Trap, Epic, Happy, Euphoric, energetic",23 Oct 2020,Regular,https://ncsmusic.s3.eu-west-1.amazonaws.com/tracks/000/000/841/im-sorry-mom-1603458027-A676v5xL55.mp3,https://ncsmusic.s3.eu-west-1.amazonaws.com/tracks/000/000/841/100x100/1603710110_294bvs52gV_SorryMom_Artwork_1920x1920_reduced.png
Where It All Began,"Danyka Nadeau, Electro-Light",Electronic,"Electronic, energetic, Epic, Euphoric, Dreamy",22 Oct 2020,"Regular, Instrumental",https://ncsmusic.s3.eu-west-1.amazonaws.com/tracks/000/000/840/where-it-all-began-1603375229-DFTls04TsZ.mp3,https://ncsmusic.s3.eu-west-1.amazonaws.com/tracks/000/000/840/100x100/where-it-all-began-1603375227-IGcLhpaWEl.jpg
Like Me,"Britt Lari, T-Mass","Electronic, Chill","Electronic, Chill, Dark, energetic, Gloomy, Epic",20 Oct 2020,Regular,https://ncsmusic.s3.eu-west-1.amazonaws.com/tracks/000/000/839/like-me-1603202429-zGEXvFGdJ1.mp3,https://ncsmusic.s3.eu-west-1.amazonaws.com/tracks/000/000/839/100x100/like-me-1603202426-yYTKDNoVUf.jpg
Lonely Way,"Rival, Caravn",Bass,"Bass, Dark, Angry, Fear, Gloomy, Glamorous, Epic",16 Oct 2020,"Regular, Instrumental",https://ncsmusic.s3.eu-west-1.amazonaws.com/tracks/000/000/838/1602924116_i3Tn2EkNdU_Rival---Lonely-Way-ft.-Caravn-NCS-Release.mp3,https://ncsmusic.s3.eu-west-1.amazonaws.com/tracks/000/000/838/100x100/1602924116_v2O3UoVY11_Artwork.jpg
Lonely Way,"Caravn, Rival",Bass,"Bass, Dark, Angry, Fear, Gloomy, Epic",16 Oct 2020,"Regular, Instrumental",https://ncsmusic.s3.eu-west-1.amazonaws.com/tracks/000/001/778/lonely-way-1728288057-uB3uCFZcqP.mp3,https://ncsmusic.s3.eu-west-1.amazonaws.com/tracks/000/001/778/100x100/lonely-way-1728288055-0LTNtrOEhk.jpg
Take It Down,Facading,Electronic,"Electronic, Dark, Angry, energetic, Fear",15 Oct 2020,"Regular, Instrumental",https://ncsmusic.s3.eu-west-1.amazonaws.com/tracks/000/000/837/take-it-down-1602770431-A9s3NSZMAq.mp3,https://ncsmusic.s3.eu-west-1.amazonaws.com/tracks/000/000/837/100x100/take-it-down-1602770428-pJ8eaIDibR.jpg
Talk To Me,"Fearon, Waterbeld, Carl Zeer",Future House,"Future House, Quirky, Dark, Dreamy, energetic, Gloomy",13 Oct 2020,"Regular, Instrumental",https://ncsmusic.s3.eu-west-1.amazonaws.com/tracks/000/000/836/talk-to-me-1602601230-JyNgxixmYK.mp3,https://ncsmusic.s3.eu-west-1.amazonaws.com/tracks/000/000/836/100x100/talk-to-me-1602601227-NW0WQPBo5I.jpg
Shakedown,Clarx,Electronic,"Electronic, Quirky, Weird, Happy, Hopeful",9 Oct 2020,"Regular, Instrumental",https://ncsmusic.s3.eu-west-1.amazonaws.com/tracks/000/000/835/shakedown-1602237629-mpRmkmD9WC.mp3,https://ncsmusic.s3.eu-west-1.amazonaws.com/tracks/000/000/835/100x100/shakedown-1602237626-960aRHDH87.jpg
Over My Head,"Mike Robert, ROY KNOX",Drumstep,"Drumstep, Happy, Hopeful, Euphoric, energetic, romantic",8 Oct 2020,Regular,https://ncsmusic.s3.eu-west-1.amazonaws.com/tracks/000/000/834/over-my-head-1602154829-jnosfRHISr.mp3,https://ncsmusic.s3.eu-west-1.amazonaws.com/tracks/000/000/834/100x100/over-my-head-1602154826-mOiKzOJDe6.jpg
Alive,"Neoni, N3WPORT",Electronic,"Electronic, Dreamy, Epic, Euphoric, Gloomy, Peaceful",6 Oct 2020,Regular,https://ncsmusic.s3.eu-west-1.amazonaws.com/tracks/000/000/833/alive-1601992829-IK73lvg1gR.mp3,https://ncsmusic.s3.eu-west-1.amazonaws.com/tracks/000/000/833/100x100/alive-1601992827-rePcG0yyHN.jpg
Safe & Sound,DEAF KEV,House,"House, energetic, Epic, Euphoric, Dreamy",2 Oct 2020,"Regular, Instrumental",https://ncsmusic.s3.eu-west-1.amazonaws.com/tracks/000/000/832/safe-sound-1601629229-6xELTJzmos.mp3,https://ncsmusic.s3.eu-west-1.amazonaws.com/tracks/000/000/832/100x100/safe-sound-1601629226-JOZpJKlGw6.jpg
Long Night,JPB,Trap,"Trap, energetic, Angry, Epic, Euphoric, Gloomy",1 Oct 2020,Regular,https://ncsmusic.s3.eu-west-1.amazonaws.com/tracks/000/000/831/long-night-1601564430-ZplSg6LZbx.mp3,https://ncsmusic.s3.eu-west-1.amazonaws.com/tracks/000/000/831/100x100/long-night-1601564427-yYOSUE5mGW.jpg
Break It,Drolood,Electronic,"Electronic, energetic, Gloomy, Quirky, Suspense",29 Sep 2020,Regular,https://ncsmusic.s3.eu-west-1.amazonaws.com/tracks/000/000/830/1601410189_vbLIuFv7Dw_Drolood---Break-It-NCS-Release.mp3,https://ncsmusic.s3.eu-west-1.amazonaws.com/tracks/000/000/830/100x100/break-it-1601388027-uuN7qRkBT5.jpg
DEAD,Unknown Brain,Electronic,"Electronic, Quirky, energetic, Suspense, Gloomy",25 Sep 2020,"Regular, Instrumental",https://ncsmusic.s3.eu-west-1.amazonaws.com/tracks/000/000/829/dead-1601031629-RJUC414EuV.mp3,https://ncsmusic.s3.eu-west-1.amazonaws.com/tracks/000/000/829/100x100/dead-1601031626-dgaz3osOtY.jpg
Don't Surrender,"EMM, Egzod",Electronic,"Electronic, energetic, Euphoric, Quirky, Restless, Mysterious",24 Sep 2020,Regular,https://ncsmusic.s3.eu-west-1.amazonaws.com/tracks/000/000/828/dont-surrender-1600956029-D336DLlcF0.mp3,https://ncsmusic.s3.eu-west-1.amazonaws.com/tracks/000/000/828/100x100/dont-surrender-1600956026-bZdKeg4ew8.jpg
Apocalypse,Midranger,Future House,"Future House, Quirky, energetic, Weird, Hopeful",22 Sep 2020,Regular,https://ncsmusic.s3.eu-west-1.amazonaws.com/tracks/000/000/827/apocalypse-1600776029-SD10P62Tu0.mp3,https://ncsmusic.s3.eu-west-1.amazonaws.com/tracks/000/000/827/100x100/apocalypse-1600776027-tsCmgK4gEU.jpg
Ignite,"Tom Wilson, Heuse",Trap,"Trap, Epic, Dark, Gloomy, Quirky",18 Sep 2020,Regular,https://ncsmusic.s3.eu-west-1.amazonaws.com/tracks/000/000/826/ignite-1600419629-48VJLcO6hO.mp3,https://ncsmusic.s3.eu-west-1.amazonaws.com/tracks/000/000/826/100x100/ignite-1600419626-nHn4WXY79q.jpg
Mutiny,"Wasiu, Egzod",Trap,"Trap, Dark, energetic, Gloomy, Epic",17 Sep 2020,Regular,https://ncsmusic.s3.eu-west-1.amazonaws.com/tracks/000/000/825/mutiny-1600336830-cqpFPcY6QL.mp3,https://ncsmusic.s3.eu-west-1.amazonaws.com/tracks/000/000/825/100x100/mutiny-1600336826-HNQVbXawE3.jpg
Any Closer,Netrum,Dubstep,"Dubstep, Quirky, energetic, Weird, Hopeful",15 Sep 2020,Regular,https://ncsmusic.s3.eu-west-1.amazonaws.com/tracks/000/000/824/any-closer-1600167629-HbCLmanSD8.mp3,https://ncsmusic.s3.eu-west-1.amazonaws.com/tracks/000/000/824/100x100/any-closer-1600167627-tyvW8Qew3z.jpg
Joker,Anixto,Future House,"Future House, Dark, energetic, Fear, scary, Epic",11 Sep 2020,"Regular, Instrumental",https://ncsmusic.s3.eu-west-1.amazonaws.com/tracks/000/000/823/joker-1599814830-9SbrAPqnvA.mp3,https://ncsmusic.s3.eu-west-1.amazonaws.com/tracks/000/000/823/100x100/joker-1599814827-GCGgNydx8T.jpg
Castle,N3WPORT,Electronic,"Electronic, Happy, Hopeful, Euphoric, energetic",10 Sep 2020,Regular,https://ncsmusic.s3.eu-west-1.amazonaws.com/tracks/000/000/822/castle-1599732030-91C5U9GXuX.mp3,https://ncsmusic.s3.eu-west-1.amazonaws.com/tracks/000/000/822/100x100/castle-1599732027-FRODaxU6Yl.jpg
Versace,The Same Persons,"House, Electronic","House, Electronic, Dreamy, Dark, Laid Back, Glamorous, Gloomy",8 Sep 2020,Regular,https://ncsmusic.s3.eu-west-1.amazonaws.com/tracks/000/000/821/1599635615_NrgHqNQLjt_The-Same-Persons---Versace-NCS-Release.mp3,https://ncsmusic.s3.eu-west-1.amazonaws.com/tracks/000/000/821/100x100/versace-1599566427-BsQuqrChev.jpg
Dancing On the Moon,"Luke Burr, Unknown Brain",Electronic,"Electronic, Euphoric, Happy, romantic, energetic",4 Sep 2020,Regular,https://ncsmusic.s3.eu-west-1.amazonaws.com/tracks/000/000/820/dancing-on-the-moon-1599217228-vual57Vf1E.mp3,https://ncsmusic.s3.eu-west-1.amazonaws.com/tracks/000/000/820/100x100/dancing-on-the-moon-1599217225-5lQzAHfpOq.jpg
The Revolution,"Neoni, Egzod",Trap,"Trap, Dreamy, Epic, Dark, Gloomy, Mysterious",3 Sep 2020,Regular,https://ncsmusic.s3.eu-west-1.amazonaws.com/tracks/000/000/819/the-revolution-1599123629-J2QfBCQO77.mp3,https://ncsmusic.s3.eu-west-1.amazonaws.com/tracks/000/000/819/100x100/the-revolution-1599123626-LSluxb4hlV.jpg
See You At The End,"Brenton Mattheus, InfiNoise, Abandoned",Melodic Dubstep,"Melodic Dubstep, Epic, Euphoric, Hopeful, Mysterious",1 Sep 2020,Regular,https://ncsmusic.s3.eu-west-1.amazonaws.com/tracks/000/000/818/see-you-at-the-end-1598965229-CWRdAP7Iga.mp3,https://ncsmusic.s3.eu-west-1.amazonaws.com/tracks/000/000/818/100x100/see-you-at-the-end-1598965226-bVVZhesZPb.jpg
This is Life,The Arcturians,Electronic,"Electronic, Mysterious, romantic, sad, Dreamy",28 Aug 2020,Regular,https://ncsmusic.s3.eu-west-1.amazonaws.com/tracks/000/000/817/this-is-life-1598616029-UhFYcITptP.mp3,https://ncsmusic.s3.eu-west-1.amazonaws.com/tracks/000/000/817/100x100/this-is-life-1598616026-lmE2ZanDvS.jpg
Be Myself,Tom Wilson,Drumstep,"Drumstep, Epic, Mysterious, Restless",27 Aug 2020,"Regular, Instrumental",https://ncsmusic.s3.eu-west-1.amazonaws.com/tracks/000/000/816/be-myself-1598533226-XnHD3dwczI.mp3,https://ncsmusic.s3.eu-west-1.amazonaws.com/tracks/000/000/816/100x100/1598535868_kVsOVKeHmt_Artwork.jpg
Murderer,"Emily Makis, Hayve, CARBIN",Drum & Bass,"Drum & Bass, Dark, Fear, energetic, scary",25 Aug 2020,"Regular, Instrumental",https://ncsmusic.s3.eu-west-1.amazonaws.com/tracks/000/000/815/murderer-1598356829-9ArIe3xBCN.mp3,https://ncsmusic.s3.eu-west-1.amazonaws.com/tracks/000/000/815/100x100/murderer-1598356826-Rp0M7TmOM7.jpg
Afterlife,"EMM, Besomorph",Electronic,"Electronic, Happy, Hopeful, Euphoric, energetic, Quirky",21 Aug 2020,Regular,https://ncsmusic.s3.eu-west-1.amazonaws.com/tracks/000/000/814/afterlife-1598115629-tD7CYuGQIq.mp3,https://ncsmusic.s3.eu-west-1.amazonaws.com/tracks/000/000/814/100x100/afterlife-1598115626-st000Rf1Hg.jpg
Devil,Barren Gates,Drum & Bass,"Drum & Bass, Dark, energetic, Fear, scary",20 Aug 2020,Regular,https://ncsmusic.s3.eu-west-1.amazonaws.com/tracks/000/000/813/devil-1597924828-ZaFzhQ6OyL.mp3,https://ncsmusic.s3.eu-west-1.amazonaws.com/tracks/000/000/813/100x100/devil-1597924825-JyvHvoJeQo.jpg
Goodbye,Linko,Electronic,"Electronic, Happy, romantic, Dreamy, Euphoric",18 Aug 2020,Regular,https://ncsmusic.s3.eu-west-1.amazonaws.com/tracks/000/000/812/goodbye-1597759229-GHODXh6LgG.mp3,https://ncsmusic.s3.eu-west-1.amazonaws.com/tracks/000/000/812/100x100/goodbye-1597759226-0Z1HWrM4V4.jpg
Slow Down,"Cadmium, Chris Linton",Melodic Dubstep,"Melodic Dubstep, Dark, Restless, Gloomy, sad",14 Aug 2020,"Regular, Instrumental",https://ncsmusic.s3.eu-west-1.amazonaws.com/tracks/000/000/810/slow-down-1597413629-DK6yEJdwpt.mp3,https://ncsmusic.s3.eu-west-1.amazonaws.com/tracks/000/000/810/100x100/slow-down-1597413627-9GYk3hjxRm.jpg
Breeze,Elektronomia,House,"House, Happy, Hopeful, Euphoric, energetic",13 Aug 2020,Regular,https://ncsmusic.s3.eu-west-1.amazonaws.com/tracks/000/000/794/breeze-1597410034-Pu41o20JV2.mp3,https://ncsmusic.s3.eu-west-1.amazonaws.com/tracks/000/000/794/100x100/breeze-1597410031-m68lX0WcL3.jpg
Power,"braev, N3WPORT",Trap,"Trap, Dark, energetic, Restless, Angry",11 Aug 2020,Regular,https://ncsmusic.s3.eu-west-1.amazonaws.com/tracks/000/000/792/power-1597319499-Ljh76rCaN8.mp3,https://ncsmusic.s3.eu-west-1.amazonaws.com/tracks/000/000/792/100x100/power-1597319496-DWUroIjXMW.jpg
Taking Control,"Sam Ourt, Raptures.",Electronic,"Electronic, Dark, energetic, Restless, Angry",7 Aug 2020,Regular,https://ncsmusic.s3.eu-west-1.amazonaws.com/tracks/000/000/791/taking-control-1597319493-50SOHR1uVB.mp3,https://ncsmusic.s3.eu-west-1.amazonaws.com/tracks/000/000/791/100x100/taking-control-1597319482-dekv7y8iVp.jpg
Slow,"Riell, Diviners",House,"House, Epic, Dreamy, energetic, Happy, Euphoric",6 Aug 2020,Regular,https://ncsmusic.s3.eu-west-1.amazonaws.com/tracks/000/000/790/slow-1597319479-syfktealaN.mp3,https://ncsmusic.s3.eu-west-1.amazonaws.com/tracks/000/000/790/100x100/slow-1597319476-pvb6KoLHEr.jpg
Everything,Jone,Future House,"Future House, Quirky, energetic, Happy, Restless",4 Aug 2020,Regular,https://ncsmusic.s3.eu-west-1.amazonaws.com/tracks/000/000/789/everything-1597319473-al91AJ3mFs.mp3,https://ncsmusic.s3.eu-west-1.amazonaws.com/tracks/000/000/789/100x100/everything-1597319470-tVlGzh2bqp.jpg
Take You On,"James Mercy, PhiloSofie",Electronic,"Electronic, Sexy, Epic, Happy, Laid Back",31 Jul 2020,Regular,https://ncsmusic.s3.eu-west-1.amazonaws.com/tracks/000/000/796/trouble-1597410049-MPnb4wscYD.mp3,https://ncsmusic.s3.eu-west-1.amazonaws.com/tracks/000/000/796/100x100/trouble-1597410046-6JWOISFWNy.jpg
I'm Fine,3rd Prototype,Future House,"Future House, Quirky, Restless, energetic, Suspense",30 Jul 2020,"Regular, Instrumental",https://ncsmusic.s3.eu-west-1.amazonaws.com/tracks/000/000/788/im-fine-1597319464-qnKkHgCCC0.mp3,https://ncsmusic.s3.eu-west-1.amazonaws.com/tracks/000/000/788/100x100/im-fine-1597319462-LTrwcrEv6h.jpg
All My Love,"Tom Wilson, Jagsy, braev",Trap,"Trap, sad, Epic, Gloomy, Dreamy, Dark",28 Jul 2020,Regular,https://ncsmusic.s3.eu-west-1.amazonaws.com/tracks/000/000/787/1597659928_R770IG5BLR_Jagsy--Tom-Wilson---All-My-Love-ft.-Braev-NCS-Release.mp3,https://ncsmusic.s3.eu-west-1.amazonaws.com/tracks/000/000/787/100x100/all-my-love-1597319456-LKJy8hF5Id.jpg
Happi,"Mangoo, bby ivy",House,"House, Epic, Dreamy, energetic, Happy",24 Jul 2020,Regular,https://ncsmusic.s3.eu-west-1.amazonaws.com/tracks/000/000/793/1598275832_alGHoS2Qro_Mangoo---Happi-feat-Baby-IvyNCS-Release.mp3,https://ncsmusic.s3.eu-west-1.amazonaws.com/tracks/000/000/793/100x100/happi-1597410025-yoEZsvmqzg.jpg
Time To Talk,"Time To Talk, Georgia Michel",Electronic,"Electronic, Happy, Euphoric, energetic, Epic, Glamorous, Dreamy",23 Jul 2020,Regular,https://ncsmusic.s3.eu-west-1.amazonaws.com/tracks/000/000/797/time-to-talk-1597410054-dssjaYHyXz.mp3,https://ncsmusic.s3.eu-west-1.amazonaws.com/tracks/000/000/797/100x100/time-to-talk-1597410052-d1tzYXJewK.jpg
Your Body,Nomra,House,"House, Epic, Dreamy, energetic, Happy",21 Jul 2020,Regular,https://ncsmusic.s3.eu-west-1.amazonaws.com/tracks/000/000/786/your-body-1597319453-svpgzEml2p.mp3,https://ncsmusic.s3.eu-west-1.amazonaws.com/tracks/000/000/786/100x100/your-body-1597319451-12ewCo1NTA.jpg
23,Diamond Eyes,Electronic,"Electronic, sad, Epic, Gloomy, Dreamy, Dark, Euphoric",17 Jul 2020,Regular,https://ncsmusic.s3.eu-west-1.amazonaws.com/tracks/000/000/782/23-1597319427-flQ1aOtTBZ.mp3,https://ncsmusic.s3.eu-west-1.amazonaws.com/tracks/000/000/782/100x100/23-1597319424-cVFItFfGku.jpg
Lifelong,Chime,Drum & Bass,"Drum & Bass, energetic, Dreamy, Epic, Happy",16 Jul 2020,Regular,https://ncsmusic.s3.eu-west-1.amazonaws.com/tracks/000/000/785/lifelong-1597319447-QxgwEf2XXi.mp3,https://ncsmusic.s3.eu-west-1.amazonaws.com/tracks/000/000/785/100x100/lifelong-1597319444-bKKbyGj7fX.jpg
Shining,Jonas Wang,Electronic,"Electronic, Epic, Dreamy, energetic, Happy",14 Jul 2020,Regular,https://ncsmusic.s3.eu-west-1.amazonaws.com/tracks/000/000/799/shining-1597410069-2SskssCp7X.mp3,https://ncsmusic.s3.eu-west-1.amazonaws.com/tracks/000/000/799/100x100/shining-1597410066-CygjoNiaj6.jpg
Breakdown,"Xaia, Rain Man, Oly",Melodic Dubstep,"Melodic Dubstep, Happy, Euphoric, energetic, Epic, Glamorous, Dreamy",9 Jul 2020,Regular,https://ncsmusic.s3.eu-west-1.amazonaws.com/tracks/000/000/800/breakdown-1597410072-Lg0WqOcvjC.mp3,https://ncsmusic.s3.eu-west-1.amazonaws.com/tracks/000/000/800/100x100/1597411937_rasBDI1UPE_Artwork.jpg
All I Wanna,GALLIUM,Electronic,"Electronic, Restless, Dark, Gloomy, Epic",7 Jul 2020,"Regular, Instrumental",https://ncsmusic.s3.eu-west-1.amazonaws.com/tracks/000/000/783/all-i-wanna-1597319433-YC4XEm6xAi.mp3,https://ncsmusic.s3.eu-west-1.amazonaws.com/tracks/000/000/783/100x100/all-i-wanna-1597319430-cAJbeF0IVr.jpg
Daylight,"Riell, WOLFHOWL, Heuse",Electronic,"Electronic, Dark, energetic, Angry, Gloomy, Epic",3 Jul 2020,Regular,https://ncsmusic.s3.eu-west-1.amazonaws.com/tracks/000/000/784/daylight-1597319442-S7ddnQoEXF.mp3,https://ncsmusic.s3.eu-west-1.amazonaws.com/tracks/000/000/784/100x100/daylight-1597319439-9LWcs1KdV2.jpg
Demons,Teyeq,Future House,"Future House, Epic, Euphoric, Dreamy, Glamorous",2 Jul 2020,"Regular, Instrumental",https://ncsmusic.s3.eu-west-1.amazonaws.com/tracks/000/000/798/demons-1597410060-KqKgnKO1Lg.mp3,https://ncsmusic.s3.eu-west-1.amazonaws.com/tracks/000/000/798/100x100/demons-1597410057-UUbgDw20Kd.jpg
Better Off,"Slashtaq, Wanden",Trap,"Trap, Restless, Dark, Gloomy, Epic",30 Jun 2020,"Regular, Instrumental",https://ncsmusic.s3.eu-west-1.amazonaws.com/tracks/000/000/780/better-off-1597319410-vHK5QNbOt2.mp3,https://ncsmusic.s3.eu-west-1.amazonaws.com/tracks/000/000/780/100x100/better-off-1597319407-v2nEgrhXkb.jpg
Fall With Me,Jim Yosef,Electronic,"Electronic, Happy, Hopeful, Euphoric, energetic, Quirky",26 Jun 2020,"Regular, Instrumental",https://ncsmusic.s3.eu-west-1.amazonaws.com/tracks/000/000/779/fall-with-me-1597319401-CwjCMymrBF.mp3,https://ncsmusic.s3.eu-west-1.amazonaws.com/tracks/000/000/779/100x100/fall-with-me-1597319398-roaOWP2Ooo.jpg
Crash Test Dummy,Dark Heart,Electronic,"Electronic, Quirky, Restless, energetic, Suspense",25 Jun 2020,"Regular, Instrumental",https://ncsmusic.s3.eu-west-1.amazonaws.com/tracks/000/000/778/crash-test-dummy-1597319391-WeQ11l8uOu.mp3,https://ncsmusic.s3.eu-west-1.amazonaws.com/tracks/000/000/778/100x100/crash-test-dummy-1597319389-o2l24eOPDi.jpg
Fire,"Brook Xiao, Rachel Horter",Electronic,"Electronic, Happy, Euphoric, energetic, Epic, Glamorous, Dreamy",23 Jun 2020,"Regular, Instrumental",https://ncsmusic.s3.eu-west-1.amazonaws.com/tracks/000/000/801/fire-1597410078-LHcuujUC2r.mp3,https://ncsmusic.s3.eu-west-1.amazonaws.com/tracks/000/000/801/100x100/fire-1597410076-lRRvh2BhTP.jpg
Freefall,Arlow,Drum & Bass,"Drum & Bass, energetic, Epic, romantic, Sexy, Suspense",19 Jun 2020,"Regular, Instrumental",,https://ncsmusic.s3.eu-west-1.amazonaws.com/tracks/000/000/777/100x100/freefall-1597319382-M8A3g6YOR2.jpg
Howling (Charlie Lane Remix),"Cartoon, Asena, Charlie Lane, Jéja",Electronic,"Electronic, Happy, Euphoric, energetic, Epic",19 Jun 2020,"Regular, Instrumental",https://ncsmusic.s3.eu-west-1.amazonaws.com/tracks/000/000/795/howling-1597410039-5WqgXfgcgJ.mp3,https://ncsmusic.s3.eu-west-1.amazonaws.com/tracks/000/000/795/100x100/1705340504_GhlbYP8NHC_2024---CARTOON-JEYJA---Howling-ft.-Asena-Charlie-Lane-Remix.jpg
Walk Away,Facading,Electronic,"Electronic, Restless, Epic, Gloomy, energetic",18 Jun 2020,"Regular, Instrumental",https://ncsmusic.s3.eu-west-1.amazonaws.com/tracks/000/000/802/walk-away-1597410088-fnT5ysnc2b.mp3,https://ncsmusic.s3.eu-west-1.amazonaws.com/tracks/000/000/802/100x100/walk-away-1597410085-eFreYSMc5h.jpg
Holding On,BH,Melodic Dubstep,"Melodic Dubstep, Epic, Euphoric, Dreamy, Glamorous",16 Jun 2020,Regular,https://ncsmusic.s3.eu-west-1.amazonaws.com/tracks/000/000/776/holding-on-1597319378-2V5uk42hH4.mp3,https://ncsmusic.s3.eu-west-1.amazonaws.com/tracks/000/000/776/100x100/holding-on-1597319376-BHgRokc05T.jpg
Erase,"RudeLies, Clarx",Future House,"Future House, Happy, Hopeful, Euphoric, energetic, Quirky",12 Jun 2020,Regular,https://ncsmusic.s3.eu-west-1.amazonaws.com/tracks/000/000/803/erase-1597410097-jU2zzm138E.mp3,https://ncsmusic.s3.eu-west-1.amazonaws.com/tracks/000/000/803/100x100/erase-1597410094-YvWBF9aUHD.jpg
Spirits Say,"Heuse, Caravn",Trap,"Trap, Restless, Epic, Gloomy, energetic",11 Jun 2020,Regular,https://ncsmusic.s3.eu-west-1.amazonaws.com/tracks/000/000/804/spirits-say-1597410103-Teo4X1oqdF.mp3,https://ncsmusic.s3.eu-west-1.amazonaws.com/tracks/000/000/804/100x100/spirits-say-1597410100-FFjbrkhXys.jpg
Collapse,Jonth,Future House,"Future House, Dark, energetic, Angry, Gloomy, Epic",9 Jun 2020,Regular,https://ncsmusic.s3.eu-west-1.amazonaws.com/tracks/000/000/806/collapse-1597410114-FMYVu1D7Sz.mp3,https://ncsmusic.s3.eu-west-1.amazonaws.com/tracks/000/000/806/100x100/collapse-1597410112-oXahznR0FX.jpg
Money,Clarx,Future House,"Future House, Angry, energetic, Quirky, Epic",5 Jun 2020,Regular,https://ncsmusic.s3.eu-west-1.amazonaws.com/tracks/000/000/805/money-1597410108-ROWOYR1mJ6.mp3,https://ncsmusic.s3.eu-west-1.amazonaws.com/tracks/000/000/805/100x100/money-1597410106-xZz094tVOE.jpg
Interstellar,"Danyka Nadeau, Au5",Dubstep,"Dubstep, Epic, Dreamy, Hopeful, Euphoric",4 Jun 2020,Regular,https://ncsmusic.s3.eu-west-1.amazonaws.com/tracks/000/000/775/interstellar-1597319372-CoXTwfGXFv.mp3,https://ncsmusic.s3.eu-west-1.amazonaws.com/tracks/000/000/775/100x100/interstellar-1597319370-QljP68x01U.jpg
TOKYO 2099,Stereotype,Electronic,"Electronic, Quirky, energetic, Epic, Restless",2 Jun 2020,Regular,https://ncsmusic.s3.eu-west-1.amazonaws.com/tracks/000/000/774/tokyo-2099-1597319367-xqAlZPGjGz.mp3,https://ncsmusic.s3.eu-west-1.amazonaws.com/tracks/000/000/774/100x100/tokyo-2099-1597319364-7ziPtysNb5.jpg
Cool,"Magnus, Alessia Labate, Unread",House,"House, Sexy, energetic, Happy, romantic, Euphoric",29 May 2020,Regular,https://ncsmusic.s3.eu-west-1.amazonaws.com/tracks/000/000/807/cool-1597410120-qH1uUFzHON.mp3,https://ncsmusic.s3.eu-west-1.amazonaws.com/tracks/000/000/807/100x100/cool-1597410117-tM7qN1CPg1.jpg
Living With Regret,"Shiah Maisel, ROY KNOX",Drumstep,"Drumstep, Euphoric, Dreamy, Epic, Quirky",28 May 2020,Regular,https://ncsmusic.s3.eu-west-1.amazonaws.com/tracks/000/000/773/living-with-regret-1597319360-Fudp4hjCHK.mp3,https://ncsmusic.s3.eu-west-1.amazonaws.com/tracks/000/000/773/100x100/living-with-regret-1597319358-RCthrHpS8v.jpg
Pull Me Down,Teyeq,Future House,"Future House, Dark, energetic, Angry, Gloomy, Epic",26 May 2020,"Regular, Instrumental",https://ncsmusic.s3.eu-west-1.amazonaws.com/tracks/000/000/772/pull-me-down-1597319352-ta4RiFd1oA.mp3,https://ncsmusic.s3.eu-west-1.amazonaws.com/tracks/000/000/772/100x100/pull-me-down-1597319349-YvdoMdowJY.jpg
Let You Go,Jim Yosef,House,"House, Epic, Euphoric, energetic, Happy, Dreamy",22 May 2020,"Regular, Instrumental",https://ncsmusic.s3.eu-west-1.amazonaws.com/tracks/000/000/771/let-you-go-1597319343-tbcbrEyVUE.mp3,https://ncsmusic.s3.eu-west-1.amazonaws.com/tracks/000/000/771/100x100/let-you-go-1597319340-HLnmjrXqbC.jpg
Howling (Andromedik Remix),"Asena, Cartoon, Jéja",Drum & Bass,"Drum & Bass, Epic, Euphoric, energetic, Happy",21 May 2020,Regular,https://ncsmusic.s3.eu-west-1.amazonaws.com/tracks/000/000/781/howling-1597319420-UjfTH4Oz58.mp3,https://ncsmusic.s3.eu-west-1.amazonaws.com/tracks/000/000/781/100x100/1705340543_AIGAMoaxWu_2024---CARTOON-JEYJA---Howling-ft.-Asena-Andromedik-Remix.jpg
Alibi,"Heleen, Distrion",Future House,"Future House, Dark, Angry, Restless, energetic",19 May 2020,"Regular, Instrumental",https://ncsmusic.s3.eu-west-1.amazonaws.com/tracks/000/000/770/alibi-1597319334-njreuddE6E.mp3,https://ncsmusic.s3.eu-west-1.amazonaws.com/tracks/000/000/770/100x100/alibi-1597319331-OqucLosE14.jpg
GET UP,"TOKYO MACHINE, Guy Arthur",Electronic,"Electronic, Happy, Hopeful, Euphoric, Laid Back, energetic",15 May 2020,Regular,https://ncsmusic.s3.eu-west-1.amazonaws.com/tracks/000/000/769/get-up-1597319328-JLgtc4xDQi.mp3,https://ncsmusic.s3.eu-west-1.amazonaws.com/tracks/000/000/769/100x100/get-up-1597319325-spTAZ2mB5Q.jpg
They Watchin Me,"Aleksei, Will Wells, Leat'eq, ELEX",Trap,"Trap, Dark, Angry, Restless, Gloomy",14 May 2020,"Regular, Instrumental",https://ncsmusic.s3.eu-west-1.amazonaws.com/tracks/000/000/768/1727865335_mxVrr19q1Q_Leateq--Aleksei--ELEX---They-Watchin-Me-NCS-Release.mp3,https://ncsmusic.s3.eu-west-1.amazonaws.com/tracks/000/000/768/100x100/they-watchin-me-1597319318-J8LNSUGaZY.jpg
Eternal,"Caravn, Marin Hoxha",House,"House, Happy, Hopeful, Euphoric, Laid Back",12 May 2020,Regular,,https://ncsmusic.s3.eu-west-1.amazonaws.com/tracks/000/000/767/100x100/eternal-1597319315-Df7XXICCd1.jpg
Ain't Nobody Perfect,"Um41K, Aeden",Melodic Dubstep,"Melodic Dubstep, Happy, Hopeful, Euphoric, Laid Back",8 May 2020,Regular,https://ncsmusic.s3.eu-west-1.amazonaws.com/tracks/000/000/766/aint-nobody-perfect-1597319312-TQG00NVxR4.mp3,https://ncsmusic.s3.eu-west-1.amazonaws.com/tracks/000/000/766/100x100/aint-nobody-perfect-1597319309-xMNis7IeQz.jpg
Razor,More Plastic,Dubstep,"Dubstep, Dark, Angry, Restless, energetic",7 May 2020,Regular,https://ncsmusic.s3.eu-west-1.amazonaws.com/tracks/000/000/765/razor-1597319306-oqWe5Pw1BA.mp3,https://ncsmusic.s3.eu-west-1.amazonaws.com/tracks/000/000/765/100x100/razor-1597319304-pvQT6vdmVJ.jpg
Find You,Tinoma,Trap,"Trap, energetic, Epic, Hopeful, Sexy",5 May 2020,Regular,https://ncsmusic.s3.eu-west-1.amazonaws.com/tracks/000/000/764/find-you-1597319300-d0xDJuQBjh.mp3,https://ncsmusic.s3.eu-west-1.amazonaws.com/tracks/000/000/764/100x100/find-you-1597319298-WOsY8ryUCx.jpg
Castle,"Harddope, Clarx",House,"House, Happy, Hopeful, Euphoric, energetic",1 May 2020,Regular,https://ncsmusic.s3.eu-west-1.amazonaws.com/tracks/000/000/763/castle-1597319295-f1p1q7Gwp8.mp3,https://ncsmusic.s3.eu-west-1.amazonaws.com/tracks/000/000/763/100x100/castle-1597319292-UOflPT1pDy.jpg
Where'd You Go,"Luna Lark, Julius Dreisig",Chill,"Chill, Epic, Euphoric, energetic, Dreamy, Happy",30 Apr 2020,Regular,https://ncsmusic.s3.eu-west-1.amazonaws.com/tracks/000/000/762/whered-you-go-1597319289-bxkvg3b8Bd.mp3,https://ncsmusic.s3.eu-west-1.amazonaws.com/tracks/000/000/762/100x100/whered-you-go-1597319287-Z00ekMVwqu.jpg
Can't Let You Go,"Florenza, Rameses B",Electronic,"Electronic, Epic, Euphoric, energetic, Dreamy, Happy",28 Apr 2020,Regular,https://ncsmusic.s3.eu-west-1.amazonaws.com/tracks/000/000/761/cant-let-you-go-1597319283-GrgWsJlxpO.mp3,https://ncsmusic.s3.eu-west-1.amazonaws.com/tracks/000/000/761/100x100/cant-let-you-go-1597319281-WwGKdgynGT.jpg
I'm Here,"Disfigure, HYLO",Electronic,"Electronic, energetic, Epic, Sexy, Euphoric",24 Apr 2020,Regular,https://ncsmusic.s3.eu-west-1.amazonaws.com/tracks/000/000/760/im-here-1597319278-z8iRZG4igr.mp3,https://ncsmusic.s3.eu-west-1.amazonaws.com/tracks/000/000/760/100x100/im-here-1597319275-A3ddDFypFz.jpg
Bring me back to life,"DNAKM, InfiNoise",Melodic Dubstep,"Melodic Dubstep, Epic, Dreamy, Euphoric, Hopeful",23 Apr 2020,Regular,https://ncsmusic.s3.eu-west-1.amazonaws.com/tracks/000/000/759/bring-me-back-to-life-1597319271-xdRmGnGAlx.mp3,https://ncsmusic.s3.eu-west-1.amazonaws.com/tracks/000/000/759/100x100/bring-me-back-to-life-1597319269-Fttuc3Zfti.jpg
Heavenly,Cream Blade,Drum & Bass,"Drum & Bass, energetic, Epic, Hopeful, Sexy, Euphoric",21 Apr 2020,"Regular, Instrumental",https://ncsmusic.s3.eu-west-1.amazonaws.com/tracks/000/000/758/heavenly-1597319262-n5h4JECZ1Z.mp3,https://ncsmusic.s3.eu-west-1.amazonaws.com/tracks/000/000/758/100x100/heavenly-1597319260-eCqYgsohTF.jpg
Closer,"TITUS, Guy Arthur, Todd Helder",Trap,"Trap, Restless, Epic, Gloomy, energetic",17 Apr 2020,Regular,https://ncsmusic.s3.eu-west-1.amazonaws.com/tracks/000/000/757/closer-1597319256-Ww5iJjxOjW.mp3,https://ncsmusic.s3.eu-west-1.amazonaws.com/tracks/000/000/757/100x100/closer-1597319254-bSa7P0kKzW.jpg
Army,"Neoni, Arcando, Besomorph",Trap,"Trap, energetic, Gloomy, Angry, Restless",16 Apr 2020,Regular,https://ncsmusic.s3.eu-west-1.amazonaws.com/tracks/000/000/756/army-1597319251-ObmDuwWdiZ.mp3,https://ncsmusic.s3.eu-west-1.amazonaws.com/tracks/000/000/756/100x100/army-1597319248-sSh63D8GDi.jpg
Colorblind,"Halvorsen, Netrum",Electronic,"Electronic, Dreamy, Happy, Hopeful, Euphoric, energetic",14 Apr 2020,"Regular, Instrumental",https://ncsmusic.s3.eu-west-1.amazonaws.com/tracks/000/000/755/colorblind-1597319241-W1NW0PaYjR.mp3,https://ncsmusic.s3.eu-west-1.amazonaws.com/tracks/000/000/755/100x100/colorblind-1597319238-CDIF1Xzq7F.jpg
Sun Goes Down,"ROY KNOX, Jim Yosef",Dubstep,"Dubstep, Dreamy, Happy, Hopeful, Euphoric",10 Apr 2020,"Regular, Instrumental",https://ncsmusic.s3.eu-west-1.amazonaws.com/tracks/000/000/754/sun-goes-down-1597319232-W7UYbdhijy.mp3,https://ncsmusic.s3.eu-west-1.amazonaws.com/tracks/000/000/754/100x100/sun-goes-down-1597319229-4z2sOdWwaa.jpg
Be Around,Blooom,Electronic,"Electronic, Epic, Euphoric, energetic, Dreamy, Sexy",9 Apr 2020,Regular,https://ncsmusic.s3.eu-west-1.amazonaws.com/tracks/000/000/753/be-around-1597319226-BFfG4Q1aPy.mp3,https://ncsmusic.s3.eu-west-1.amazonaws.com/tracks/000/000/753/100x100/be-around-1597319223-ae5mOzmsBU.jpg
Shimmer,Audioscribe,Drum & Bass,"Drum & Bass, Epic, Euphoric, energetic, Dreamy, Happy",7 Apr 2020,Regular,https://ncsmusic.s3.eu-west-1.amazonaws.com/tracks/000/000/752/shimmer-1597319220-pwrh5eLjOB.mp3,https://ncsmusic.s3.eu-west-1.amazonaws.com/tracks/000/000/752/100x100/shimmer-1597319216-ayFIv1IEOp.jpg
Live A Lie,"Andreas Stone, Egzod, Rival",Electronic,"Electronic, Dark, energetic, Angry, Gloomy, Epic",3 Apr 2020,"Regular, Instrumental",https://ncsmusic.s3.eu-west-1.amazonaws.com/tracks/000/000/751/live-a-lie-1597319210-n69QuhSdG2.mp3,https://ncsmusic.s3.eu-west-1.amazonaws.com/tracks/000/000/751/100x100/live-a-lie-1597319207-WXBnxzjsts.jpg
Power,More Plastic,Dubstep,"Dubstep, energetic, Gloomy, Angry, Restless",2 Apr 2020,Regular,https://ncsmusic.s3.eu-west-1.amazonaws.com/tracks/000/000/750/1707482433_T2FDmJaOSi_More-Plastic---Power.mp3,https://ncsmusic.s3.eu-west-1.amazonaws.com/tracks/000/000/750/100x100/power-1597319202-c2yPz0Whu9.jpg
Power Up,Razihel,Dubstep,"Dubstep, Dark, Angry, Gloomy, Restless",31 Mar 2020,Regular,https://ncsmusic.s3.eu-west-1.amazonaws.com/tracks/000/000/749/power-up-1597319199-gAPKl6uCNy.mp3,https://ncsmusic.s3.eu-west-1.amazonaws.com/tracks/000/000/749/100x100/power-up-1597319196-NL15wxheVa.jpg
Howling,"Asena, Cartoon, Jéja",Electronic,"Electronic, Epic, Euphoric, energetic, Dreamy, Happy",27 Mar 2020,"Regular, Instrumental",https://ncsmusic.s3.eu-west-1.amazonaws.com/tracks/000/000/748/howling-1597319189-KXv1flDqeL.mp3,https://ncsmusic.s3.eu-west-1.amazonaws.com/tracks/000/000/748/100x100/1705340568_sGcaX5hjn2_2024---CARTOON-JEYJA---Howling-ft.-Asena.jpg
Feel So Lucky,Arlow,House,"House, Epic, Euphoric, energetic, Dreamy, Happy",26 Mar 2020,"Regular, Instrumental",https://ncsmusic.s3.eu-west-1.amazonaws.com/tracks/000/000/747/feel-so-lucky-1597319180-QUzlQYMrQw.mp3,https://ncsmusic.s3.eu-west-1.amazonaws.com/tracks/000/000/747/100x100/feel-so-lucky-1597319177-4EVUok4Q9B.jpg
Memories,Domastic,Future House,"Future House, energetic, Gloomy, Angry, Restless",24 Mar 2020,"Regular, Instrumental",https://ncsmusic.s3.eu-west-1.amazonaws.com/tracks/000/000/746/memories-1597319172-q5wnjWGFBN.mp3,https://ncsmusic.s3.eu-west-1.amazonaws.com/tracks/000/000/746/100x100/memories-1597319169-zKvQsVwsU1.jpg
Lonely,"Nara, 2 Souls",Trap,"Trap, Epic, Euphoric, energetic, Dreamy",20 Mar 2020,Regular,https://ncsmusic.s3.eu-west-1.amazonaws.com/tracks/000/000/745/lonely-1597319166-q7YKNXQ4MV.mp3,https://ncsmusic.s3.eu-west-1.amazonaws.com/tracks/000/000/745/100x100/lonely-1597319163-BzPfc59fd6.jpg
51,THYKIER,Future House,"Future House, Dark, energetic, Angry, Gloomy",19 Mar 2020,Regular,,https://ncsmusic.s3.eu-west-1.amazonaws.com/tracks/000/000/808/100x100/51-1597410122-6qErGLSFlx.jpg
THE LIMIT,THYKIER,Future House,"Future House, energetic, Gloomy, Angry, Restless",19 Mar 2020,Regular,https://ncsmusic.s3.eu-west-1.amazonaws.com/tracks/000/000/809/the-limit-1597410128-88jrt2n0EK.mp3,https://ncsmusic.s3.eu-west-1.amazonaws.com/tracks/000/000/809/100x100/the-limit-1597410125-Sz6ySRApvY.jpg
INTENSIFY,THYKIER,Future House,"Future House, Dark, energetic, Angry, Gloomy",19 Mar 2020,"Regular, Instrumental",https://ncsmusic.s3.eu-west-1.amazonaws.com/tracks/000/000/744/intensify-1597319157-cjpmJHRcsY.mp3,https://ncsmusic.s3.eu-west-1.amazonaws.com/tracks/000/000/744/100x100/intensify-1597319154-R8kh7CnkKT.jpg
Real Love,"Acejax, Levianth",Trap,"Trap, Angry, Dark, energetic, Epic",17 Mar 2020,"Regular, Instrumental",https://ncsmusic.s3.eu-west-1.amazonaws.com/tracks/000/000/743/real-love-1597319148-iBTlaCkCHQ.mp3,https://ncsmusic.s3.eu-west-1.amazonaws.com/tracks/000/000/743/100x100/real-love-1597319146-kQNLDGvzn0.jpg
Stockholm Lights,Diviners,House,"House, Epic, Euphoric, energetic, Dreamy, Happy",13 Mar 2020,Regular,https://ncsmusic.s3.eu-west-1.amazonaws.com/tracks/000/000/742/stockholm-lights-1597319143-LRfti3Yvtd.mp3,https://ncsmusic.s3.eu-west-1.amazonaws.com/tracks/000/000/742/100x100/stockholm-lights-1597319140-yPdZJ7Ys47.jpg
Without You,Ascence,Electronic,"Electronic, Epic, Euphoric, energetic, Dreamy",12 Mar 2020,"Regular, Instrumental",https://ncsmusic.s3.eu-west-1.amazonaws.com/tracks/000/000/741/without-you-1597319134-tKUFsonUxj.mp3,https://ncsmusic.s3.eu-west-1.amazonaws.com/tracks/000/000/741/100x100/without-you-1597319132-1naAJtV1o2.jpg
Jellyfish Party,Mountkid,Trap,"Trap, Restless, energetic, Gloomy, Quirky",10 Mar 2020,Regular,https://ncsmusic.s3.eu-west-1.amazonaws.com/tracks/000/000/740/jellyfish-party-1597319123-9VGBgK6ILp.,https://ncsmusic.s3.eu-west-1.amazonaws.com/tracks/000/000/740/100x100/jellyfish-party-1597319121-VpKKiAkgdM.jpg
To The Back,"Purple Velvet Curtains, Dirty Palm",Future House,"Future House, Epic, Euphoric, energetic, Gloomy, Dark",6 Mar 2020,Regular,https://ncsmusic.s3.eu-west-1.amazonaws.com/tracks/000/000/739/to-the-back-1597318979-6bqu1K93VR.mp3,https://ncsmusic.s3.eu-west-1.amazonaws.com/tracks/000/000/739/100x100/to-the-back-1597318976-lLYJvTWWA5.jpg
You,"Brenton Mattheus, Mendum",Electronic,"Electronic, Laid Back, Glamorous, Happy, Hopeful",5 Mar 2020,Regular,https://ncsmusic.s3.eu-west-1.amazonaws.com/tracks/000/000/738/you-1597318973-LQVbnFTP5Q.mp3,https://ncsmusic.s3.eu-west-1.amazonaws.com/tracks/000/000/738/100x100/you-1597318971-UBrIgD5PhU.jpg
Better Days,"Titus1, MIDNIGHT CVLT",Future House,"Future House, Epic, Euphoric, energetic, Dreamy",3 Mar 2020,Regular,https://ncsmusic.s3.eu-west-1.amazonaws.com/tracks/000/000/737/better-days-1597318967-TcNDlbnyPm.mp3,https://ncsmusic.s3.eu-west-1.amazonaws.com/tracks/000/000/737/100x100/better-days-1597318965-zvsGUNgVwo.jpg
Champion,More Plastic,Dubstep,"Dubstep, Dark, energetic, Angry, Gloomy",28 Feb 2020,Regular,https://ncsmusic.s3.eu-west-1.amazonaws.com/tracks/000/000/735/champion-1597318959-A7zbjqQK51.mp3,https://ncsmusic.s3.eu-west-1.amazonaws.com/tracks/000/000/735/100x100/champion-1597318956-dNRrw4MQNU.jpg
Illuminati,Fareoh,Trap,"Trap, Restless, energetic, Gloomy, Quirky",27 Feb 2020,Regular,https://ncsmusic.s3.eu-west-1.amazonaws.com/tracks/000/000/734/illuminati-1597318954-IXYKpYCP8M.mp3,https://ncsmusic.s3.eu-west-1.amazonaws.com/tracks/000/000/734/100x100/illuminati-1597318951-q7CA0vkuHm.jpg
I Feel Crazy,"Joellé, Aeden",Future House,"Future House, Epic, Euphoric, energetic, Dreamy",25 Feb 2020,Regular,https://ncsmusic.s3.eu-west-1.amazonaws.com/tracks/000/000/733/i-feel-crazy-1597318948-1nYN1da4Kc.mp3,https://ncsmusic.s3.eu-west-1.amazonaws.com/tracks/000/000/733/100x100/i-feel-crazy-1597318945-NfRKMS55uQ.jpg
Shadows (Feat. Svniivan),"Svniivan, WTCHOUT, ROY KNOX",Drumstep,"Drumstep, Restless, energetic, Gloomy, Quirky",22 Feb 2020,Regular,https://ncsmusic.s3.eu-west-1.amazonaws.com/tracks/000/000/732/shadows-feat-svniivan-1597318941-YzXfacbeZI.mp3,https://ncsmusic.s3.eu-west-1.amazonaws.com/tracks/000/000/732/100x100/shadows-feat-svniivan-1597318939-rZ6Ew1PX51.jpg
Illusion,Max Brhon,Electronic,"Electronic, Dark, Epic, Fear, Gloomy, Angry",20 Feb 2020,Regular,https://ncsmusic.s3.eu-west-1.amazonaws.com/tracks/000/000/731/illusion-1597318935-W4CqZgCYOA.mp3,https://ncsmusic.s3.eu-west-1.amazonaws.com/tracks/000/000/731/100x100/illusion-1597318933-vZjReOHtv6.jpg
Sorry (I Had To Leave),Olly Walker,Future House,"Future House, Epic, Euphoric, energetic, Gloomy, Dark",18 Feb 2020,Regular,https://ncsmusic.s3.eu-west-1.amazonaws.com/tracks/000/000/730/sorry-i-had-to-leave-1597318929-Wh6XhvxEaL.mp3,https://ncsmusic.s3.eu-west-1.amazonaws.com/tracks/000/000/730/100x100/sorry-i-had-to-leave-1597318926-uR1Bo6KmUJ.jpg
LOVE ME,"Annie Sollange, Jonny Koch",Electronic,"Electronic, romantic, Sexy, Happy, Hopeful",14 Feb 2020,Regular,https://ncsmusic.s3.eu-west-1.amazonaws.com/tracks/000/000/729/love-me-1597318923-V1T3Bke9yO.mp3,https://ncsmusic.s3.eu-west-1.amazonaws.com/tracks/000/000/729/100x100/love-me-1597318921-t2xNIaU9GA.jpg
The Labyrinth,NIVIRO,Electronic,"Electronic, Epic, Euphoric, energetic, Dreamy",13 Feb 2020,"Regular, Instrumental",https://ncsmusic.s3.eu-west-1.amazonaws.com/tracks/000/000/728/the-labyrinth-1597318916-XxAIRKEuKI.mp3,https://ncsmusic.s3.eu-west-1.amazonaws.com/tracks/000/000/728/100x100/the-labyrinth-1597318913-cYwKBJ2Mkn.jpg
Save Myself (feat. xo sad),"Mendum, xo sad",Melodic Dubstep,"Melodic Dubstep, Epic, energetic, Dreamy, Dark, Gloomy",11 Feb 2020,Regular,https://ncsmusic.s3.eu-west-1.amazonaws.com/tracks/000/000/727/save-myself-feat-xo-sad-1597318910-GImq3L7dkF.mp3,https://ncsmusic.s3.eu-west-1.amazonaws.com/tracks/000/000/727/100x100/save-myself-feat-xo-sad-1597318907-FGW6EzD7Jm.jpg
"One, Two","Distrion, RudeLies",Future House,"Future House, Restless, energetic, Gloomy, Quirky",8 Feb 2020,Regular,https://ncsmusic.s3.eu-west-1.amazonaws.com/tracks/000/000/726/one-two-1597318904-MPBVgKS0cL.mp3,https://ncsmusic.s3.eu-west-1.amazonaws.com/tracks/000/000/726/100x100/one-two-1597318901-pSWb3h8HLK.jpg
THE LIMIT,THYKIER,Future House,"Future House, energetic, Gloomy, Angry, Restless",6 Feb 2020,"Regular, Instrumental",https://ncsmusic.s3.eu-west-1.amazonaws.com/tracks/000/000/725/the-limit-1597318895-RotrMYzmv7.mp3,https://ncsmusic.s3.eu-west-1.amazonaws.com/tracks/000/000/725/100x100/the-limit-1597318892-30Z8CCLUYt.jpg
Ber Zer Ker (Rob Gasser Remix),"Rob Gasser, WATEVA",Drum & Bass,"Drum & Bass, energetic, Gloomy, Angry, Restless",6 Feb 2020,Regular,https://ncsmusic.s3.eu-west-1.amazonaws.com/tracks/000/000/736/1730978800_4P1zzjb8Ni_WATEVA---Ber-Zer-Ker-Rob-Gasser-Remix-NCS-Release.mp3,https://ncsmusic.s3.eu-west-1.amazonaws.com/tracks/000/000/736/100x100/ber-zer-ker-rob-gasser-remix-1597318962-P3eEI6q3ZZ.jpg
Can't Escape,"The Brig, MIDNIGHT CVLT",Future House,"Future House, energetic, Dark, Gloomy, Angry, Restless",4 Feb 2020,Regular,https://ncsmusic.s3.eu-west-1.amazonaws.com/tracks/000/000/724/cant-escape-1597318889-ZOuHdiQYv6.mp3,https://ncsmusic.s3.eu-west-1.amazonaws.com/tracks/000/000/724/100x100/cant-escape-1597318886-RfO0i6Rass.jpg
Pray That You'll Be Dead To Me,"Barren Gates, Jon Becker",Trap,"Trap, Dark, Gloomy, Fear, sad, scary",30 Jan 2020,Regular,https://ncsmusic.s3.eu-west-1.amazonaws.com/tracks/000/000/723/pray-that-youll-be-dead-to-me-1586961258-jfB2xW1748.mp3,https://ncsmusic.s3.eu-west-1.amazonaws.com/tracks/000/000/723/100x100/pray-that-youll-be-dead-to-me-1586961253-NGodQTYbc8.jpg
Never Get Old,Steve Hartz,Indie,"Indie Dance, Epic, Euphoric, energetic, Dreamy",28 Jan 2020,"Regular, Instrumental",https://ncsmusic.s3.eu-west-1.amazonaws.com/tracks/000/000/722/never-get-old-1586961225-buvUtNR8LJ.mp3,https://ncsmusic.s3.eu-west-1.amazonaws.com/tracks/000/000/722/100x100/never-get-old-1586961220-0HpLrERBZZ.jpg
one more time (feat. Devonte),Simon Says!,"Electronic, Indie","Electronic, Indie Dance, Laid Back, Glamorous, Happy, Hopeful",25 Jan 2020,Regular,https://ncsmusic.s3.eu-west-1.amazonaws.com/tracks/000/000/721/one-more-time-feat-devonte-1586961203-FNQGRjJFG1.mp3,https://ncsmusic.s3.eu-west-1.amazonaws.com/tracks/000/000/721/100x100/one-more-time-feat-devonte-1586961195-EU7dbsYH3U.jpg
How We Do It (ft. Marvin Divine),"Hoober, Axol",Trap,"Trap, Restless, energetic, Gloomy, Quirky",23 Jan 2020,Regular,https://ncsmusic.s3.eu-west-1.amazonaws.com/tracks/000/000/720/how-we-do-it-ft-marvin-divine-1586961185-sapnkYewDw.mp3,https://ncsmusic.s3.eu-west-1.amazonaws.com/tracks/000/000/720/100x100/how-we-do-it-ft-marvin-divine-1586961181-SIzhQA8pC2.jpg
Come Through (feat. Ari G),Le Malls,Trap,"Trap, Dark, Gloomy, Fear, sad, scary",21 Jan 2020,Regular,https://ncsmusic.s3.eu-west-1.amazonaws.com/tracks/000/000/719/come-through-feat-ari-g-1586961171-EI5Yw3WwEP.mp3,https://ncsmusic.s3.eu-west-1.amazonaws.com/tracks/000/000/719/100x100/come-through-feat-ari-g-1586961168-EfKTRnDaCw.jpg
Gravity,Diamond Eyes,Melodic Dubstep,"Melodic Dubstep, Dark, Gloomy, Fear, scary, energetic, sad, Hopeful",18 Jan 2020,"Regular, Instrumental",https://ncsmusic.s3.eu-west-1.amazonaws.com/tracks/000/000/718/gravity-1586961149-lFOtk847F9.mp3,https://ncsmusic.s3.eu-west-1.amazonaws.com/tracks/000/000/718/100x100/gravity-1586961146-mR9WwH8BJf.jpg
You Are,"Dark Point, Alex Holmes",Electronic,"Electronic, Angry, Dark, Restless, Quirky, Sexy",16 Jan 2020,Regular,https://ncsmusic.s3.eu-west-1.amazonaws.com/tracks/000/000/717/you-are-1586961136-VNgwJFrylW.mp3,https://ncsmusic.s3.eu-west-1.amazonaws.com/tracks/000/000/717/100x100/you-are-1586961134-jRO8xDYFTx.jpg
Ride Or Die,Anixto,Future House,"Future House, energetic, Dark, Gloomy, Angry, Restless",14 Jan 2020,Regular,https://ncsmusic.s3.eu-west-1.amazonaws.com/tracks/000/000/716/ride-or-die-1586961123-Kk6MYl54Xj.mp3,https://ncsmusic.s3.eu-west-1.amazonaws.com/tracks/000/000/716/100x100/ride-or-die-1586961119-KHCHojUbR5.jpg
A Stranger's Dead,"Paul Flint, Cadmium",Dubstep,"Dubstep, Dark, Gloomy, Fear, sad, scary, Restless",11 Jan 2020,"Regular, Instrumental",https://ncsmusic.s3.eu-west-1.amazonaws.com/tracks/000/000/715/a-strangers-dead-1586961082-lqIH48hZjU.mp3,https://ncsmusic.s3.eu-west-1.amazonaws.com/tracks/000/000/715/100x100/a-strangers-dead-1586961077-WPCs8pguk8.jpg
Burn Me Down,Sekai,Electronic,"Electronic, Dark, Gloomy, Fear, sad, scary, Restless",9 Jan 2020,Regular,https://ncsmusic.s3.eu-west-1.amazonaws.com/tracks/000/000/714/burn-me-down-1586961066-xQ6FYcQQfZ.mp3,https://ncsmusic.s3.eu-west-1.amazonaws.com/tracks/000/000/714/100x100/burn-me-down-1586961062-NniQsQ7zC0.jpg
SHE,Andromedik,Electronic,"Electronic, Quirky, Happy, energetic, Euphoric, Hopeful",7 Jan 2020,"Regular, Instrumental",https://ncsmusic.s3.eu-west-1.amazonaws.com/tracks/000/000/713/she-1586961043-ycpKxVlufZ.mp3,https://ncsmusic.s3.eu-west-1.amazonaws.com/tracks/000/000/713/100x100/she-1586961039-jAivtRXivy.jpg
Blue Eyed Demon,ROY KNOX,Melodic Dubstep,"Melodic Dubstep, Angry, Dark, Restless, Quirky",4 Jan 2020,"Regular, Instrumental",https://ncsmusic.s3.eu-west-1.amazonaws.com/tracks/000/000/712/blue-eyed-demon-1586961027-ZzH8DvQV10.mp3,https://ncsmusic.s3.eu-west-1.amazonaws.com/tracks/000/000/712/100x100/blue-eyed-demon-1586961025-ff7JzX48Rr.jpg
Hyperdrive,Kozah,Electronic,"Electronic, Epic, Euphoric, energetic, Dreamy",2 Jan 2020,Regular,https://ncsmusic.s3.eu-west-1.amazonaws.com/tracks/000/000/711/hyperdrive-1586961009-bMLuDtYRI1.mp3,https://ncsmusic.s3.eu-west-1.amazonaws.com/tracks/000/000/711/100x100/hyperdrive-1586961004-rtqXzKo8Ak.jpg
Más Y Más,"Cartoon, Jéja, Daniel Levi",Electronic,"Electronic, Happy, romantic, relaxed, Dreamy, Euphoric, Epic",31 Dec 2019,Regular,https://ncsmusic.s3.eu-west-1.amazonaws.com/tracks/000/000/707/mas-y-mas-1586960824-GsD6dk7dUy.mp3,https://ncsmusic.s3.eu-west-1.amazonaws.com/tracks/000/000/707/100x100/1705340598_6wMCd3HN6M_2024---CARTOON-JEYJA---MaYs-Y-MaYs-ft.-Daniel-Levi.jpg
What I Want,JPB,Trap,"Trap, Epic, Dreamy, Glamorous, Hopeful, romantic, Sexy",27 Dec 2019,Regular,https://ncsmusic.s3.eu-west-1.amazonaws.com/tracks/000/000/706/what-i-want-1586960801-oY4lzcGySW.mp3,https://ncsmusic.s3.eu-west-1.amazonaws.com/tracks/000/000/706/100x100/what-i-want-1586960788-oCqEqc1qJm.jpg
Keep Going,Syn Cole,House,"House, Quirky, Laid Back, Hopeful, Mysterious",25 Dec 2019,Regular,https://ncsmusic.s3.eu-west-1.amazonaws.com/tracks/000/000/705/keep-going-1586960772-Px8YNOmg1H.mp3,https://ncsmusic.s3.eu-west-1.amazonaws.com/tracks/000/000/705/100x100/keep-going-1586960765-4s30tZv9rh.jpg
The Future,Max Brhon,Electronic,"Electronic, Dark, Gloomy, Fear, sad, scary, Restless, energetic, Suspense",23 Dec 2019,Regular,https://ncsmusic.s3.eu-west-1.amazonaws.com/tracks/000/000/709/the-future-1586960970-P1Y9LvISmn.mp3,https://ncsmusic.s3.eu-west-1.amazonaws.com/tracks/000/000/709/100x100/the-future-1586960962-tuNEIRDBXA.jpg
Lights Turn Out,"Max Landry, Zeus X Crona",Chill,"Chill, Angry, Dark, Restless, Quirky",20 Dec 2019,Regular,https://ncsmusic.s3.eu-west-1.amazonaws.com/tracks/000/000/704/lights-turn-out-1586960751-VxnJQySOst.mp3,https://ncsmusic.s3.eu-west-1.amazonaws.com/tracks/000/000/704/100x100/lights-turn-out-1586960742-nCbLtleV5b.jpg
Summoning,More Plastic,Dubstep,"Dubstep, Dark, Gloomy, Fear, sad, scary, Restless, energetic, Suspense",20 Dec 2019,Regular,https://ncsmusic.s3.eu-west-1.amazonaws.com/tracks/000/000/710/summoning-1586960990-v4hEqzZMvJ.mp3,https://ncsmusic.s3.eu-west-1.amazonaws.com/tracks/000/000/710/100x100/summoning-1586960985-S6L6SoqOap.jpg
CTRL Z,Halvorsen,Indie,"Indie Dance, energetic, romantic, Happy, Hopeful, Euphoric",19 Dec 2019,"Regular, Instrumental",https://ncsmusic.s3.eu-west-1.amazonaws.com/tracks/000/000/703/ctrl-z-1586960609-EX9x5ddgWH.mp3,https://ncsmusic.s3.eu-west-1.amazonaws.com/tracks/000/000/703/100x100/ctrl-z-1586960605-aGXnLPiHEt.jpg
Hollow Life,"Ratfoot, Tritan",Electronic,"Electronic, Epic, Euphoric, energetic, Dreamy",17 Dec 2019,Regular,https://ncsmusic.s3.eu-west-1.amazonaws.com/tracks/000/000/702/hollow-life-1586960591-XSwYf4JekN.mp3,https://ncsmusic.s3.eu-west-1.amazonaws.com/tracks/000/000/702/100x100/hollow-life-1586960587-rSi8Bxsgwc.jpg
Don't Want U Back,"Whogaux, ÉWN, Johnning",Electronic,"Electronic, Laid Back, Peaceful, Happy, Euphoric, Restless",13 Dec 2019,Regular,https://ncsmusic.s3.eu-west-1.amazonaws.com/tracks/000/000/701/dont-want-u-back-1586960577-nily2wFTC3.mp3,https://ncsmusic.s3.eu-west-1.amazonaws.com/tracks/000/000/701/100x100/dont-want-u-back-1586960570-KWXqlKONtb.jpg
Be Gone,"Caravn, Rival",Electronic,"Electronic, Dark, Gloomy, Fear, sad, scary, Restless, energetic, Suspense",12 Dec 2019,Regular,,https://ncsmusic.s3.eu-west-1.amazonaws.com/tracks/000/000/700/100x100/be-gone-1586960560-5revfXOJfN.jpg
Everyday,"Ashley Apollodor, Beatcore",Melodic Dubstep,"Melodic Dubstep, Epic, Dreamy, Glamorous, Hopeful, romantic",10 Dec 2019,"Regular, Instrumental",https://ncsmusic.s3.eu-west-1.amazonaws.com/tracks/000/000/699/everyday-1586960534-yFdltahwSU.mp3,https://ncsmusic.s3.eu-west-1.amazonaws.com/tracks/000/000/699/100x100/everyday-1586960515-k9G5R1aRu9.jpg
Save Me,"Svniivan, Tim Beeren, ROY KNOX",Electronic,"Electronic, Epic, Dreamy, Glamorous, Hopeful",6 Dec 2019,"Regular, Instrumental",https://ncsmusic.s3.eu-west-1.amazonaws.com/tracks/000/000/698/save-me-1586960411-cgXN0yxeRA.wav,https://ncsmusic.s3.eu-west-1.amazonaws.com/tracks/000/000/698/100x100/save-me-1586960404-LYYKaJ1mDR.jpg
Chance On Faith,"Uplink, Heather Sommer",Electronic,"Electronic, Laid Back, Glamorous, Happy, Hopeful",5 Dec 2019,Regular,https://ncsmusic.s3.eu-west-1.amazonaws.com/tracks/000/000/697/1698243347_SYbnP6of3O_Heather-Sommer--Uplink---Chance-On-Faith-NCS-Release.mp3,https://ncsmusic.s3.eu-west-1.amazonaws.com/tracks/000/000/697/100x100/1698243347_xDuWBsr0o0_Artwork.jpg
After The Storm,3rd Prototype,House,"House, Epic, Euphoric, energetic, Dreamy",3 Dec 2019,"Regular, Instrumental",https://ncsmusic.s3.eu-west-1.amazonaws.com/tracks/000/000/696/after-the-storm-1586960116-HsZOHlRBLW.wav,https://ncsmusic.s3.eu-west-1.amazonaws.com/tracks/000/000/696/100x100/after-the-storm-1586960107-wqsAxHzJC5.jpg
New Style,Droptek,Bass,"Bass, Dark, Gloomy, Fear, sad, scary",29 Nov 2019,Regular,https://ncsmusic.s3.eu-west-1.amazonaws.com/tracks/000/000/691/new-style-1586959962-Qyaa8hmvgv.mp3,https://ncsmusic.s3.eu-west-1.amazonaws.com/tracks/000/000/691/100x100/new-style-1586959956-pTXtBw9yzO.jpg
Lose Me Too,Zeus X Crona,Chill,"Chill, Laid Back, Peaceful, Happy, Euphoric",29 Nov 2019,Regular,https://ncsmusic.s3.eu-west-1.amazonaws.com/tracks/000/000/695/lose-me-too-1586960092-sEkftU4A3D.mp3,https://ncsmusic.s3.eu-west-1.amazonaws.com/tracks/000/000/695/100x100/lose-me-too-1586960087-3xk316L5w0.jpg
Unrequited (feat. Holly Drummond),"Holly Drummond, Midranger",Drum & Bass,"Drum & Bass, Epic, Dreamy, Glamorous, Hopeful",27 Nov 2019,"Regular, Instrumental",https://ncsmusic.s3.eu-west-1.amazonaws.com/tracks/000/000/690/unrequited-feat-holly-drummond-1586959930-ncoXCNNLXF.mp3,https://ncsmusic.s3.eu-west-1.amazonaws.com/tracks/000/000/690/100x100/unrequited-feat-holly-drummond-1586959923-9ihYA2tsrR.jpg
Miracle (feat. Daimy Lotus),"Daimy Lotus, LaCrème, Kovan",House,"House, Epic, Dreamy, Glamorous, Hopeful",22 Nov 2019,"Regular, Instrumental",https://ncsmusic.s3.eu-west-1.amazonaws.com/tracks/000/000/689/miracle-feat-daimy-lotus-1586959897-TV0iQfNSvh.mp3,https://ncsmusic.s3.eu-west-1.amazonaws.com/tracks/000/000/689/100x100/miracle-feat-daimy-lotus-1586959893-giwcGcGSI1.jpg
Home Soon,"Micah Martin, Convex",Electronic,"Electronic, Dark, Gloomy, Restless, sad",20 Nov 2019,"Regular, Instrumental",https://ncsmusic.s3.eu-west-1.amazonaws.com/tracks/000/000/688/home-soon-1586959865-tGrwB27bHY.mp3,https://ncsmusic.s3.eu-west-1.amazonaws.com/tracks/000/000/688/100x100/home-soon-1586959861-SewP2Wbyk1.jpg
Bit By Bit,"Hayve, The Arcturians",Dubstep,"Dubstep, Dark, Gloomy, Fear, sad, scary",15 Nov 2019,"Regular, Instrumental",https://ncsmusic.s3.eu-west-1.amazonaws.com/tracks/000/000/687/bit-by-bit-1586959835-S2ByfVBYSW.mp3,https://ncsmusic.s3.eu-west-1.amazonaws.com/tracks/000/000/687/100x100/bit-by-bit-1586959831-cNAJmzGiIH.jpg
I Wish,ROY KNOX,Drumstep,"Drumstep, romantic, Dreamy, energetic, Happy, Epic, Euphoric",13 Nov 2019,"Regular, Instrumental",https://ncsmusic.s3.eu-west-1.amazonaws.com/tracks/000/000/686/i-wish-1586959812-RLyGpytSp7.mp3,https://ncsmusic.s3.eu-west-1.amazonaws.com/tracks/000/000/686/100x100/i-wish-1586959805-vrbKe2PgSg.jpg
Say Goodbye,"Marvin Divine, Unknown Brain",Electronic,"Electronic, sad, romantic, Angry, Sexy, Gloomy",8 Nov 2019,"Regular, Instrumental",,https://ncsmusic.s3.eu-west-1.amazonaws.com/tracks/000/000/685/100x100/say-goodbye-1586959775-mSn0OJaHY3.jpg
Where We Started (feat. Jex),"Lost Sky, Jex",Bass,"Bass, Epic, Dreamy, Glamorous, Hopeful",7 Nov 2019,"Regular, Instrumental",https://ncsmusic.s3.eu-west-1.amazonaws.com/tracks/000/000/671/where-we-started-feat-jex-1586959343-ugPNLDQsMI.mp3,https://ncsmusic.s3.eu-west-1.amazonaws.com/tracks/000/000/671/100x100/where-we-started-feat-jex-1586959339-BqrS2PV0TI.jpg
dR3ÄMS,"ARZĘ, XØ SELF",Drum & Bass,"Drum & Bass, Epic, Euphoric, energetic, Dreamy",5 Nov 2019,Regular,https://ncsmusic.s3.eu-west-1.amazonaws.com/tracks/000/000/684/dr3ams-1586959765-cWPhqubXOy.mp3,https://ncsmusic.s3.eu-west-1.amazonaws.com/tracks/000/000/684/100x100/1718029007_vUb2MXmx6c_Dreams.jpg
VOLT,Modern Revolt,Electronic,"Electronic, energetic, Dark, Restless, Gloomy",1 Nov 2019,"Regular, Instrumental",https://ncsmusic.s3.eu-west-1.amazonaws.com/tracks/000/001/691/volt-1717686061-CxpILI4foa.mp3,https://ncsmusic.s3.eu-west-1.amazonaws.com/tracks/000/001/691/100x100/volt-1717686057-hJiQNuZyiW.jpg
Sunlight (Feat. Nilka),InfiNoise,Melodic Dubstep,"Melodic Dubstep, Laid Back, Peaceful, Euphoric, Dreamy, romantic, Sexy",1 Nov 2019,Regular,https://ncsmusic.s3.eu-west-1.amazonaws.com/tracks/000/000/682/sunlight-feat-nilka-1586959658-h3WeKKTFla.mp3,https://ncsmusic.s3.eu-west-1.amazonaws.com/tracks/000/000/682/100x100/sunlight-feat-nilka-1586959645-NTXO0MHgDq.jpg
WAVY,Modern Revolt,Electronic,"Electronic, energetic, Dark, Restless, Gloomy",1 Nov 2019,"Regular, Instrumental",https://ncsmusic.s3.eu-west-1.amazonaws.com/tracks/000/000/692/wavy-1586959989-P3CMG4kUar.mp3,https://ncsmusic.s3.eu-west-1.amazonaws.com/tracks/000/000/692/100x100/wavy-1586959972-Q3pB2zZLmv.jpg
BURY,Modern Revolt,Electronic,"Electronic, energetic, Dark, Restless, Gloomy",1 Nov 2019,"Regular, Instrumental",https://ncsmusic.s3.eu-west-1.amazonaws.com/tracks/000/000/693/bury-1586960032-4HJFR5kuR9.mp3,https://ncsmusic.s3.eu-west-1.amazonaws.com/tracks/000/000/693/100x100/bury-1586960016-kvHtcUbPro.jpg
Voices In My Head,NIVIRO,Electronic,"Electronic, Dark, Epic, Restless, scary",31 Oct 2019,"Regular, Instrumental",https://ncsmusic.s3.eu-west-1.amazonaws.com/tracks/000/000/708/1707131637_SkFtdekKDj_NIVIRO---Voices-In-My-Head-NCS-Release.mp3,https://ncsmusic.s3.eu-west-1.amazonaws.com/tracks/000/000/708/100x100/voices-in-my-head-1586960844-zK7JB4hmCq.jpg
That Night,"Austin Salter, Heuse",Trap,"Trap, Restless, Gloomy, Dark, Mysterious, Laid Back",29 Oct 2019,"Regular, Instrumental",https://ncsmusic.s3.eu-west-1.amazonaws.com/tracks/000/000/680/that-night-1586959612-OH90Xu2yQR.mp3,https://ncsmusic.s3.eu-west-1.amazonaws.com/tracks/000/000/680/100x100/that-night-1586959606-k3qpHKQyoO.jpg
Warriors,"M.I.M.E, Requenze, Asketa & Natan Chaim",Trap,"Trap, Angry, Restless, energetic, Epic",25 Oct 2019,"Regular, Instrumental",https://ncsmusic.s3.eu-west-1.amazonaws.com/tracks/000/000/678/warriors-1586959528-zBiPnxnT1H.mp3,https://ncsmusic.s3.eu-west-1.amazonaws.com/tracks/000/000/678/100x100/warriors-1586959525-1tlSmiJpwe.jpg
My Love,"MELO.KIDS, Emdi",Future House,"Future House, Dark, Epic, Restless, scary",23 Oct 2019,"Regular, Instrumental",https://ncsmusic.s3.eu-west-1.amazonaws.com/tracks/000/000/677/my-love-1586959510-iWE5nNhSFS.mp3,https://ncsmusic.s3.eu-west-1.amazonaws.com/tracks/000/000/677/100x100/my-love-1586959502-jUvKRYAUEd.jpg
LOCA,Modern Revolt,Future House,"Future House, Dark, Epic, Restless, scary",18 Oct 2019,"Regular, Instrumental",https://ncsmusic.s3.eu-west-1.amazonaws.com/tracks/000/000/679/loca-1586959584-phzZCxS1nH.mp3,https://ncsmusic.s3.eu-west-1.amazonaws.com/tracks/000/000/679/100x100/1719480506_VV89wxFrO3_IWANTYOUTOLISTEN_EP.jpg
Fairytale (feat. Amanda Collis),Culture Code,Electronic,"Electronic, Laid Back, Peaceful, Euphoric, Dreamy",16 Oct 2019,"Regular, Instrumental",https://ncsmusic.s3.eu-west-1.amazonaws.com/tracks/000/000/675/fairytale-feat-amanda-collis-1586959444-ADKuquWiGU.mp3,https://ncsmusic.s3.eu-west-1.amazonaws.com/tracks/000/000/675/100x100/fairytale-feat-amanda-collis-1586959440-AYN5C2Mk5c.jpg
VOLT,Modern Revolt,Bass,"Bass, energetic, Dark, Restless, Gloomy",11 Oct 2019,"Regular, Instrumental",https://ncsmusic.s3.eu-west-1.amazonaws.com/tracks/000/000/676/volt-1586959481-7oo0fw99Vt.mp3,https://ncsmusic.s3.eu-west-1.amazonaws.com/tracks/000/000/676/100x100/volt-1586959457-zDcTmbdEOq.png
In Your Head (feat. Micah Martin),"Micah Martin, CADMIUM, Rival",Bass,"Bass, Dark, Epic, Restless, scary",9 Oct 2019,"Regular, Instrumental",https://ncsmusic.s3.eu-west-1.amazonaws.com/tracks/000/000/674/in-your-head-feat-micah-martin-1586959419-ajviHk1S52.mp3,https://ncsmusic.s3.eu-west-1.amazonaws.com/tracks/000/000/674/100x100/1718028961_U9N50QYj3x_RIVALandCADMIUM_InYourHead_Artwork-1x1.jpg
Earthquake,ROY KNOX,Drumstep,"Drumstep, energetic, Dark, Restless, Weird",4 Oct 2019,"Regular, Instrumental",https://ncsmusic.s3.eu-west-1.amazonaws.com/tracks/000/000/673/earthquake-1586959388-ZJD7cikj7R.mp3,https://ncsmusic.s3.eu-west-1.amazonaws.com/tracks/000/000/673/100x100/earthquake-1586959384-yybJawYpzx.jpg
Over The Sun,Coopex,Chill,"Chill, Laid Back, Peaceful, Euphoric, Dreamy",2 Oct 2019,Regular,https://ncsmusic.s3.eu-west-1.amazonaws.com/tracks/000/000/672/over-the-sun-1586959370-f3I2cdvAGG.mp3,https://ncsmusic.s3.eu-west-1.amazonaws.com/tracks/000/000/672/100x100/over-the-sun-1586959366-YEhdIuUC8M.jpg
Find You,"Nytrix, Mynerva",Dubstep,"Dubstep, Epic, Dreamy, Euphoric, romantic",27 Sep 2019,Regular,https://ncsmusic.s3.eu-west-1.amazonaws.com/tracks/000/000/681/find-you-1586959624-GAy1B4Z6vZ.mp3,https://ncsmusic.s3.eu-west-1.amazonaws.com/tracks/000/000/681/100x100/find-you-1586959620-5m2A6BdST5.jpg
Headstrong (feat. Mikey Ceaser & Akacia),"HYLO, Mikey Ceaser, AKACIA",Trap,"Trap, Epic, Dark, Suspense, Gloomy",25 Sep 2019,"Regular, Instrumental",https://ncsmusic.s3.eu-west-1.amazonaws.com/tracks/000/000/670/headstrong-feat-mikey-ceaser-akacia-1586959312-amoIXgYXho.mp3,https://ncsmusic.s3.eu-west-1.amazonaws.com/tracks/000/000/670/100x100/headstrong-feat-mikey-ceaser-akacia-1586959307-cdFCudNhME.jpg
Time For Polka,NIVIRO,Hardstyle,"Hardstyle, Weird, Quirky, energetic, Euphoric",20 Sep 2019,"Regular, Instrumental",https://ncsmusic.s3.eu-west-1.amazonaws.com/tracks/000/000/669/time-for-polka-1586959278-fTYdMzzg9g.mp3,https://ncsmusic.s3.eu-west-1.amazonaws.com/tracks/000/000/669/100x100/time-for-polka-1586959275-u6aYY5qBvn.jpg
How Do You Know,Arlow,Trap,"Trap, Mysterious, Epic, romantic, Sexy",18 Sep 2019,"Regular, Instrumental",https://ncsmusic.s3.eu-west-1.amazonaws.com/tracks/000/000/668/how-do-you-know-1586959253-pvN9RY1tfa.mp3,https://ncsmusic.s3.eu-west-1.amazonaws.com/tracks/000/000/668/100x100/how-do-you-know-1586959249-7hSa4arVWv.jpg
Shining,ROY KNOX,Melodic Dubstep,"Melodic Dubstep, energetic, romantic, Happy, Hopeful, Euphoric",13 Sep 2019,"Regular, Instrumental",https://ncsmusic.s3.eu-west-1.amazonaws.com/tracks/000/000/667/shining-1586959228-WAGLJ1UKAd.mp3,https://ncsmusic.s3.eu-west-1.amazonaws.com/tracks/000/000/667/100x100/shining-1586959224-PYwT3JWJG0.jpg
Echoes,"Domastic, Anna Yvette",Future House,"Future House, energetic, Dark, Fear, Restless",11 Sep 2019,"Regular, Instrumental",https://ncsmusic.s3.eu-west-1.amazonaws.com/tracks/000/000/666/echoes-1586959202-hFwlqlYNLk.mp3,https://ncsmusic.s3.eu-west-1.amazonaws.com/tracks/000/000/666/100x100/echoes-1586959199-6ko9gfQfyb.jpg
Blue,3rd Prototype,Future House,"Future House, romantic, Dreamy, Quirky, energetic, Happy",6 Sep 2019,"Regular, Instrumental",https://ncsmusic.s3.eu-west-1.amazonaws.com/tracks/000/000/665/blue-1586959180-WpaSv2M5am.mp3,https://ncsmusic.s3.eu-west-1.amazonaws.com/tracks/000/000/665/100x100/blue-1586959177-DBBAlkIJOC.jpg
Hurts Like This (feat. Veronica Bravo),"Emdi, Veronica Bravo",House,"House, Sexy, energetic, romantic, Euphoric",4 Sep 2019,"Regular, Instrumental",https://ncsmusic.s3.eu-west-1.amazonaws.com/tracks/000/000/664/hurts-like-this-feat-veronica-bravo-1586959159-sPyXHZHNUW.mp3,https://ncsmusic.s3.eu-west-1.amazonaws.com/tracks/000/000/664/100x100/hurts-like-this-feat-veronica-bravo-1586959156-zgTznHt7rj.jpg
Cyberpunk,Max Brhon,Electronic,"Electronic, Dark, Gloomy, Fear, Restless",30 Aug 2019,Regular,https://ncsmusic.s3.eu-west-1.amazonaws.com/tracks/000/000/663/cyberpunk-1586959144-J5GmO5vACa.mp3,https://ncsmusic.s3.eu-west-1.amazonaws.com/tracks/000/000/663/100x100/cyberpunk-1586959141-5lrIRE7rGT.jpg
I Miss You,Coopex,Trap,"Trap, Sexy, romantic, sad, Mysterious",28 Aug 2019,Regular,https://ncsmusic.s3.eu-west-1.amazonaws.com/tracks/000/000/662/i-miss-you-1586959131-2VJuni81r6.mp3,https://ncsmusic.s3.eu-west-1.amazonaws.com/tracks/000/000/662/100x100/i-miss-you-1586959126-dUpZqUeYc1.jpg
About You,Ascence,Trap,"Trap, Dark, energetic, Gloomy, Restless",23 Aug 2019,Regular,https://ncsmusic.s3.eu-west-1.amazonaws.com/tracks/000/000/661/about-you-1586959114-JPJUURoYiX.mp3,https://ncsmusic.s3.eu-west-1.amazonaws.com/tracks/000/000/661/100x100/about-you-1586959110-vRNRM8uqct.jpg
Breathe Me In,ROY KNOX,Electronic,"Electronic, Glamorous, energetic, romantic, Sexy",21 Aug 2019,"Regular, Instrumental",https://ncsmusic.s3.eu-west-1.amazonaws.com/tracks/000/000/660/breathe-me-in-1586959093-V6I9CooZQM.mp3,https://ncsmusic.s3.eu-west-1.amazonaws.com/tracks/000/000/660/100x100/breathe-me-in-1586959089-OvZqNSf8NB.jpg
Down,RudeLies,Future House,"Future House, Dark, Gloomy, Fear, Restless",16 Aug 2019,"Regular, Instrumental",https://ncsmusic.s3.eu-west-1.amazonaws.com/tracks/000/000/659/down-1586959065-XXBNwG4XOY.mp3,https://ncsmusic.s3.eu-west-1.amazonaws.com/tracks/000/000/659/100x100/down-1586959061-sadIai2tU5.jpg
Renegade (feat. Harley Bird & Valentina Franco),"3rd Prototype, Harley Bird, Valentina Franco",Future House,"Future House, Happy, Hopeful, energetic, Euphoric",14 Aug 2019,"Regular, Instrumental",https://ncsmusic.s3.eu-west-1.amazonaws.com/tracks/000/000/658/renegade-feat-harley-bird-valentina-franco-1586959035-hZ4FNCil7T.mp3,https://ncsmusic.s3.eu-west-1.amazonaws.com/tracks/000/000/658/100x100/renegade-feat-harley-bird-valentina-franco-1586959032-n0HMAAI2CJ.jpg
Gizmo,Syn Cole,House,"House, Dreamy, Happy, Hopeful, Euphoric",9 Aug 2019,Regular,https://ncsmusic.s3.eu-west-1.amazonaws.com/tracks/000/000/657/gizmo-1586959024-eBIqYIobHl.mp3,https://ncsmusic.s3.eu-west-1.amazonaws.com/tracks/000/000/657/100x100/gizmo-1586959020-o4EhgvhhyG.jpg
Be Gone (feat. Caravn),"Rival, Caravn",Trap,"Trap, Dark, Gloomy, Fear, Restless",7 Aug 2019,"Regular, Instrumental",https://ncsmusic.s3.eu-west-1.amazonaws.com/tracks/000/000/656/be-gone-feat-caravn-1586958996-85km9PVk9m.mp3,https://ncsmusic.s3.eu-west-1.amazonaws.com/tracks/000/000/656/100x100/be-gone-feat-caravn-1586958988-jivFBHAcNa.jpg
New Beginning,"Ludwiig, Sk-Hall",House,"House, Dreamy, Happy, Hopeful, Euphoric",2 Aug 2019,"Regular, Instrumental",https://ncsmusic.s3.eu-west-1.amazonaws.com/tracks/000/000/655/new-beginning-1586958974-bo6LNcnsBd.mp3,https://ncsmusic.s3.eu-west-1.amazonaws.com/tracks/000/000/655/100x100/new-beginning-1586958971-tKGkd3Z7ml.jpg
Rampage Diet,Spirix,Electronic,"Electronic, Quirky, Dark, Gloomy, Weird, Mysterious",31 Jul 2019,Regular,https://ncsmusic.s3.eu-west-1.amazonaws.com/tracks/000/000/654/rampage-diet-1586958959-ANKyLPGw4q.mp3,https://ncsmusic.s3.eu-west-1.amazonaws.com/tracks/000/000/654/100x100/rampage-diet-1586958954-4rjdtQGDLR.jpg
Burning Bridges,"Beatcore, Ashley Apollodor",Melodic Dubstep,"Melodic Dubstep, Dreamy, Epic, Dark, Quirky",26 Jul 2019,"Regular, Instrumental",https://ncsmusic.s3.eu-west-1.amazonaws.com/tracks/000/000/653/burning-bridges-1586958923-raIiuddvZA.mp3,https://ncsmusic.s3.eu-west-1.amazonaws.com/tracks/000/000/653/100x100/burning-bridges-1586958918-wrnKm3WwkO.jpg
Red Line,Anna Yvette,Chill,"Chill, energetic, Epic, Glamorous, Happy",24 Jul 2019,Regular,https://ncsmusic.s3.eu-west-1.amazonaws.com/tracks/000/000/652/red-line-1586958912-sdkTWUMTUV.mp3,https://ncsmusic.s3.eu-west-1.amazonaws.com/tracks/000/000/652/100x100/red-line-1586958906-VkiDtzVNyx.jpg
Devil,Barren Gates,Trap,"Trap, Gloomy, Dark, scary, Fear, Mysterious",19 Jul 2019,"Regular, Instrumental",https://ncsmusic.s3.eu-west-1.amazonaws.com/tracks/000/000/651/devil-1586958887-vAYVJsAwiN.mp3,https://ncsmusic.s3.eu-west-1.amazonaws.com/tracks/000/000/651/100x100/devil-1586958883-oHwiA2yfdj.jpg
Devil (Slowed),Barren Gates,Trap,"Trap, Heavy, Dark, Mysterious, Suspense",19 Jul 2019,Regular,https://ncsmusic.s3.eu-west-1.amazonaws.com/tracks/000/001/761/devil-slowed-1727366470-0FcjJqIIcd.mp3,https://ncsmusic.s3.eu-west-1.amazonaws.com/tracks/000/001/761/100x100/devil-slowed-1727366466-nku8SY3nj4.jpg
Devil (Sped Up),Barren Gates,Trap,"Trap, Heavy, Dark, Mysterious, Suspense",19 Jul 2019,Regular,https://ncsmusic.s3.eu-west-1.amazonaws.com/tracks/000/001/762/devil-sped-up-1727366475-ZURotQw6Vw.mp3,https://ncsmusic.s3.eu-west-1.amazonaws.com/tracks/000/001/762/100x100/devil-sped-up-1727366473-93mLHB3Kav.jpg
Choices,PatrickReza,EDM,"EDM, Quirky, Restless, Weird, energetic",17 Jul 2019,Regular,https://ncsmusic.s3.eu-west-1.amazonaws.com/tracks/000/000/650/choices-1586958878-WqW0qrgS4B.mp3,https://ncsmusic.s3.eu-west-1.amazonaws.com/tracks/000/000/650/100x100/choices-1586958871-L3orF0dLD3.jpg
War Zone (ft. M.I.M.E),"Unknown Brain, M.I.M.E",Bass,"Bass, energetic, Angry, Epic, Gloomy",12 Jul 2019,Regular,https://ncsmusic.s3.eu-west-1.amazonaws.com/tracks/000/000/649/war-zone-ft-mime-1586958862-uOdchVMspI.mp3,https://ncsmusic.s3.eu-west-1.amazonaws.com/tracks/000/000/649/100x100/war-zone-ft-mime-1586958856-RK8C6g2w4R.jpg
Olympus,32Stitches,Trap,"Trap, Dark, Restless, Gloomy, energetic, Suspense, scary",10 Jul 2019,Regular,https://ncsmusic.s3.eu-west-1.amazonaws.com/tracks/000/000/648/olympus-1586958851-jjGqDazcY1.mp3,https://ncsmusic.s3.eu-west-1.amazonaws.com/tracks/000/000/648/100x100/olympus-1586958846-PcWtp2nnhk.jpg
You & Me,"NEZZY, Coopex",Electronic,"Electronic, romantic, Sexy, Peaceful, Laid Back",5 Jul 2019,Regular,https://ncsmusic.s3.eu-west-1.amazonaws.com/tracks/000/000/647/you-me-1586958836-Gorpy3xG9B.mp3,https://ncsmusic.s3.eu-west-1.amazonaws.com/tracks/000/000/647/100x100/you-me-1586958828-trpBx20Mzq.jpg
Places Like That,Ascence,Trap,"Trap, Quirky, Weird, energetic, Restless, Dark",3 Jul 2019,Regular,https://ncsmusic.s3.eu-west-1.amazonaws.com/tracks/000/000/646/places-like-that-1586958819-LFXqizQLRS.mp3,https://ncsmusic.s3.eu-west-1.amazonaws.com/tracks/000/000/646/100x100/places-like-that-1586958814-y3DVI4HMaB.jpg
Lightning Child (feat. Remi Willow),"Raiko, Remi Willow",Drumstep,"Drumstep, Quirky, Weird, energetic, Restless, Happy, Hopeful",28 Jun 2019,"Regular, Instrumental",https://ncsmusic.s3.eu-west-1.amazonaws.com/tracks/000/000/645/lightning-child-feat-remi-willow-1586958795-PkAuZXW753.mp3,https://ncsmusic.s3.eu-west-1.amazonaws.com/tracks/000/000/645/100x100/lightning-child-feat-remi-willow-1586958791-EauMhzjFGH.jpg
Humanity,Max Brhon,Electronic,"Electronic, Gloomy, energetic, Epic, scary, Fear",26 Jun 2019,Regular,https://ncsmusic.s3.eu-west-1.amazonaws.com/tracks/000/000/644/humanity-1586958776-uEXodssClp.mp3,https://ncsmusic.s3.eu-west-1.amazonaws.com/tracks/000/000/644/100x100/humanity-1586958772-d7oI5i4MCq.jpg
Arabian Nights,"RudeLies, Facading",Future House,"Future House, Quirky, Weird, energetic, Restless",21 Jun 2019,"Regular, Instrumental",https://ncsmusic.s3.eu-west-1.amazonaws.com/tracks/000/000/642/arabian-nights-1586958722-eCcnavEltX.mp3,https://ncsmusic.s3.eu-west-1.amazonaws.com/tracks/000/000/642/100x100/arabian-nights-1586958719-gClhplzAfi.jpg
Wild Side (feat. Riell),"Hoober, Riell",Electronic,"Electronic, energetic, Happy, Hopeful, Euphoric",21 Jun 2019,"Regular, Instrumental",https://ncsmusic.s3.eu-west-1.amazonaws.com/tracks/000/000/643/wild-side-feat-riell-1586958751-q3OKPkyUSI.mp3,https://ncsmusic.s3.eu-west-1.amazonaws.com/tracks/000/000/643/100x100/wild-side-feat-riell-1586958746-eZ4wXRmCJA.jpg
Find A Way Out,"Aeden, Harley Bird",Drum & Bass,"Drum & Bass, Hopeful, Happy, Euphoric, energetic",19 Jun 2019,Regular,https://ncsmusic.s3.eu-west-1.amazonaws.com/tracks/000/000/641/find-a-way-out-1586958708-qdYJw9yzWs.mp3,https://ncsmusic.s3.eu-west-1.amazonaws.com/tracks/000/000/641/100x100/find-a-way-out-1586958704-1xqx5Q0vuM.jpg
dead!,WATEVA,Future House,"Future House, Dark, Restless, Gloomy, energetic",14 Jun 2019,Regular,https://ncsmusic.s3.eu-west-1.amazonaws.com/tracks/000/000/640/dead-1586958693-v3jKDAYMI8.mp3,https://ncsmusic.s3.eu-west-1.amazonaws.com/tracks/000/000/640/100x100/dead-1586958689-vFQcj9KysU.jpg
Superhero (feat. Sekai),"Rob Gasser, Sekai",Drum & Bass,"Drum & Bass, romantic, sad, energetic, Epic, Restless",12 Jun 2019,Regular,https://ncsmusic.s3.eu-west-1.amazonaws.com/tracks/000/000/639/superhero-feat-sekai-1586958680-l9Qa6Y1GJf.mp3,https://ncsmusic.s3.eu-west-1.amazonaws.com/tracks/000/000/639/100x100/superhero-feat-sekai-1586958676-oH85tvwZmA.jpg
About Me,"Koven, ROY KNOX",Bass,"Bass, Euphoric, energetic, Epic, romantic, Glamorous",7 Jun 2019,"Regular, Instrumental",https://ncsmusic.s3.eu-west-1.amazonaws.com/tracks/000/000/638/about-me-1586958656-YfIXF3Pscz.,https://ncsmusic.s3.eu-west-1.amazonaws.com/tracks/000/000/638/100x100/about-me-1586958649-X23FRwe76k.jpg
i don't care,Whogaux,Trap,"Trap, sad, Angry, Restless, energetic",5 Jun 2019,"Regular, Instrumental",https://ncsmusic.s3.eu-west-1.amazonaws.com/tracks/000/000/637/i-dont-care-1586958625-8Wqu0t2NWI.mp3,https://ncsmusic.s3.eu-west-1.amazonaws.com/tracks/000/000/637/100x100/i-dont-care-1586958618-8LtcxDe7tV.jpg
RICH,Raven & Kreyn,Future House,"Future House, energetic, Epic, Euphoric, Restless",1 Jun 2019,"Regular, Instrumental",https://ncsmusic.s3.eu-west-1.amazonaws.com/tracks/000/000/636/rich-1586958584-zQwWBIsJ1D.mp3,https://ncsmusic.s3.eu-west-1.amazonaws.com/tracks/000/000/636/100x100/rich-1586958578-Mi5I9kt2yX.jpg
Habits (feat. AKACIA),"AXEN, HYLO",Trap,"Trap, Sexy, romantic, energetic, Epic, Euphoric",30 May 2019,"Regular, Instrumental",https://ncsmusic.s3.eu-west-1.amazonaws.com/tracks/000/000/635/habits-feat-akacia-1586958564-j5nAtVqJVa.mp3,https://ncsmusic.s3.eu-west-1.amazonaws.com/tracks/000/000/635/100x100/habits-feat-akacia-1586958561-CNeS6wZUEt.jpg
Desire,"Blooom, Ghost'n'Ghost",Trap,"Trap, Angry, sad, Dark, Glamorous, Gloomy",28 May 2019,"Regular, Instrumental",https://ncsmusic.s3.eu-west-1.amazonaws.com/tracks/000/000/634/desire-1586958536-ml5Igco6eZ.mp3,https://ncsmusic.s3.eu-west-1.amazonaws.com/tracks/000/000/634/100x100/desire-1586958533-CUJ5eWB7r4.jpg
Redemption (ft. Riell),"Besomorph, Coopex, Riell",Trap,"Trap, Angry, Dark, energetic, Gloomy, sad",24 May 2019,"Regular, Instrumental",https://ncsmusic.s3.eu-west-1.amazonaws.com/tracks/000/000/633/redemption-ft-riell-1586958515-ANrfEQ0iv3.mp3,https://ncsmusic.s3.eu-west-1.amazonaws.com/tracks/000/000/633/100x100/redemption-ft-riell-1586958512-L0c86Vn7d0.jpg
Something Inside,Mark Pettitt,Electronic,"Electronic, Quirky, Weird, Laid Back, Gloomy",23 May 2019,"Regular, Instrumental",https://ncsmusic.s3.eu-west-1.amazonaws.com/tracks/000/000/632/something-inside-1586958492-vdWlkgczRu.mp3,https://ncsmusic.s3.eu-west-1.amazonaws.com/tracks/000/000/632/100x100/something-inside-1586958489-lxziaFz8K7.jpg
Change Your Mind,Cadmium,Melodic Dubstep,"Melodic Dubstep, romantic, sad, Gloomy, Laid Back, Peaceful",21 May 2019,"Regular, Instrumental",https://ncsmusic.s3.eu-west-1.amazonaws.com/tracks/000/000/631/change-your-mind-1586958464-si8ZBVsmE1.mp3,https://ncsmusic.s3.eu-west-1.amazonaws.com/tracks/000/000/631/100x100/change-your-mind-1586958462-SXZMl0UcF3.jpg
Rise Up (ft. Veronica Bravo & M.I.M.E),"Egzod, Veronica Bravo, M.I.M.E",Trap,"Trap, energetic, Angry, Dark, Suspense, Gloomy",17 May 2019,"Regular, Instrumental",https://ncsmusic.s3.eu-west-1.amazonaws.com/tracks/000/000/630/rise-up-ft-veronica-bravo-mime-1586958439-CrmU1RK9QZ.mp3,https://ncsmusic.s3.eu-west-1.amazonaws.com/tracks/000/000/630/100x100/rise-up-ft-veronica-bravo-mime-1586958437-fn78R1qhUm.jpg
Walls (feat. Bryan Finlay),"Rival, Bryan Finlay",Trap,"Trap, sad, romantic, Dark, Gloomy",16 May 2019,"Regular, Instrumental",https://ncsmusic.s3.eu-west-1.amazonaws.com/tracks/000/000/629/walls-feat-bryan-finlay-1586958404-JcdPE8Bf8F.mp3,https://ncsmusic.s3.eu-west-1.amazonaws.com/tracks/000/000/629/100x100/walls-feat-bryan-finlay-1586958402-mMcIovunvw.jpg
Love Of My Life,Vosai,Trap,"Trap, romantic, sad, Dark, Gloomy, Suspense",14 May 2019,"Regular, Instrumental",https://ncsmusic.s3.eu-west-1.amazonaws.com/tracks/000/000/628/love-of-my-life-1586958380-5WEk9mmdIx.mp3,https://ncsmusic.s3.eu-west-1.amazonaws.com/tracks/000/000/628/100x100/love-of-my-life-1586958378-ZWhhttLsHm.jpg
Escape (feat. Rossy),"Diviners, Rossy",Indie,"Indie Dance, Happy, Hopeful, Euphoric, Dreamy, Epic",10 May 2019,"Regular, Instrumental",https://ncsmusic.s3.eu-west-1.amazonaws.com/tracks/000/000/627/escape-feat-rossy-1586958353-KJRJ46vqem.mp3,https://ncsmusic.s3.eu-west-1.amazonaws.com/tracks/000/000/627/100x100/escape-feat-rossy-1586958350-YFW52sKBAM.jpg
Until I Die,"Tom Wilson, joegarratt",Trap,"Trap, Dark, Gloomy, Angry, Restless, sad",9 May 2019,"Regular, Instrumental",https://ncsmusic.s3.eu-west-1.amazonaws.com/tracks/000/000/626/until-i-die-1586958337-swTo7g05av.mp3,https://ncsmusic.s3.eu-west-1.amazonaws.com/tracks/000/000/626/100x100/until-i-die-1586958331-eibwvJLGxh.jpg
Thunder,"Simbai, Eyemèr",Electronic,"Electronic, Dark, Gloomy, Angry, Restless, sad",7 May 2019,"Regular, Instrumental",https://ncsmusic.s3.eu-west-1.amazonaws.com/tracks/000/000/625/thunder-1586958303-pYsm0IknCr.mp3,https://ncsmusic.s3.eu-west-1.amazonaws.com/tracks/000/000/625/100x100/thunder-1586958300-NX3HKgmpmA.jpg
WILDFIRE,"Jim Yosef, Sara Skinner",Electronic,"Electronic, Happy, Hopeful, Euphoric, Dreamy, Epic",3 May 2019,"Regular, Instrumental",https://ncsmusic.s3.eu-west-1.amazonaws.com/tracks/000/000/624/wildfire-1586958278-kxOzWd8BlM.mp3,https://ncsmusic.s3.eu-west-1.amazonaws.com/tracks/000/000/624/100x100/wildfire-1586958272-GHAsCyPDHD.jpg
Stars,Diamond Eyes,Melodic Dubstep,"Melodic Dubstep, Happy, Hopeful, Euphoric, Dreamy, Epic",1 May 2019,"Regular, Instrumental",https://ncsmusic.s3.eu-west-1.amazonaws.com/tracks/000/000/623/stars-1586958238-xjzzzfKdzC.mp3,https://ncsmusic.s3.eu-west-1.amazonaws.com/tracks/000/000/623/100x100/stars-1586958235-ooEHDGJ6vQ.jpg
Perfect 10 (Unknown Brain & RudeLies VIP),"Unknown Brain, Heather Sommer, RudeLies",House,"House, energetic, Happy, Hopeful, Euphoric, Quirky",26 Apr 2019,Regular,https://ncsmusic.s3.eu-west-1.amazonaws.com/tracks/000/000/621/perfect-10-unknown-brain-rudelies-vip-1586958206-ePlpeomqS2.mp3,https://ncsmusic.s3.eu-west-1.amazonaws.com/tracks/000/000/621/100x100/perfect-10-unknown-brain-rudelies-vip-1586958203-hP6JXh7wNg.jpg
Let Your Heartbreak (feat. Leo the Kind),"Emdi, RØGUENETHVN, Leo The Kind",Trap,"Trap, Dark, Gloomy, Angry, Restless, romantic, sad",26 Apr 2019,Regular,https://ncsmusic.s3.eu-west-1.amazonaws.com/tracks/000/000/622/let-your-heartbreak-feat-leo-the-kind-1586958221-6bGtDWzMMj.mp3,https://ncsmusic.s3.eu-west-1.amazonaws.com/tracks/000/000/622/100x100/let-your-heartbreak-feat-leo-the-kind-1586958217-JiaHnqiz6K.jpg
Won't Look Back,"BEAUZ, MOMO",House,"House, Happy, Euphoric, energetic, Hopeful",24 Apr 2019,"Regular, Instrumental",https://ncsmusic.s3.eu-west-1.amazonaws.com/tracks/000/000/620/wont-look-back-1586958184-Yhs3Hn7ZmU.mp3,https://ncsmusic.s3.eu-west-1.amazonaws.com/tracks/000/000/620/100x100/wont-look-back-1586958181-VO1zwzt6pQ.jpg
Go Home,Maduk,Drumstep,"Drumstep, Quirky, Hopeful, romantic, Weird, energetic",19 Apr 2019,"Regular, Instrumental",https://ncsmusic.s3.eu-west-1.amazonaws.com/tracks/000/000/619/go-home-1586958164-D0nIHI9Eeh.mp3,https://ncsmusic.s3.eu-west-1.amazonaws.com/tracks/000/000/619/100x100/go-home-1586958160-PLcROQJ8tX.jpg
Prism,"Summer Was Fun, Laura Brehm",Indie,"Indie Dance, Happy, relaxed, Dreamy, Glamorous, Hopeful",18 Apr 2019,"Regular, Instrumental",https://ncsmusic.s3.eu-west-1.amazonaws.com/tracks/000/000/618/prism-1586958138-Z15yLssLLA.mp3,https://ncsmusic.s3.eu-west-1.amazonaws.com/tracks/000/000/618/100x100/prism-1586958135-30NZD9QWzw.jpg
Slow Down,Barren Gates,Trap,"Trap, Dark, Gloomy, Angry, Restless",16 Apr 2019,"Regular, Instrumental",https://ncsmusic.s3.eu-west-1.amazonaws.com/tracks/000/000/617/slow-down-1586958116-RuBvY0jtP0.mp3,https://ncsmusic.s3.eu-west-1.amazonaws.com/tracks/000/000/617/100x100/slow-down-1586958112-v9egaziVya.jpg
Vision,Lost Sky,Bass,"Bass, Epic, Gloomy, Dark, Weird",12 Apr 2019,Regular,https://ncsmusic.s3.eu-west-1.amazonaws.com/tracks/000/000/616/vision-1586958106-w6RKce6Cz4.mp3,https://ncsmusic.s3.eu-west-1.amazonaws.com/tracks/000/000/616/100x100/vision-1586958102-Zzy5Gf1SKm.jpg
Paranoia,"Whales, ggnoaa",Melodic Dubstep,"Melodic Dubstep, Suspense, scary, Restless, Dark",11 Apr 2019,Regular,https://ncsmusic.s3.eu-west-1.amazonaws.com/tracks/000/000/615/paranoia-1586958089-8VEf2NZ34m.mp3,https://ncsmusic.s3.eu-west-1.amazonaws.com/tracks/000/000/615/100x100/paranoia-1586958086-RoOD4VYuTd.jpg
Revenger,Raiko,Dubstep,"Dubstep, Dark, Gloomy, Angry, Restless",9 Apr 2019,"Regular, Instrumental",https://ncsmusic.s3.eu-west-1.amazonaws.com/tracks/000/000/614/revenger-1586958065-xJCvg1K8vv.mp3,https://ncsmusic.s3.eu-west-1.amazonaws.com/tracks/000/000/614/100x100/1718028924_wI47Fz1NI0_Revenger.jpg
Chasing Ghosts (feat. Max Laundry),"Distrion, Max Landry",House,"House, Happy, Euphoric, energetic, Hopeful",5 Apr 2019,Regular,https://ncsmusic.s3.eu-west-1.amazonaws.com/tracks/000/000/613/chasing-ghosts-feat-max-laundry-1586958049-leuaxRrQ11.mp3,https://ncsmusic.s3.eu-west-1.amazonaws.com/tracks/000/000/613/100x100/chasing-ghosts-feat-max-laundry-1586958046-5Brobj8Tfe.jpg
4U (feat. Jex Jones),"Convex, Jex",Electronic,"Electronic, Quirky, Weird, Laid Back, Peaceful, Happy, romantic",4 Apr 2019,"Regular, Instrumental",https://ncsmusic.s3.eu-west-1.amazonaws.com/tracks/000/000/612/4u-feat-jex-jones-1586958021-nQDsrlRxrI.mp3,https://ncsmusic.s3.eu-west-1.amazonaws.com/tracks/000/000/612/100x100/4u-feat-jex-jones-1586958016-T2hOBLcC2T.jpg
Hollow (feat. Veronica Bravo),"Rob Gasser, Veronica Bravo",Dubstep,"Dubstep, Dark, Gloomy, Angry, Restless, energetic, Suspense, sad",2 Apr 2019,Regular,https://ncsmusic.s3.eu-west-1.amazonaws.com/tracks/000/000/611/hollow-feat-veronica-bravo-1586958004-iu3QJJ1hDt.mp3,https://ncsmusic.s3.eu-west-1.amazonaws.com/tracks/000/000/611/100x100/hollow-feat-veronica-bravo-1586958000-mbTQ8FRWxh.jpg
Game Time,"Debris, Jonth",Future House,"Future House, Dark, Gloomy, Angry, Restless",29 Mar 2019,"Regular, Instrumental",https://ncsmusic.s3.eu-west-1.amazonaws.com/tracks/000/000/610/game-time-1586957982-9QR1xRzMwr.mp3,https://ncsmusic.s3.eu-west-1.amazonaws.com/tracks/000/000/610/100x100/1718028899_hYfhzadbEN_Game-Time.jpg
Khalas,Domastic,Future House,"Future House, Dark, Gloomy, Angry, Restless",27 Mar 2019,Regular,https://ncsmusic.s3.eu-west-1.amazonaws.com/tracks/000/000/609/khalas-1586957975-Uue7PTfNDv.mp3,https://ncsmusic.s3.eu-west-1.amazonaws.com/tracks/000/000/609/100x100/khalas-1586957962-QG5ZJa5JDO.jpg
Turn It Up,Tobu,Trap,"Trap, Dark, Gloomy, Angry, Restless",22 Mar 2019,Regular,https://ncsmusic.s3.eu-west-1.amazonaws.com/tracks/000/000/608/turn-it-up-1586957948-CkpU9quN9T.mp3,https://ncsmusic.s3.eu-west-1.amazonaws.com/tracks/000/000/608/100x100/turn-it-up-1586957935-wvOGSMhyMe.jpg
Shake You Off (feat. Shel Bee),"Maryn, Shel Bee",Indie,"Indie Dance, Happy, Hopeful, romantic, Glamorous, Epic",21 Mar 2019,"Regular, Instrumental",https://ncsmusic.s3.eu-west-1.amazonaws.com/tracks/000/000/607/shake-you-off-feat-shel-bee-1586957909-k15sx0gRMe.mp3,https://ncsmusic.s3.eu-west-1.amazonaws.com/tracks/000/000/607/100x100/shake-you-off-feat-shel-bee-1586957906-EBHBGgTSNn.jpg
Legends,Star Party,Trap,"Trap, Quirky, Weird, Laid Back, Peaceful, Happy",19 Mar 2019,Regular,https://ncsmusic.s3.eu-west-1.amazonaws.com/tracks/000/000/606/legends-1586957901-zmE3DwF1k3.mp3,https://ncsmusic.s3.eu-west-1.amazonaws.com/tracks/000/000/606/100x100/legends-1586957898-mc6vwqmFBR.jpg
Flashes,NIVIRO,House,"House, energetic, Euphoric, Happy, Hopeful",15 Mar 2019,Regular,https://ncsmusic.s3.eu-west-1.amazonaws.com/tracks/000/000/605/flashes-1586957889-njVx7OJzm7.mp3,https://ncsmusic.s3.eu-west-1.amazonaws.com/tracks/000/000/605/100x100/flashes-1586957886-iMWGImvw0Z.jpg
Konnichiwa,Ascence,Trap,"Trap, Quirky, Weird, Laid Back, Peaceful",14 Mar 2019,Regular,https://ncsmusic.s3.eu-west-1.amazonaws.com/tracks/000/000/604/konnichiwa-1586957877-qgQVWCU3ly.mp3,https://ncsmusic.s3.eu-west-1.amazonaws.com/tracks/000/000/604/100x100/konnichiwa-1586957874-pzF89IFaLB.jpg
Ascend,"ElementD, Chris Linton",Hardstyle,"Hardstyle, energetic, Euphoric, Happy, Hopeful",12 Mar 2019,"Regular, Instrumental",https://ncsmusic.s3.eu-west-1.amazonaws.com/tracks/000/000/603/ascend-1586957851-0xmJ9zP7ZS.mp3,https://ncsmusic.s3.eu-west-1.amazonaws.com/tracks/000/000/603/100x100/ascend-1586957848-JKa1ojHknM.jpg
New World,KIRA,House,"House, Dreamy, Euphoric, relaxed, Peaceful, Hopeful, Happy",8 Mar 2019,Regular,https://ncsmusic.s3.eu-west-1.amazonaws.com/tracks/000/000/602/new-world-1586957841-vDajss274P.mp3,https://ncsmusic.s3.eu-west-1.amazonaws.com/tracks/000/000/602/100x100/new-world-1586957839-bDYVFRsCjo.jpg
Modular,"Rob Gasser, Michael White, Miss Lina",House,"House, energetic, Restless, Weird, Dark",7 Mar 2019,Regular,https://ncsmusic.s3.eu-west-1.amazonaws.com/tracks/000/000/601/modular-1586957830-z7Wv2YEfCj.mp3,https://ncsmusic.s3.eu-west-1.amazonaws.com/tracks/000/000/601/100x100/modular-1586957826-QrmMNs8dNJ.jpg
Forgive Me,Futuristik,Future House,"Future House, energetic, Dark, Quirky, Weird, Suspense",5 Mar 2019,Regular,https://ncsmusic.s3.eu-west-1.amazonaws.com/tracks/000/000/600/forgive-me-1586957819-2DbYCUpBi3.mp3,https://ncsmusic.s3.eu-west-1.amazonaws.com/tracks/000/000/600/100x100/forgive-me-1586957815-NXlNfaPvA1.jpg
Moonlight,Jim Yosef,House,"House, Happy, Euphoric, energetic, Hopeful",1 Mar 2019,Regular,https://ncsmusic.s3.eu-west-1.amazonaws.com/tracks/000/000/599/moonlight-1586957805-yqr1SfEEO8.mp3,https://ncsmusic.s3.eu-west-1.amazonaws.com/tracks/000/000/599/100x100/moonlight-1586957800-rfbYWnuBuR.jpg
Endless,Marin Hoxha,Trap,"Trap, Peaceful, relaxed, Quirky, Weird",28 Feb 2019,Regular,https://ncsmusic.s3.eu-west-1.amazonaws.com/tracks/000/000/598/endless-1586957792-gmqOsbLSJB.mp3,https://ncsmusic.s3.eu-west-1.amazonaws.com/tracks/000/000/598/100x100/endless-1586957785-PDzE3xjWTs.jpg
Tomorrow (feat. Harley Bird),"Barren Gates, BEAUZ, Harley Bird",Trap,"Trap, Quirky, Weird, Dark, Fear, Suspense",26 Feb 2019,"Regular, Instrumental",https://ncsmusic.s3.eu-west-1.amazonaws.com/tracks/000/000/597/tomorrow-feat-harley-bird-1586957771-70zJQ8NxXu.mp3,https://ncsmusic.s3.eu-west-1.amazonaws.com/tracks/000/000/597/100x100/tomorrow-feat-harley-bird-1586957762-Y2w9AXiECb.jpg
No Stopping Love,Dirty Palm,Future House,"Future House, energetic, Happy, Restless, Quirky",22 Feb 2019,"Regular, Instrumental",https://ncsmusic.s3.eu-west-1.amazonaws.com/tracks/000/000/595/no-stopping-love-1586957724-I5RudWevUv.mp3,https://ncsmusic.s3.eu-west-1.amazonaws.com/tracks/000/000/595/100x100/1718028856_bPg08rWYdQ_Artwork.jpg
Runaway (Heuse Remix),"Halcyon, Valentina Franco, Heuse",Trap,"Trap, romantic, sad, Dreamy, Dark",22 Feb 2019,"Regular, Instrumental",https://ncsmusic.s3.eu-west-1.amazonaws.com/tracks/000/000/596/runaway-heuse-remix-1586957748-4g5z0KWpeG.mp3,https://ncsmusic.s3.eu-west-1.amazonaws.com/tracks/000/000/596/100x100/runaway-heuse-remix-1586957744-o4NwK8lyIt.jpg
Bones,Clarx,Future House,"Future House, energetic, Weird, Dark, Gloomy",21 Feb 2019,Regular,https://ncsmusic.s3.eu-west-1.amazonaws.com/tracks/000/000/594/bones-1586957715-NQ7aEXEryN.mp3,https://ncsmusic.s3.eu-west-1.amazonaws.com/tracks/000/000/594/100x100/bones-1586957711-Zx5G2UGRCk.jpg
Darkness Comes,"Approaching Nirvana, Alex Holmes",Future House,"Future House, Dark, Gloomy, energetic, Restless",19 Feb 2019,"Regular, Instrumental",https://ncsmusic.s3.eu-west-1.amazonaws.com/tracks/000/000/593/darkness-comes-1586957690-D59NwFkPng.mp3,https://ncsmusic.s3.eu-west-1.amazonaws.com/tracks/000/000/593/100x100/darkness-comes-1586957685-pYYzmhp25C.jpg
Clear My Head,Ellis,House,"House, romantic, Sexy, energetic, Euphoric",18 Feb 2019,Regular,https://ncsmusic.s3.eu-west-1.amazonaws.com/tracks/000/000/592/clear-my-head-1586957676-hJvzlQFZKz.mp3,https://ncsmusic.s3.eu-west-1.amazonaws.com/tracks/000/000/592/100x100/clear-my-head-1586957667-h3WIqCrVYU.jpg
Like U Say,Futuristik,Drum & Bass,"Drum & Bass, energetic, Weird, Quirky, Epic",14 Feb 2019,Regular,https://ncsmusic.s3.eu-west-1.amazonaws.com/tracks/000/000/591/like-u-say-1586957657-IlkatNyN23.mp3,https://ncsmusic.s3.eu-west-1.amazonaws.com/tracks/000/000/591/100x100/like-u-say-1586957655-9XQe07y5vc.jpg
Click & Scroll (feat. Eli Raain & Veronica Bravo),"Eli Raain, Veronica Bravo, Cadmium",Chill,"Chill, relaxed, Peaceful, romantic, Laid Back",12 Feb 2019,"Regular, Instrumental",https://ncsmusic.s3.eu-west-1.amazonaws.com/tracks/000/000/590/click-scroll-feat-eli-raain-veronica-bravo-1586957630-eAeBYEBiyD.mp3,https://ncsmusic.s3.eu-west-1.amazonaws.com/tracks/000/000/590/100x100/click-scroll-feat-eli-raain-veronica-bravo-1586957622-M7JWlZeu4M.jpg
Keep You,"Spektrum, Sara Skinner",Trap,"Trap, Gloomy, Dark, sad, energetic, Suspense, scary",8 Feb 2019,"Regular, Instrumental",https://ncsmusic.s3.eu-west-1.amazonaws.com/tracks/000/000/589/keep-you-1586957598-zpvct6T3UD.mp3,https://ncsmusic.s3.eu-west-1.amazonaws.com/tracks/000/000/589/100x100/keep-you-1586957591-HO4vGcGWhM.jpg
Shadows,3rd Prototype,Future House,"Future House, Dark, Suspense, Gloomy, energetic, Angry",7 Feb 2019,Regular,https://ncsmusic.s3.eu-west-1.amazonaws.com/tracks/000/000/588/shadows-1586957581-pfHXnomy2r.mp3,https://ncsmusic.s3.eu-west-1.amazonaws.com/tracks/000/000/588/100x100/shadows-1586957576-9OSnOLst03.jpg
First Love (feat. Pauline Herr),"Kaivon, Pauline Herr",Electronic,"Electronic, romantic, Sexy, Dreamy, Epic",5 Feb 2019,"Regular, Instrumental",https://ncsmusic.s3.eu-west-1.amazonaws.com/tracks/000/000/587/first-love-feat-pauline-herr-1586957558-7DZxXJxwcA.mp3,https://ncsmusic.s3.eu-west-1.amazonaws.com/tracks/000/000/587/100x100/first-love-feat-pauline-herr-1586957552-f5NZDz6FBb.jpg
Crazy,"BEAUZ, JVNA",Trap,"Trap, Quirky, Weird, romantic, sad",1 Feb 2019,"Regular, Instrumental",https://ncsmusic.s3.eu-west-1.amazonaws.com/tracks/000/000/586/crazy-1586957526-P9Kf5kKtue.mp3,https://ncsmusic.s3.eu-west-1.amazonaws.com/tracks/000/000/586/100x100/crazy-1586957523-imtyuVRLVT.jpg
Dis\Honest,Omri,EDM,"EDM, Dark, energetic, Gloomy, Restless",30 Jan 2019,"Regular, Instrumental",https://ncsmusic.s3.eu-west-1.amazonaws.com/tracks/000/000/585/dishonest-1586957497-9nANFqBhta.mp3,https://ncsmusic.s3.eu-west-1.amazonaws.com/tracks/000/000/585/100x100/dishonest-1586957489-R0S68HEMO5.jpg
Get My Love,NIVIRO,House,"House, energetic, Euphoric, Dark, Gloomy, Fear",25 Jan 2019,"Regular, Instrumental",https://ncsmusic.s3.eu-west-1.amazonaws.com/tracks/000/000/584/get-my-love-1586957459-nJaphUHrKB.mp3,https://ncsmusic.s3.eu-west-1.amazonaws.com/tracks/000/000/584/100x100/get-my-love-1586957455-lhN77cErf4.jpg
Without You,"Valcos, Chris Linton",Indie,"Indie Dance, Peaceful, Dreamy, relaxed, Laid Back",23 Jan 2019,"Regular, Instrumental",https://ncsmusic.s3.eu-west-1.amazonaws.com/tracks/000/000/583/without-you-1586957441-Edvh43VMZT.mp3,https://ncsmusic.s3.eu-west-1.amazonaws.com/tracks/000/000/583/100x100/without-you-1586957430-jRL3dtTi3w.jpg
On Fire,Robin Hustin,Future House,"Future House, energetic, Suspense, Dark, Weird",18 Jan 2019,"Regular, Instrumental",https://ncsmusic.s3.eu-west-1.amazonaws.com/tracks/000/000/582/on-fire-1586957402-sY4niNzntQ.mp3,https://ncsmusic.s3.eu-west-1.amazonaws.com/tracks/000/000/582/100x100/on-fire-1586957394-56f2DGcURA.jpg
Falling For You,Annie Sollange,Electronic,"Electronic, romantic, Sexy, Happy, Glamorous",16 Jan 2019,"Regular, Instrumental",https://ncsmusic.s3.eu-west-1.amazonaws.com/tracks/000/000/581/falling-for-you-1586957375-8i5IV3yU9F.mp3,https://ncsmusic.s3.eu-west-1.amazonaws.com/tracks/000/000/581/100x100/falling-for-you-1586957366-NDtayTPO3G.jpg
Rules,Ascence,Trap,"Trap, Quirky, Weird, Gloomy, energetic",11 Jan 2019,Regular,https://ncsmusic.s3.eu-west-1.amazonaws.com/tracks/000/000/579/rules-1586957333-aAFdfR702r.mp3,https://ncsmusic.s3.eu-west-1.amazonaws.com/tracks/000/000/579/100x100/rules-1586957328-7trkeOT3Tq.jpg
Stronger (Raiko Remix),"Prismo, Raiko",Drumstep,"Drumstep, Hopeful, Euphoric, Angry, Epic",11 Jan 2019,Regular,https://ncsmusic.s3.eu-west-1.amazonaws.com/tracks/000/000/580/1721036646_WsULQvH7tD_Prismo---Stronger-Raiko-Remix.mp3,https://ncsmusic.s3.eu-west-1.amazonaws.com/tracks/000/000/580/100x100/stronger-raiko-remix-1586957348-30UavtsQGL.jpg
Reckless (ft. C.),"Dread Pitt, C",Trap,"Trap, Dark, Gloomy, scary, Restless",9 Jan 2019,"Regular, Instrumental",https://ncsmusic.s3.eu-west-1.amazonaws.com/tracks/000/000/578/reckless-ft-c-1586957301-RqU7YGbcsx.mp3,https://ncsmusic.s3.eu-west-1.amazonaws.com/tracks/000/000/578/100x100/reckless-ft-c-1586957294-rUywDmTwWM.jpg
Cradles,Sub Urban,Bass,"Bass, Quirky, Dark, Gloomy, Weird, scary, Suspense",4 Jan 2019,"Regular, Instrumental",https://ncsmusic.s3.eu-west-1.amazonaws.com/tracks/000/000/577/cradles-1586957268-RxHgjX9e14.mp3,https://ncsmusic.s3.eu-west-1.amazonaws.com/tracks/000/000/577/100x100/1714555301_9XwoUbAlJy_artwork-Cradles.png
Diamond,NIVIRO,Electronic,"Electronic, Dark, Angry, Restless, energetic",2 Jan 2019,Regular,https://ncsmusic.s3.eu-west-1.amazonaws.com/tracks/000/000/576/diamond-1586957212-JK42EbiQrZ.mp3,https://ncsmusic.s3.eu-west-1.amazonaws.com/tracks/000/000/576/100x100/diamond-1586957205-iJt842uVqJ.jpg
The Light,ÉWN,Electronic,"Electronic, Quirky, Weird, Gloomy, energetic",31 Dec 2018,Regular,https://ncsmusic.s3.eu-west-1.amazonaws.com/tracks/000/000/575/the-light-1586957195-IOhNCzdnzp.mp3,https://ncsmusic.s3.eu-west-1.amazonaws.com/tracks/000/000/575/100x100/the-light-1586957184-sT4ndECcqZ.jpg
Shots Fired,"Axol, Max Hurrell",Trap,"Trap, Dark, Gloomy, sad, Angry",28 Dec 2018,"Regular, Instrumental",https://ncsmusic.s3.eu-west-1.amazonaws.com/tracks/000/000/574/shots-fired-1586957161-aaqp69HLZK.mp3,https://ncsmusic.s3.eu-west-1.amazonaws.com/tracks/000/000/574/100x100/shots-fired-1586957149-kQWBzwY9ri.jpg
Heaven,Elektronomia,Hardstyle,"Hardstyle, energetic, Restless, Angry, scary",27 Dec 2018,Regular,https://ncsmusic.s3.eu-west-1.amazonaws.com/tracks/000/000/573/heaven-1586957132-f9R7o2J2Uv.mp3,https://ncsmusic.s3.eu-west-1.amazonaws.com/tracks/000/000/573/100x100/heaven-1586957124-Gf4eIUKzUw.jpg
Dreams pt. II (feat. Sara Skinner),"Lost Sky, Sara Skinner",Dubstep,"Dubstep, Glamorous, Dreamy, romantic, Laid Back, Peaceful",25 Dec 2018,Regular,https://ncsmusic.s3.eu-west-1.amazonaws.com/tracks/000/000/572/dreams-pt-ii-feat-sara-skinner-1586957112-JmMqXULJgq.mp3,https://ncsmusic.s3.eu-west-1.amazonaws.com/tracks/000/000/572/100x100/dreams-pt-ii-feat-sara-skinner-1586957095-ucmzLb3h13.jpg
Dreams pt. II (feat. Sara Skinner) (Slowed),"Sara Skinner, Lost Sky",Trap,"Trap, Dreamy, Epic, Mysterious, Funny",25 Dec 2018,Regular,https://ncsmusic.s3.eu-west-1.amazonaws.com/tracks/000/001/763/dreams-pt-ii-feat-sara-skinner-slowed-1727366480-1Hv1dxIrZR.mp3,https://ncsmusic.s3.eu-west-1.amazonaws.com/tracks/000/001/763/100x100/dreams-pt-ii-feat-sara-skinner-slowed-1727366478-qUsIvvTDFn.jpg
Dreams pt. II (feat. Sara Skinner) (Sped Up),"Sara Skinner, Lost Sky",Trap,"Trap, Dreamy, Epic, Mysterious, Funny",25 Dec 2018,Regular,https://ncsmusic.s3.eu-west-1.amazonaws.com/tracks/000/001/764/dreams-pt-ii-feat-sara-skinner-sped-up-1727366486-xxJiECtZ4H.mp3,https://ncsmusic.s3.eu-west-1.amazonaws.com/tracks/000/001/764/100x100/dreams-pt-ii-feat-sara-skinner-sped-up-1727366484-rmM1vquEp2.jpg
Hold On,Diamond Eyes,Bass,"Bass, Hopeful, Euphoric, Dreamy, energetic",21 Dec 2018,"Regular, Instrumental",https://ncsmusic.s3.eu-west-1.amazonaws.com/tracks/000/000/571/hold-on-1586957067-MGUj4iAWzZ.mp3,https://ncsmusic.s3.eu-west-1.amazonaws.com/tracks/000/000/571/100x100/hold-on-1586957060-9bXINuXgqU.jpg
Chasing Dreams,"Jim Yosef, Valentina Franco",Electronic,"Electronic, Suspense, Fear, Epic, energetic",20 Dec 2018,"Regular, Instrumental",https://ncsmusic.s3.eu-west-1.amazonaws.com/tracks/000/000/570/chasing-dreams-1586957034-4Zgb5WQMHI.mp3,https://ncsmusic.s3.eu-west-1.amazonaws.com/tracks/000/000/570/100x100/chasing-dreams-1586957017-uqPGcIfHqd.jpg
Departure (feat. evOke),"Egzod, evOke",Trap,"Trap, Dark, Angry, Gloomy, Fear",18 Dec 2018,"Regular, Instrumental",https://ncsmusic.s3.eu-west-1.amazonaws.com/tracks/000/000/569/departure-feat-evoke-1586956995-wQtglKsrxj.mp3,https://ncsmusic.s3.eu-west-1.amazonaws.com/tracks/000/000/569/100x100/departure-feat-evoke-1586956984-VvXvE1WxQX.jpg
"Waiting (feat. Lox Chatterbox, BLVKSTN & Salvo)","Lox Chatterbox, Unknown Brain, Salvo, BLVKSTN",Trap,"Trap, romantic, Epic, Euphoric, Dreamy, Sexy, Hopeful",14 Dec 2018,Regular,https://ncsmusic.s3.eu-west-1.amazonaws.com/tracks/000/000/568/waiting-feat-lox-chatterbox-blvkstn-salvo-1586956975-EB6sjB0ah9.mp3,https://ncsmusic.s3.eu-west-1.amazonaws.com/tracks/000/000/568/100x100/waiting-feat-lox-chatterbox-blvkstn-salvo-1586956956-KQSkv0b3sj.jpg
Shockwave (feat. Heather Sommer),"Feint, Heather Sommer",Drum & Bass,"Drum & Bass, Epic, energetic, Dark, Angry",13 Dec 2018,"Regular, Instrumental",https://ncsmusic.s3.eu-west-1.amazonaws.com/tracks/000/000/567/shockwave-feat-heather-sommer-1586956923-8halhNiiD5.mp3,https://ncsmusic.s3.eu-west-1.amazonaws.com/tracks/000/000/567/100x100/shockwave-feat-heather-sommer-1586956905-BqJ3oALCjG.jpg
Something More,WiDE AWAKE,Trap,"Trap, Epic, energetic, Dark, Angry, Glamorous, Gloomy",11 Dec 2018,"Regular, Instrumental",https://ncsmusic.s3.eu-west-1.amazonaws.com/tracks/000/000/566/something-more-1586956883-fw5EXZLTIM.mp3,https://ncsmusic.s3.eu-west-1.amazonaws.com/tracks/000/000/566/100x100/something-more-1586956871-Nfa4fTZGyu.jpg
Drakkar,"Distrion, Electro-Light",Future House,"Future House, Epic, energetic, Dark, Angry",7 Dec 2018,Regular,https://ncsmusic.s3.eu-west-1.amazonaws.com/tracks/000/000/565/drakkar-1586956865-cVys852lbl.mp3,https://ncsmusic.s3.eu-west-1.amazonaws.com/tracks/000/000/565/100x100/drakkar-1586956857-R75jWwKzCY.jpg
All Stops Now (feat. Soundr),"JPB, Soundr",Trap,"Trap, Quirky, Happy, Weird, Laid Back, relaxed",6 Dec 2018,"Regular, Instrumental",https://ncsmusic.s3.eu-west-1.amazonaws.com/tracks/000/000/564/all-stops-now-feat-soundr-1586956834-dlwzZaEThi.mp3,https://ncsmusic.s3.eu-west-1.amazonaws.com/tracks/000/000/564/100x100/all-stops-now-feat-soundr-1586956823-80zjtmFAyt.jpg
Never Have I Felt This,Koven,Trap,"Trap, Epic, energetic, Dark, Angry",4 Dec 2018,"Regular, Instrumental",https://ncsmusic.s3.eu-west-1.amazonaws.com/tracks/000/000/563/never-have-i-felt-this-1586956789-yC9Jwbm2A6.mp3,https://ncsmusic.s3.eu-west-1.amazonaws.com/tracks/000/000/563/100x100/never-have-i-felt-this-1586956778-OyjoQtSA4J.jpg
Return To The Wild,Tobu,House,"House, Happy, energetic, Hopeful, Euphoric, Glamorous, Epic",30 Nov 2018,"Regular, Instrumental",https://ncsmusic.s3.eu-west-1.amazonaws.com/tracks/000/000/562/return-to-the-wild-1586956759-eKXm3uZsGC.mp3,https://ncsmusic.s3.eu-west-1.amazonaws.com/tracks/000/000/562/100x100/return-to-the-wild-1586956749-KFvGNLpvvQ.jpg
Titan,Andromedik,Drum & Bass,"Drum & Bass, energetic, Angry, Suspense, Dark, Gloomy",28 Nov 2018,"Regular, Instrumental",https://ncsmusic.s3.eu-west-1.amazonaws.com/tracks/000/000/561/titan-1586956719-EVJN5WD0v9.mp3,https://ncsmusic.s3.eu-west-1.amazonaws.com/tracks/000/000/561/100x100/titan-1586956710-kF5AnHJJr9.jpg
Neverland (feat. Kalu),"Slashtaq, KALU",Trap,"Trap, Happy, energetic, Hopeful, Euphoric, Dark",26 Nov 2018,"Regular, Instrumental",https://ncsmusic.s3.eu-west-1.amazonaws.com/tracks/000/000/560/neverland-feat-kalu-1586956686-N3uQbkiRMk.mp3,https://ncsmusic.s3.eu-west-1.amazonaws.com/tracks/000/000/560/100x100/neverland-feat-kalu-1586956651-0rjeN68h3t.jpg
Willow Tree (feat. Rosendale),"Rival, Cadmium, Rosendale",Future House,"Future House, Dreamy, relaxed, Glamorous, Dark",23 Nov 2018,"Regular, Instrumental",https://ncsmusic.s3.eu-west-1.amazonaws.com/tracks/000/000/559/willow-tree-feat-rosendale-1586956631-KYWi3OJjmO.mp3,https://ncsmusic.s3.eu-west-1.amazonaws.com/tracks/000/000/559/100x100/willow-tree-feat-rosendale-1586956612-8xElaAWnRE.jpg
Left My Heart In Pain,Mike Vallas,Trap,"Trap, Dark, Gloomy, Mysterious, Quirky",21 Nov 2018,"Regular, Instrumental",https://ncsmusic.s3.eu-west-1.amazonaws.com/tracks/000/000/558/left-my-heart-in-pain-1586956595-SkhwaDYwsO.mp3,https://ncsmusic.s3.eu-west-1.amazonaws.com/tracks/000/000/558/100x100/left-my-heart-in-pain-1586956586-snYPqmt5hg.jpg
Starfire,Spencer Maro,Melodic Dubstep,"Melodic Dubstep, sad, Gloomy, Dark, Laid Back",19 Nov 2018,"Regular, Instrumental",https://ncsmusic.s3.eu-west-1.amazonaws.com/tracks/000/000/557/starfire-1586956550-WJceHTuMXx.mp3,https://ncsmusic.s3.eu-west-1.amazonaws.com/tracks/000/000/557/100x100/starfire-1586956537-gaErrBKER4.jpg
Stronger (Champion Remix),"Lemon Fight, Champion",Drum & Bass,"Drum & Bass, energetic, Epic, Euphoric, Happy",16 Nov 2018,Regular,https://ncsmusic.s3.eu-west-1.amazonaws.com/tracks/000/000/555/stronger-champion-remix-1586956485-2iMgVwa5h4.mp3,https://ncsmusic.s3.eu-west-1.amazonaws.com/tracks/000/000/555/100x100/stronger-champion-remix-1586956443-yCSt4PMJOP.jpg
Our Dive,Weero,House,"House, Happy, energetic, Hopeful, Euphoric",16 Nov 2018,"Regular, Instrumental",https://ncsmusic.s3.eu-west-1.amazonaws.com/tracks/000/000/556/our-dive-1586956515-G59HRB3ujK.mp3,https://ncsmusic.s3.eu-west-1.amazonaws.com/tracks/000/000/556/100x100/our-dive-1586956502-yT0pa4Jr2P.jpg
Alone (feat. Kyle Reynolds),"Kyle Reynolds, Asketa & Natan Chaim",Indie,"Indie Dance, sad, Gloomy, energetic, Dark",14 Nov 2018,"Regular, Instrumental",https://ncsmusic.s3.eu-west-1.amazonaws.com/tracks/000/000/554/alone-feat-kyle-reynolds-1586956416-her3b20Ftu.mp3,https://ncsmusic.s3.eu-west-1.amazonaws.com/tracks/000/000/554/100x100/alone-feat-kyle-reynolds-1586956411-AqUkCRQtWk.jpg
Muffin,Raven & Kreyn,House,"House, Happy, energetic, Hopeful, Euphoric",9 Nov 2018,Regular,https://ncsmusic.s3.eu-west-1.amazonaws.com/tracks/000/000/553/muffin-1586956402-Lg20BCeaRj.mp3,https://ncsmusic.s3.eu-west-1.amazonaws.com/tracks/000/000/553/100x100/muffin-1586956398-KAWE0YcIyh.jpg
With Me,Andromedik,Electronic,"Electronic, romantic, Epic, Euphoric, Dreamy",7 Nov 2018,"Regular, Instrumental",https://ncsmusic.s3.eu-west-1.amazonaws.com/tracks/000/000/552/with-me-1586956371-vEny01YaTt.mp3,https://ncsmusic.s3.eu-west-1.amazonaws.com/tracks/000/000/552/100x100/with-me-1586956366-36xN6OW5kG.jpg
Power,"ELPORT, VYMVN",House,"House, Happy, energetic, Hopeful, Euphoric",5 Nov 2018,"Regular, Instrumental",https://ncsmusic.s3.eu-west-1.amazonaws.com/tracks/000/000/551/power-1586956343-AAK36qxuzn.mp3,https://ncsmusic.s3.eu-west-1.amazonaws.com/tracks/000/000/551/100x100/power-1586956338-gOdErjCnGG.jpg
Dancin',NIVIRO,House,"House, Happy, energetic, Hopeful, Euphoric",2 Nov 2018,"Regular, Instrumental",https://ncsmusic.s3.eu-west-1.amazonaws.com/tracks/000/000/550/dancin-1586956312-LZek8p1SOO.mp3,https://ncsmusic.s3.eu-west-1.amazonaws.com/tracks/000/000/550/100x100/dancin-1586956303-IMxSkGIrLH.jpg
Want You (feat. Sara Skinner),"Subtact, Sara Skinner",Trap,"Trap, romantic, Happy, Quirky, Weird, Peaceful, Sexy",31 Oct 2018,"Regular, Instrumental",https://ncsmusic.s3.eu-west-1.amazonaws.com/tracks/000/000/549/want-you-feat-sara-skinner-1586956280-2W3eP9QAvt.mp3,https://ncsmusic.s3.eu-west-1.amazonaws.com/tracks/000/000/549/100x100/want-you-feat-sara-skinner-1586956276-s4lOrfrHQj.jpg
Invisible,Zeus X Crona,Trap,"Trap, sad, Quirky, Weird, Gloomy",26 Oct 2018,Regular,https://ncsmusic.s3.eu-west-1.amazonaws.com/tracks/000/000/548/invisible-1586956264-WsDaEJWjWu.mp3,https://ncsmusic.s3.eu-west-1.amazonaws.com/tracks/000/000/548/100x100/invisible-1586956245-t2ybbYq7Q8.jpg
Enslaved,"Barren Gates, M.I.M.E",Trap,"Trap, sad, Angry, Dark, Gloomy, energetic",25 Oct 2018,"Regular, Instrumental",https://ncsmusic.s3.eu-west-1.amazonaws.com/tracks/000/000/547/enslaved-1586956215-ArMNUuh99a.mp3,https://ncsmusic.s3.eu-west-1.amazonaws.com/tracks/000/000/547/100x100/enslaved-1586956206-hx54E6n1Gw.jpg
Mirage,Focus Fire,Trap,"Trap, energetic, Dark, Gloomy, Angry",23 Oct 2018,"Regular, Instrumental",https://ncsmusic.s3.eu-west-1.amazonaws.com/tracks/000/000/546/mirage-1586956182-j8pVHHYcRL.mp3,https://ncsmusic.s3.eu-west-1.amazonaws.com/tracks/000/000/546/100x100/1718028819_xLRRfdfP6E_mirage.jpg
Control (feat. Jex),"Unknown Brain, Rival, Jex",Trap,"Trap, energetic, Dark, Gloomy, Angry",20 Oct 2018,Regular,https://ncsmusic.s3.eu-west-1.amazonaws.com/tracks/000/000/545/1704708945_xnHIMQjH93_Unknown-Brain--Rival---Control-ft.-Jex.mp3,https://ncsmusic.s3.eu-west-1.amazonaws.com/tracks/000/000/545/100x100/control-feat-jex-1586956161-vTjXxA6m7G.jpg
Flutter,Diamond Eyes,Bass,"Bass, sad, Angry, Dark, Gloomy, energetic",17 Oct 2018,"Regular, Instrumental",https://ncsmusic.s3.eu-west-1.amazonaws.com/tracks/000/000/544/flutter-1586956135-N16Ky2wO1G.mp3,https://ncsmusic.s3.eu-west-1.amazonaws.com/tracks/000/000/544/100x100/flutter-1586956102-nU3BcEU8K6.jpg
I Know,3rd Prototype,House,"House, Happy, energetic, Hopeful, Euphoric, romantic",13 Oct 2018,"Regular, Instrumental",https://ncsmusic.s3.eu-west-1.amazonaws.com/tracks/000/000/543/i-know-1586956074-2lOpQUnxuU.mp3,https://ncsmusic.s3.eu-west-1.amazonaws.com/tracks/000/000/543/100x100/i-know-1586956065-8UDLWigGBn.jpg
Vertigo (Spitfya Remix),"Rob Gasser, Laura Brehm, Spitfya",Drum & Bass,"Drum & Bass, Happy, energetic, Hopeful, Euphoric",12 Oct 2018,Regular,https://ncsmusic.s3.eu-west-1.amazonaws.com/tracks/000/000/542/vertigo-spitfya-remix-1586956056-PjQuHBlia5.mp3,https://ncsmusic.s3.eu-west-1.amazonaws.com/tracks/000/000/542/100x100/vertigo-spitfya-remix-1586956049-JL6P6ykoTc.jpg
Eclipse (feat. AERYN),"Last Heroes, AERYN, TwoWorldsApart",Melodic Dubstep,"Melodic Dubstep, Epic, energetic, Dark, Angry, Glamorous, Gloomy",10 Oct 2018,"Regular, Instrumental",https://ncsmusic.s3.eu-west-1.amazonaws.com/tracks/000/000/541/eclipse-feat-aeryn-1586956033-pZU2XhIyNe.mp3,https://ncsmusic.s3.eu-west-1.amazonaws.com/tracks/000/000/541/100x100/1718028760_bEBTQCI1La_eclipse2.jpg
Animal (feat. Jex),"Debris, RudeLies, Jex",House,"House, energetic, Dark, Gloomy, Angry",5 Oct 2018,Regular,https://ncsmusic.s3.eu-west-1.amazonaws.com/tracks/000/000/540/animal-feat-jex-1586956020-xOXx8kDP5R.mp3,https://ncsmusic.s3.eu-west-1.amazonaws.com/tracks/000/000/540/100x100/animal-feat-jex-1586956009-pkQ8fX2UVC.jpg
Ping Pong Party,WATEVA,Future House,"Future House, Happy, energetic, Dark, Suspense",4 Oct 2018,Regular,https://ncsmusic.s3.eu-west-1.amazonaws.com/tracks/000/000/538/ping-pong-party-1586955976-ovAIohMqrb.mp3,https://ncsmusic.s3.eu-west-1.amazonaws.com/tracks/000/000/538/100x100/ping-pong-party-1586955963-Jtal3lu3yU.jpg
Reflections,"Deflo, Lliam Taylor",Drum & Bass,"Drum & Bass, energetic, Dark, Gloomy, Angry",2 Oct 2018,"Regular, Instrumental",https://ncsmusic.s3.eu-west-1.amazonaws.com/tracks/000/000/537/reflections-1586955941-DyqCl9dPPv.mp3,https://ncsmusic.s3.eu-west-1.amazonaws.com/tracks/000/000/537/100x100/reflections-1586955892-LhzuNiz6L0.jpg
Rush,Wubbaduck,Dubstep,"Dubstep, Angry, Dark, Quirky, Weird, energetic",30 Sep 2018,Regular,https://ncsmusic.s3.eu-west-1.amazonaws.com/tracks/000/000/536/rush-1586955885-8lKcy46aCc.mp3,https://ncsmusic.s3.eu-west-1.amazonaws.com/tracks/000/000/536/100x100/rush-1586955881-Lxu0uEQolX.jpg
By My Side (feat. Danilyon),"Acejax, INX, Danilyon",Trap,"Trap, Hopeful, romantic, Dreamy, Laid Back",28 Sep 2018,"Regular, Instrumental",https://ncsmusic.s3.eu-west-1.amazonaws.com/tracks/000/000/535/by-my-side-feat-danilyon-1586955856-e21lqAgqaJ.mp3,https://ncsmusic.s3.eu-west-1.amazonaws.com/tracks/000/000/535/100x100/by-my-side-feat-danilyon-1586955848-d6IKuCTFU8.jpg
Beyond (feat. Omri),"Mendum, Omri",Melodic Dubstep,"Melodic Dubstep, Angry, Dark, Fear, Gloomy",26 Sep 2018,Regular,https://ncsmusic.s3.eu-west-1.amazonaws.com/tracks/000/000/534/beyond-feat-omri-1586955828-mgFXtBDdg9.mp3,https://ncsmusic.s3.eu-west-1.amazonaws.com/tracks/000/000/534/100x100/beyond-feat-omri-1586955807-6pcAUn6Yr6.jpg
Diamonds (feat. Micah Martin),"RMCM, James Roche, Micah Martin",House,"House, Happy, energetic, Hopeful, Euphoric",21 Sep 2018,"Regular, Instrumental",https://ncsmusic.s3.eu-west-1.amazonaws.com/tracks/000/000/533/diamonds-feat-micah-martin-1586955789-IPx4H1V1cw.mp3,https://ncsmusic.s3.eu-west-1.amazonaws.com/tracks/000/000/533/100x100/diamonds-feat-micah-martin-1586955785-DcF68jpXvX.jpg
Be With You (feat. Grant Dawson),"Cadmium, Grant Dawson",Indie,"Indie Dance, Happy, romantic, relaxed, Peaceful",19 Sep 2018,"Regular, Instrumental",https://ncsmusic.s3.eu-west-1.amazonaws.com/tracks/000/000/532/be-with-you-feat-grant-dawson-1586955765-bssfmhS712.mp3,https://ncsmusic.s3.eu-west-1.amazonaws.com/tracks/000/000/532/100x100/be-with-you-feat-grant-dawson-1586955751-OFSfXmSVxJ.jpg
Fast Lane (feat. PollyAnna),"PollyAnna, NIVIRO",House,"House, Happy, energetic, Hopeful, Euphoric",14 Sep 2018,Regular,https://ncsmusic.s3.eu-west-1.amazonaws.com/tracks/000/000/531/fast-lane-feat-pollyanna-1586955738-8lVsi1nisM.mp3,https://ncsmusic.s3.eu-west-1.amazonaws.com/tracks/000/000/531/100x100/fast-lane-feat-pollyanna-1586955730-5cm7kiboAW.jpg
Girlfriend (feat. LW),"Paul Flint, Phil Lees, LW",Dubstep,"Dubstep, Angry, Dark, Suspense, energetic",12 Sep 2018,Regular,https://ncsmusic.s3.eu-west-1.amazonaws.com/tracks/000/000/530/girlfriend-feat-lw-1586955719-UfUmmXbGDo.mp3,https://ncsmusic.s3.eu-west-1.amazonaws.com/tracks/000/000/530/100x100/girlfriend-feat-lw-1586955718-JrTdHtxASl.jpg
Limbo (feat. ELLIØT),"Floatinurboat, ELLIØT",Chill,"Chill, Dreamy, romantic, sad, relaxed",7 Sep 2018,"Regular, Instrumental",https://ncsmusic.s3.eu-west-1.amazonaws.com/tracks/000/000/529/limbo-feat-elliot-1586955697-wCf7DYFWYL.mp3,https://ncsmusic.s3.eu-west-1.amazonaws.com/tracks/000/000/529/100x100/limbo-feat-elliot-1586955695-CuXrEitrsH.jpg
Feel So Good,3rd Prototype,Future House,"Future House, Hopeful, Happy, Euphoric, Quirky",5 Sep 2018,"Regular, Instrumental",https://ncsmusic.s3.eu-west-1.amazonaws.com/tracks/000/000/528/feel-so-good-1586955682-bf2ONbCBGg.mp3,https://ncsmusic.s3.eu-west-1.amazonaws.com/tracks/000/000/528/100x100/feel-so-good-1586955678-QSiaGz3fGV.jpg
Hope,RetroVision,Trap,"Trap, Hopeful, Happy, Euphoric, Quirky",1 Sep 2018,Regular,https://ncsmusic.s3.eu-west-1.amazonaws.com/tracks/000/000/527/hope-1586955669-VSrtgvcJH7.mp3,https://ncsmusic.s3.eu-west-1.amazonaws.com/tracks/000/000/527/100x100/hope-1586955658-aR8htJz5if.jpg
Seasons (feat. Harley Bird) [NIVIRO remix],"Rival, Cadmium, Harley Bird, NIVIRO",Hardstyle,"Hardstyle, Happy, energetic, Restless, Quirky",31 Aug 2018,"Regular, Instrumental",https://ncsmusic.s3.eu-west-1.amazonaws.com/tracks/000/000/526/seasons-feat-harley-bird-niviro-remix-1586955631-hzUOmqQROV.mp3,https://ncsmusic.s3.eu-west-1.amazonaws.com/tracks/000/000/526/100x100/seasons-feat-harley-bird-niviro-remix-1586955608-zJ7t3hdbA2.jpg
Reactive,"Heuse, Chris Linton",Trap,"Trap, romantic, Hopeful, Dark, Gloomy",29 Aug 2018,"Regular, Instrumental",https://ncsmusic.s3.eu-west-1.amazonaws.com/tracks/000/000/525/reactive-1586955590-2wHmIO3po9.mp3,https://ncsmusic.s3.eu-west-1.amazonaws.com/tracks/000/000/525/100x100/reactive-1586955587-jHf81VfYZ2.jpg
Thinkin',"Alex Skrindo, Miza",House,"House, Happy, Hopeful, Euphoric, energetic",25 Aug 2018,"Regular, Instrumental",https://ncsmusic.s3.eu-west-1.amazonaws.com/tracks/000/000/524/thinkin-1586955564-IM0385oIH6.mp3,https://ncsmusic.s3.eu-west-1.amazonaws.com/tracks/000/000/524/100x100/thinkin-1586955550-y97Z73y0Or.jpg
Running,Sekai,Melodic Dubstep,"Melodic Dubstep, romantic, Dreamy, relaxed, Peaceful",22 Aug 2018,"Regular, Instrumental",https://ncsmusic.s3.eu-west-1.amazonaws.com/tracks/000/000/523/running-1586955526-xw1TRCo59B.mp3,https://ncsmusic.s3.eu-west-1.amazonaws.com/tracks/000/000/523/100x100/running-1586955496-QRWpRvTMIC.jpg
I Just Wanna,NIVIRO,House,"House, Happy, energetic, Euphoric, Hopeful",18 Aug 2018,"Regular, Instrumental",https://ncsmusic.s3.eu-west-1.amazonaws.com/tracks/000/000/522/i-just-wanna-1586955474-GhanmVetWX.mp3,https://ncsmusic.s3.eu-west-1.amazonaws.com/tracks/000/000/522/100x100/i-just-wanna-1586955465-2Be5gaj4d0.jpg
Heavens,Kozah,Trap,"Trap, Quirky, Weird, Gloomy, Dark",15 Aug 2018,Regular,https://ncsmusic.s3.eu-west-1.amazonaws.com/tracks/000/000/521/heavens-1586955456-70dTOkqWT0.mp3,https://ncsmusic.s3.eu-west-1.amazonaws.com/tracks/000/000/521/100x100/heavens-1586955449-NvkQnqk4j8.jpg
Light It Up,"Robin Hustin, Tobimorrow",Future House,"Future House, Euphoric, romantic, energetic, Dark",11 Aug 2018,"Regular, Instrumental",https://ncsmusic.s3.eu-west-1.amazonaws.com/tracks/000/000/520/light-it-up-1586955429-8ILNNkBc2M.mp3,https://ncsmusic.s3.eu-west-1.amazonaws.com/tracks/000/000/520/100x100/light-it-up-1586955419-nt24FBqGPa.jpg
Cover It Up,Kasger,Drum & Bass,"Drum & Bass, energetic, Fear, Epic, Happy",8 Aug 2018,"Regular, Instrumental",https://ncsmusic.s3.eu-west-1.amazonaws.com/tracks/000/000/519/cover-it-up-1586955390-oj6Y3du5A7.mp3,https://ncsmusic.s3.eu-west-1.amazonaws.com/tracks/000/000/519/100x100/cover-it-up-1586955373-gfv77GeQdY.jpg
Symbolism pt. II,Electro-Light,Trap,"Trap, Happy, Euphoric, Hopeful, Dreamy",4 Aug 2018,Regular,https://ncsmusic.s3.eu-west-1.amazonaws.com/tracks/000/000/518/symbolism-pt-ii-1586955361-Wy3jLmo078.mp3,https://ncsmusic.s3.eu-west-1.amazonaws.com/tracks/000/000/518/100x100/symbolism-pt-ii-1586955347-Z00Ge2ZJzh.jpg
Freedom,"Showdown, IMAN",Drum & Bass,"Drum & Bass, energetic, Restless, Happy, Hopeful",1 Aug 2018,Regular,https://ncsmusic.s3.eu-west-1.amazonaws.com/tracks/000/000/517/freedom-1586955338-UzGVS7oBuJ.mp3,https://ncsmusic.s3.eu-west-1.amazonaws.com/tracks/000/000/517/100x100/freedom-1586955334-77Acdzzjiu.jpg
Dreams,Lost Sky,Trap,"Trap, Dreamy, relaxed, Laid Back, Dark",28 Jul 2018,Regular,https://ncsmusic.s3.eu-west-1.amazonaws.com/tracks/000/000/516/dreams-1586955327-tIgsclVBNj.mp3,https://ncsmusic.s3.eu-west-1.amazonaws.com/tracks/000/000/516/100x100/dreams-1586955318-Ar0HjTDfCI.jpg
Freakshow (feat. LexBlaze),"Dirty Palm, LexBlaze",Future House,"Future House, Dark, Angry, Quirky, Weird, Funny",25 Jul 2018,"Regular, Instrumental",https://ncsmusic.s3.eu-west-1.amazonaws.com/tracks/000/000/515/freakshow-feat-lexblaze-1586955294-cNLrNyeAYD.mp3,https://ncsmusic.s3.eu-west-1.amazonaws.com/tracks/000/000/515/100x100/freakshow-feat-lexblaze-1586955281-CSwuPxYYyO.jpg
Ruby,Alex Skrindo,House,"House, Happy, Hopeful, Euphoric, Dreamy",20 Jul 2018,Regular,https://ncsmusic.s3.eu-west-1.amazonaws.com/tracks/000/000/514/ruby-1586955269-a8AYy5OMZ7.mp3,https://ncsmusic.s3.eu-west-1.amazonaws.com/tracks/000/000/514/100x100/ruby-1586955266-yimCGqi1lp.jpg
Promise Me (feat. Jessie Chambers),"Nurko, Last Heroes, Jessie Chambers",Melodic Dubstep,"Melodic Dubstep, romantic, Dreamy, energetic, Suspense",19 Jul 2018,Regular,https://ncsmusic.s3.eu-west-1.amazonaws.com/tracks/000/000/513/promise-me-feat-jessie-chambers-1586955253-chsecOqj8E.mp3,https://ncsmusic.s3.eu-west-1.amazonaws.com/tracks/000/000/513/100x100/promise-me-feat-jessie-chambers-1586955242-HqABctQn2o.jpg
Falling (feat. Harley Bird),"Diviners, Harley Bird",House,"House, romantic, sad, Dreamy, energetic",17 Jul 2018,"Regular, Instrumental",https://ncsmusic.s3.eu-west-1.amazonaws.com/tracks/000/000/512/1678790047_JzZmWdJZyf_Diviners---Falling-ft.-Harley-Bird-Radio-Mix.mp3,https://ncsmusic.s3.eu-west-1.amazonaws.com/tracks/000/000/512/100x100/falling-feat-harley-bird-1586955219-TUjyh8Xy7e.jpg
So Funky,NIVIRO,House,"House, Happy, Funny, Hopeful, energetic, Euphoric",13 Jul 2018,"Regular, Instrumental",https://ncsmusic.s3.eu-west-1.amazonaws.com/tracks/000/000/511/so-funky-1586955199-GHm4rMFB26.mp3,https://ncsmusic.s3.eu-west-1.amazonaws.com/tracks/000/000/511/100x100/so-funky-1586955192-j51NsbKhH5.jpg
Perfect 10 (feat. Heather Sommer),"Unknown Brain, Heather Sommer",Trap,"Trap, Happy, romantic, energetic, Hopeful, Euphoric",11 Jul 2018,Regular,https://ncsmusic.s3.eu-west-1.amazonaws.com/tracks/000/000/510/perfect-10-feat-heather-sommer-1586955180-lkle7B0ZLa.mp3,https://ncsmusic.s3.eu-west-1.amazonaws.com/tracks/000/000/510/100x100/perfect-10-feat-heather-sommer-1586955170-wRtg5YiQiu.jpg
Biscuit,Raven & Kreyn,House,"House, Happy, Hopeful, energetic, Restless",6 Jul 2018,"Regular, Instrumental",https://ncsmusic.s3.eu-west-1.amazonaws.com/tracks/000/000/509/biscuit-1586955144-ew4216kxNq.mp3,https://ncsmusic.s3.eu-west-1.amazonaws.com/tracks/000/000/509/100x100/biscuit-1586955141-V1DfdfWNay.jpg
With You,Marin Hoxha,Chill,"Chill, Dreamy, Euphoric, romantic, Glamorous",4 Jul 2018,"Regular, Instrumental",https://ncsmusic.s3.eu-west-1.amazonaws.com/tracks/000/000/508/with-you-1586955119-P3Bc1rZPMB.mp3,https://ncsmusic.s3.eu-west-1.amazonaws.com/tracks/000/000/508/100x100/with-you-1586955106-KibkYAtgZE.jpg
Ber Zer Ker,WATEVA,Bass,"Bass, Angry, energetic, Restless, Quirky",29 Jun 2018,Regular,https://ncsmusic.s3.eu-west-1.amazonaws.com/tracks/000/000/506/ber-zer-ker-1586955061-fu5o84HlgS.mp3,https://ncsmusic.s3.eu-west-1.amazonaws.com/tracks/000/000/506/100x100/1718028534_VtAbQeVs7e_Ber-Zer-Ker.jpg
No Doubt (Rival x Cadmium Remix),"Rogers & Dean, Rival, Cadmium",Trap,"Trap, sad, Quirky, Dark, Glamorous, Gloomy",29 Jun 2018,"Regular, Instrumental",https://ncsmusic.s3.eu-west-1.amazonaws.com/tracks/000/000/507/no-doubt-rival-x-cadmium-remix-1586955083-k7MaLDSrQD.mp3,https://ncsmusic.s3.eu-west-1.amazonaws.com/tracks/000/000/507/100x100/no-doubt-rival-x-cadmium-remix-1586955070-ErNIVLZDAd.jpg
Travel Again,Kozah,Electronic,"Electronic, Quirky, Weird, Dreamy, relaxed, Mysterious",27 Jun 2018,Regular,https://ncsmusic.s3.eu-west-1.amazonaws.com/tracks/000/000/505/travel-again-1586955047-x6CIyOrk6l.mp3,https://ncsmusic.s3.eu-west-1.amazonaws.com/tracks/000/000/505/100x100/travel-again-1586955032-KxwMp70JnA.jpg
Cake,RetroVision,House,"House, Quirky, Funny, Happy, Weird",22 Jun 2018,Regular,https://ncsmusic.s3.eu-west-1.amazonaws.com/tracks/000/000/504/cake-1586955026-EUv7zLRW09.mp3,https://ncsmusic.s3.eu-west-1.amazonaws.com/tracks/000/000/504/100x100/cake-1586955022-qNjGNUFUJw.jpg
Venus (feat. Mylk),"Michael White, MYLK",House,"House, energetic, Mysterious, Quirky, Angry",20 Jun 2018,Regular,https://ncsmusic.s3.eu-west-1.amazonaws.com/tracks/000/000/503/venus-feat-mylk-1586955013-U1befJJVzk.mp3,https://ncsmusic.s3.eu-west-1.amazonaws.com/tracks/000/000/503/100x100/venus-feat-mylk-1586955008-PSOhXKpDRC.jpg
Summersong 2018,Elektronomia,House,"House, Happy, Hopeful, Euphoric, Epic",15 Jun 2018,Regular,https://ncsmusic.s3.eu-west-1.amazonaws.com/tracks/000/000/501/summersong-2018-1586954985-tCJJsY4Sq5.mp3,https://ncsmusic.s3.eu-west-1.amazonaws.com/tracks/000/000/501/100x100/summersong-2018-1586954973-1LoVrsQP5K.jpg
Savannah (feat. Philly K.),"Philly K., Diviners",Indie,"Indie Dance, Happy, Euphoric, Dreamy, relaxed",15 Jun 2018,Regular,https://ncsmusic.s3.eu-west-1.amazonaws.com/tracks/000/000/502/savannah-feat-philly-k-1586954998-uR15VVEY7r.mp3,https://ncsmusic.s3.eu-west-1.amazonaws.com/tracks/000/000/502/100x100/savannah-feat-philly-k-1586954996-ZiXyL6TjmD.jpg
Dreamers,Glude,Trap,"Trap, Dreamy, Euphoric, Quirky, Weird, Happy",13 Jun 2018,"Regular, Instrumental",https://ncsmusic.s3.eu-west-1.amazonaws.com/tracks/000/000/500/dreamers-1586954955-sKoXQUzT8F.mp3,https://ncsmusic.s3.eu-west-1.amazonaws.com/tracks/000/000/500/100x100/dreamers-1586954950-Z8fVSe5NBs.jpg
The Apocalypse,NIVIRO,Hardstyle,"Hardstyle, Dark, Weird, Gloomy, Quirky",8 Jun 2018,"Regular, Instrumental",https://ncsmusic.s3.eu-west-1.amazonaws.com/tracks/000/000/499/the-apocalypse-1586954926-PgX4BeZqcg.mp3,https://ncsmusic.s3.eu-west-1.amazonaws.com/tracks/000/000/499/100x100/the-apocalypse-1586954909-F2mE5GbBJ9.jpg
Ghost (feat. Eli Raain),"Eli Raain, Cadmium",Chill,"Chill, Fear, Peaceful, Dark, Laid Back",6 Jun 2018,"Regular, Instrumental",https://ncsmusic.s3.eu-west-1.amazonaws.com/tracks/000/000/498/ghost-feat-eli-raain-1586954885-aLLsr8jWrZ.mp3,https://ncsmusic.s3.eu-west-1.amazonaws.com/tracks/000/000/498/100x100/ghost-feat-eli-raain-1586954878-GXf2tblWmR.jpg
Donuts,2SCOOPS,EDM,"EDM, energetic, Euphoric, Happy, Hopeful",1 Jun 2018,"Regular, Instrumental",https://ncsmusic.s3.eu-west-1.amazonaws.com/tracks/000/000/497/donuts-1586954855-EiRIEDSPqC.mp3,https://ncsmusic.s3.eu-west-1.amazonaws.com/tracks/000/000/497/100x100/donuts-1586954852-d5MOPEMAp6.jpg
Universe,"Egzod, Tanjent",Trap,"Trap, Happy, Hopeful, Dreamy, energetic",30 May 2018,Regular,https://ncsmusic.s3.eu-west-1.amazonaws.com/tracks/000/000/496/universe-1586954842-6YCqvsyvmZ.mp3,https://ncsmusic.s3.eu-west-1.amazonaws.com/tracks/000/000/496/100x100/universe-1586954830-MdLfwOSd8r.jpg
Dino,Mountkid,Trap,"Trap, Funny, energetic, Quirky, Weird, Dark",25 May 2018,Regular,https://ncsmusic.s3.eu-west-1.amazonaws.com/tracks/000/000/495/dino-1586954819-0jcDCFwr1A.mp3,https://ncsmusic.s3.eu-west-1.amazonaws.com/tracks/000/000/495/100x100/dino-1586954806-r5DZp6N2dG.jpg
Ignoring My Heart,T-Mass,Trap,"Trap, Weird, Quirky, energetic, Mysterious",23 May 2018,Regular,https://ncsmusic.s3.eu-west-1.amazonaws.com/tracks/000/000/494/ignoring-my-heart-1586954795-vZ7diXJKU3.mp3,https://ncsmusic.s3.eu-west-1.amazonaws.com/tracks/000/000/494/100x100/ignoring-my-heart-1586954790-NF1W6XWiVV.jpg
Dimensions,Last Heroes,Melodic Dubstep,"Melodic Dubstep, Epic, Restless, Dark, Suspense",18 May 2018,Regular,https://ncsmusic.s3.eu-west-1.amazonaws.com/tracks/000/000/492/dimensions-1586954749-32uKBwplIR.mp3,https://ncsmusic.s3.eu-west-1.amazonaws.com/tracks/000/000/492/100x100/dimensions-1586954738-VRXAs4lEcM.jpg
Crash N Burn (feat. Man 3 Faces),"The Lifted, Man 3 Faces",EDM,"EDM, Euphoric, Angry, sad, Gloomy",18 May 2018,"Regular, Instrumental",https://ncsmusic.s3.eu-west-1.amazonaws.com/tracks/000/000/493/crash-n-burn-feat-man-3-faces-1586954770-LB8Qd9puYG.mp3,https://ncsmusic.s3.eu-west-1.amazonaws.com/tracks/000/000/493/100x100/crash-n-burn-feat-man-3-faces-1586954761-tavtZ1xV7m.jpg
Spotlight (feat. AWA),"Deflo, AWA",House,"House, Weird, Quirky, Hopeful, Restless",16 May 2018,"Regular, Instrumental",https://ncsmusic.s3.eu-west-1.amazonaws.com/tracks/000/000/491/spotlight-feat-awa-1586954720-kdEFL781kq.mp3,https://ncsmusic.s3.eu-west-1.amazonaws.com/tracks/000/000/491/100x100/spotlight-feat-awa-1586954683-ObhSOXooIB.jpg
Haha,Kozah,Trap,"Trap, Quirky, Weird, Euphoric, Restless",11 May 2018,Regular,https://ncsmusic.s3.eu-west-1.amazonaws.com/tracks/000/000/490/haha-1586954670-UJmhrRG6HD.mp3,https://ncsmusic.s3.eu-west-1.amazonaws.com/tracks/000/000/490/100x100/haha-1586954667-dG2XxpFzms.jpg
Zig Zag,Clarx,Future House,"Future House, Dark, Gloomy, energetic, Suspense",9 May 2018,Regular,https://ncsmusic.s3.eu-west-1.amazonaws.com/tracks/000/000/489/zig-zag-1586954656-C7f4Ah0eF3.mp3,https://ncsmusic.s3.eu-west-1.amazonaws.com/tracks/000/000/489/100x100/zig-zag-1586954648-PDY0U4d1FC.jpg
Waiting,"Ship Wrek, The Highrollers",House,"House, Quirky, Mysterious, sad, romantic",4 May 2018,"Regular, Instrumental",https://ncsmusic.s3.eu-west-1.amazonaws.com/tracks/000/000/488/waiting-1586954633-oAYB1FDMLO.mp3,https://ncsmusic.s3.eu-west-1.amazonaws.com/tracks/000/000/488/100x100/waiting-1586954625-IZJ1eC7VXU.jpg
Seasons [Futuristik & Whogaux Remix] [Instrumental],"Cadmium, Rival, Futuristik, Whogaux",Drum & Bass,"Drum & Bass, energetic, romantic, Hopeful, Happy",2 May 2018,Regular,https://ncsmusic.s3.eu-west-1.amazonaws.com/tracks/000/000/470/seasons-futuristik-whogaux-remix-instrumental-1586954251-KE8KewZk9u.mp3,https://ncsmusic.s3.eu-west-1.amazonaws.com/tracks/000/000/470/100x100/seasons-futuristik-whogaux-remix-instrumental-1586954242-9lHHhxxF6t.jpg
Phototropic,Chime,Melodic Dubstep,"Melodic Dubstep, Euphoric, energetic, Happy, Hopeful",2 May 2018,Regular,https://ncsmusic.s3.eu-west-1.amazonaws.com/tracks/000/000/471/phototropic-1586954262-60cAnzvrwM.mp3,https://ncsmusic.s3.eu-west-1.amazonaws.com/tracks/000/000/471/100x100/phototropic-1586954261-Vis77xc5sD.jpg
Bubble,Raven & Kreyn,House,"House, energetic, Happy, Hopeful, Euphoric",2 May 2018,Regular,https://ncsmusic.s3.eu-west-1.amazonaws.com/tracks/000/000/472/bubble-1586954276-Q1Wzsa1ivi.mp3,https://ncsmusic.s3.eu-west-1.amazonaws.com/tracks/000/000/472/100x100/bubble-1586954273-kAwNAHIxry.jpg
Memes,NIVIRO,House,"House, energetic, Funny, Epic, Restless",2 May 2018,Regular,https://ncsmusic.s3.eu-west-1.amazonaws.com/tracks/000/000/473/memes-1586954292-kBF1rtjULL.mp3,https://ncsmusic.s3.eu-west-1.amazonaws.com/tracks/000/000/473/100x100/memes-1586954284-CnrctjatT4.jpg
Everything [Instrumental],Diamond Eyes,Melodic Dubstep,"Melodic Dubstep, Dreamy, Hopeful, romantic, Happy",2 May 2018,Regular,https://ncsmusic.s3.eu-west-1.amazonaws.com/tracks/000/000/474/everything-instrumental-1586954312-FfuzLylzmM.mp3,https://ncsmusic.s3.eu-west-1.amazonaws.com/tracks/000/000/474/100x100/everything-instrumental-1586954302-qKQiC2WaXd.jpg
Why Do I? (Instrumental),"Bri Tolani, Unknown Brain",Trap,"Trap, romantic, Quirky, Sexy, Hopeful",2 May 2018,Regular,https://ncsmusic.s3.eu-west-1.amazonaws.com/tracks/000/000/475/1730308474_IYrXfLdvJP_Unknown-Brain---Why-Do-I-Instrumental.mp3,https://ncsmusic.s3.eu-west-1.amazonaws.com/tracks/000/000/475/100x100/why-do-i-instrumental-1586954322-r6NaRTcK0a.jpg
Streetlight People (feat. Harley Bird),"Sinner's Heist, Harley Bird",Trap,"Trap, Dark, Gloomy, Suspense, Fear",2 May 2018,"Regular, Instrumental",https://ncsmusic.s3.eu-west-1.amazonaws.com/tracks/000/000/476/streetlight-people-feat-harley-bird-1586954342-YRQxq8M2IR.mp3,https://ncsmusic.s3.eu-west-1.amazonaws.com/tracks/000/000/476/100x100/streetlight-people-feat-harley-bird-1586954340-ceKjmy3lKB.jpg
Forever,Domastic,Future House,"Future House, Dark, Gloomy, Suspense, Fear",2 May 2018,Regular,https://ncsmusic.s3.eu-west-1.amazonaws.com/tracks/000/000/477/forever-1586954383-deWw7nZfKh.mp3,https://ncsmusic.s3.eu-west-1.amazonaws.com/tracks/000/000/477/100x100/forever-1586954372-kD6tblTYhY.jpg
Holding On,"Floatinurboat, Chris Linton",Chill,"Chill, romantic, sad, Hopeful, Euphoric",2 May 2018,"Regular, Instrumental",https://ncsmusic.s3.eu-west-1.amazonaws.com/tracks/000/000/478/holding-on-1586954397-18O2459H31.mp3,https://ncsmusic.s3.eu-west-1.amazonaws.com/tracks/000/000/478/100x100/holding-on-1586954395-LOV7HAE8W7.jpg
No Lullaby,Mountkid,Trap,"Trap, Angry, Dark, Gloomy, Sexy",2 May 2018,Regular,https://ncsmusic.s3.eu-west-1.amazonaws.com/tracks/000/000/479/no-lullaby-1586954433-PxWj1XnttQ.mp3,https://ncsmusic.s3.eu-west-1.amazonaws.com/tracks/000/000/479/100x100/no-lullaby-1586954424-DyyjyQhTcQ.jpg
Seasons (feat. Harley Bird) [Futuristik & Whogaux Remix],"Cadmium, Rival, Futuristik",Drum & Bass,"Drum & Bass, energetic, romantic, Hopeful, Happy",2 May 2018,Regular,https://ncsmusic.s3.eu-west-1.amazonaws.com/tracks/000/000/480/seasons-feat-harley-bird-futuristik-whogaux-remix-1586954450-ZHsHdVI2oE.mp3,https://ncsmusic.s3.eu-west-1.amazonaws.com/tracks/000/000/480/100x100/seasons-feat-harley-bird-futuristik-whogaux-remix-1586954442-6IaoIlBQXJ.jpg
Under Water,Fareoh,Trap,"Trap, Dark, Suspense, Gloomy, Angry, energetic",2 May 2018,Regular,https://ncsmusic.s3.eu-west-1.amazonaws.com/tracks/000/000/481/under-water-1586954469-OxX4U5PwVV.mp3,https://ncsmusic.s3.eu-west-1.amazonaws.com/tracks/000/000/481/100x100/under-water-1586954461-kBf7nTGSnI.jpg
Everything,Diamond Eyes,Melodic Dubstep,"Melodic Dubstep, romantic, Dreamy, Happy, Hopeful, Euphoric",2 May 2018,Regular,https://ncsmusic.s3.eu-west-1.amazonaws.com/tracks/000/000/482/everything-1586954487-4HIIGx454b.mp3,https://ncsmusic.s3.eu-west-1.amazonaws.com/tracks/000/000/482/100x100/everything-1586954477-cCET17ui2u.jpg
Streetlight People [Instrumental],"Sinner's Heist, Harley Bird",Trap,"Trap, Dark, Gloomy, Suspense, Fear",2 May 2018,Regular,https://ncsmusic.s3.eu-west-1.amazonaws.com/tracks/000/000/483/streetlight-people-instrumental-1586954496-bjkhxwwRZZ.mp3,https://ncsmusic.s3.eu-west-1.amazonaws.com/tracks/000/000/483/100x100/1718028372_NtWVyKr2ux_artworks-000359400846-unkjbt-t500x500.jpg
Closer [Intrumental],"Au5, Danyka Nadeau",Melodic Dubstep,"Melodic Dubstep, Euphoric, energetic, Mysterious, Quirky",2 May 2018,"Regular, Instrumental",https://ncsmusic.s3.eu-west-1.amazonaws.com/tracks/000/000/484/closer-intrumental-1586954505-atjPn3eVKs.mp3,https://ncsmusic.s3.eu-west-1.amazonaws.com/tracks/000/000/484/100x100/closer-intrumental-1586954498-oKMpSOYz2W.jpg
Closer (feat. Danyka Nadeau),"Au5, Danyka Nadeau",Melodic Dubstep,"Melodic Dubstep, Euphoric, energetic, Mysterious, Quirky",2 May 2018,"Regular, Instrumental",https://ncsmusic.s3.eu-west-1.amazonaws.com/tracks/000/000/485/closer-feat-danyka-nadeau-1586954537-t2Hdco8TQy.mp3,https://ncsmusic.s3.eu-west-1.amazonaws.com/tracks/000/000/485/100x100/closer-feat-danyka-nadeau-1586954528-pblBTwyK1N.jpg
Holding On [Instrumental],"Floatinurboat, Chris Linton",Chill,"Chill, Hopeful, sad, Suspense, Dark",2 May 2018,"Regular, Instrumental",https://ncsmusic.s3.eu-west-1.amazonaws.com/tracks/000/000/486/holding-on-instrumental-1586954567-JrLMyXxJdz.mp3,https://ncsmusic.s3.eu-west-1.amazonaws.com/tracks/000/000/486/100x100/holding-on-instrumental-1586954565-uGvqcnPu1U.jpg
Why Do I? (feat. Bri Tolani),"Unknown Brain, Bri Tolani",Trap,"Trap, romantic, Quirky, Sexy, Hopeful",2 May 2018,"Regular, Instrumental",https://ncsmusic.s3.eu-west-1.amazonaws.com/tracks/000/000/487/why-do-i-feat-bri-tolani-1586954600-5IMWlSMhuc.mp3,https://ncsmusic.s3.eu-west-1.amazonaws.com/tracks/000/000/487/100x100/why-do-i-feat-bri-tolani-1586954592-AkIU1vSG9q.jpg
Why Do I? (feat. Bri Tolani) (Sped Up),"Bri Tolani, Unknown Brain",Trap,"Trap, romantic, Quirky, Sexy, Hopeful",20 Apr 2018,Regular,https://ncsmusic.s3.eu-west-1.amazonaws.com/tracks/000/001/779/why-do-i-feat-bri-tolani-sped-up-1728288066-bJj3Pl1HCy.mp3,https://ncsmusic.s3.eu-west-1.amazonaws.com/tracks/000/001/779/100x100/why-do-i-feat-bri-tolani-sped-up-1728288065-IEMySnbwsg.jpg
Why Do I? (feat. Bri Tolani) (Slowed),"Slowed Sounds, Bri Tolani, Unknown Brain",Trap,"Trap, romantic, Quirky, Sexy, Hopeful",20 Apr 2018,Regular,https://ncsmusic.s3.eu-west-1.amazonaws.com/tracks/000/001/780/why-do-i-feat-bri-tolani-slowed-1728288074-ijWo478X1W.mp3,https://ncsmusic.s3.eu-west-1.amazonaws.com/tracks/000/001/780/100x100/why-do-i-feat-bri-tolani-slowed-1728288073-fxL9HHIdQq.jpg
Seasons (feat. Harley Bird),"Rival, Cadmium, Harley Bird",Chill,"Chill, romantic, Glamorous, Sexy, Hopeful",4 Apr 2018,"Regular, Instrumental",https://ncsmusic.s3.eu-west-1.amazonaws.com/tracks/000/000/469/1617274255_CL5cDBtHsP_Rival-X-Cadmium---Seasons-feat.-Harley-Bird-NCS-Release.mp3,https://ncsmusic.s3.eu-west-1.amazonaws.com/tracks/000/000/469/100x100/seasons-feat-harley-bird-1586954214-Xa67nngBDi.jpg
Paper Crowns (feat. Leo The Kind) [Nurko Remix],"Egzod, Leo The Kind, Nurko",EDM,"EDM, Hopeful, Euphoric, Happy, Dreamy",30 Mar 2018,Regular,https://ncsmusic.s3.eu-west-1.amazonaws.com/tracks/000/000/467/paper-crowns-feat-leo-the-kind-nurko-remix-1586954180-R73V32kB6K.mp3,https://ncsmusic.s3.eu-west-1.amazonaws.com/tracks/000/000/467/100x100/paper-crowns-feat-leo-the-kind-nurko-remix-1586954178-veylCRJSkL.png
Thrill Is Gone (feat. Mark Borino),"Kovan, Mark Borino",House,"House, energetic, Angry, Weird, Quirky",30 Mar 2018,"Regular, Instrumental",https://ncsmusic.s3.eu-west-1.amazonaws.com/tracks/000/000/468/thrill-is-gone-feat-mark-borino-1586954190-TarsrybPFN.mp3,https://ncsmusic.s3.eu-west-1.amazonaws.com/tracks/000/000/468/100x100/thrill-is-gone-feat-mark-borino-1586954187-FMQ5aP32Wr.jpg
Story,Rameses B,Drum & Bass,"Drum & Bass, energetic, Dreamy, Happy, Glamorous, Hopeful",28 Mar 2018,Regular,https://ncsmusic.s3.eu-west-1.amazonaws.com/tracks/000/000/466/story-1586954169-T9GIJbgJxJ.mp3,https://ncsmusic.s3.eu-west-1.amazonaws.com/tracks/000/000/466/100x100/story-1586954161-jIkaChVZWX.jpg
Fools Gold,"Ship Wrek, Essy",Trap,"Trap, energetic, Euphoric, Angry, Restless",23 Mar 2018,"Regular, Instrumental",https://ncsmusic.s3.eu-west-1.amazonaws.com/tracks/000/000/465/fools-gold-1586954144-hb5pMRCDNI.mp3,https://ncsmusic.s3.eu-west-1.amazonaws.com/tracks/000/000/465/100x100/fools-gold-1586954140-kfv1XKpl5W.jpg
Lonewolf (feat. Kristi-Leah),"Emdi, Coorby, Kristi-Leah",Trap,"Trap, Weird, Suspense, energetic, Quirky",21 Mar 2018,"Regular, Instrumental",https://ncsmusic.s3.eu-west-1.amazonaws.com/tracks/000/000/464/lonewolf-feat-kristi-leah-1586954122-WORWsdp3T4.mp3,https://ncsmusic.s3.eu-west-1.amazonaws.com/tracks/000/000/464/100x100/lonewolf-feat-kristi-leah-1586954113-EssEI2PdUb.jpg
Stronger (feat. Jessica Reynoso),"Lemon Fight, Jessica Reynoso",Electronic,"Electronic, energetic, Hopeful, Happy, Restless",16 Mar 2018,"Regular, Instrumental",https://ncsmusic.s3.eu-west-1.amazonaws.com/tracks/000/000/463/1718030794_gSpwPfXKEW_Lemon-Fight---Stronger-Ft.-Jessica-Reynoso.mp3,https://ncsmusic.s3.eu-west-1.amazonaws.com/tracks/000/000/463/100x100/stronger-feat-jessica-reynoso-1586954052-pJ67dzau7R.jpg
Dream Forever,"Raven & Kreyn, Moji, Illusion",Trap,"Trap, Dreamy, Happy, Euphoric, energetic",14 Mar 2018,Regular,https://ncsmusic.s3.eu-west-1.amazonaws.com/tracks/000/000/462/dream-forever-1586954039-3zBBfraJJi.mp3,https://ncsmusic.s3.eu-west-1.amazonaws.com/tracks/000/000/462/100x100/dream-forever-1586954030-8c7plOkuvr.jpg
Mates,Weero,House,"House, Quirky, Weird, Happy, energetic",10 Mar 2018,"Regular, Instrumental",https://ncsmusic.s3.eu-west-1.amazonaws.com/tracks/000/000/461/mates-1586954010-clbujsU2wl.mp3,https://ncsmusic.s3.eu-west-1.amazonaws.com/tracks/000/000/461/100x100/mates-1586953999-iIhIhHxAqs.jpg
Awakening,Defqwop,House,"House, Happy, Hopeful, Euphoric, Dreamy, energetic",7 Mar 2018,Regular,https://ncsmusic.s3.eu-west-1.amazonaws.com/tracks/000/000/460/awakening-1586953990-dQhmgHfC79.mp3,https://ncsmusic.s3.eu-west-1.amazonaws.com/tracks/000/000/460/100x100/awakening-1586953979-GnQ6NXpehv.jpg
Let Me In,Andromedik,Drum & Bass,"Drum & Bass, romantic, energetic, Hopeful, Restless",2 Mar 2018,"Regular, Instrumental",https://ncsmusic.s3.eu-west-1.amazonaws.com/tracks/000/000/459/let-me-in-1586953956-M35ocXOl6n.mp3,https://ncsmusic.s3.eu-west-1.amazonaws.com/tracks/000/000/459/100x100/let-me-in-1586953941-k1nL8Mc5QA.jpg
Too Far Gone,Inukshuk,Chill,"Chill, Dreamy, Euphoric, Glamorous, Happy",28 Feb 2018,"Regular, Instrumental",https://ncsmusic.s3.eu-west-1.amazonaws.com/tracks/000/000/458/too-far-gone-1586953916-h0uDdyzWm6.mp3,https://ncsmusic.s3.eu-west-1.amazonaws.com/tracks/000/000/458/100x100/too-far-gone-1586953901-rs21EJ3iiZ.jpg
Feel Again (feat. Harley Bird),"Culture Code, Harley Bird",House,"House, Happy, Hopeful, Euphoric, energetic",24 Feb 2018,"Regular, Instrumental",https://ncsmusic.s3.eu-west-1.amazonaws.com/tracks/000/000/457/feel-again-feat-harley-bird-1586953871-ins2Xkh9rk.mp3,https://ncsmusic.s3.eu-west-1.amazonaws.com/tracks/000/000/457/100x100/feel-again-feat-harley-bird-1586953869-L074LzWG7u.jpg
H.A.Y,Clarx,Future House,"Future House, Dark, Gloomy, scary, Suspense, energetic",21 Feb 2018,"Regular, Instrumental",https://ncsmusic.s3.eu-west-1.amazonaws.com/tracks/000/000/456/hay-1586953843-hMLtBHsSVp.mp3,https://ncsmusic.s3.eu-west-1.amazonaws.com/tracks/000/000/456/100x100/hay-1586953832-upUeitjyC6.jpg
Paradise (feat. Akacia),"HYLO, AKACIA",Trap,"Trap, Sexy, energetic, Weird, Quirky",16 Feb 2018,"Regular, Instrumental",https://ncsmusic.s3.eu-west-1.amazonaws.com/tracks/000/000/455/paradise-feat-akacia-1586953813-t9bYp9EPUq.mp3,https://ncsmusic.s3.eu-west-1.amazonaws.com/tracks/000/000/455/100x100/paradise-feat-akacia-1586953802-FwCsZluHIV.jpg
Get The Party,CØDE,House,"House, Dark, energetic, Suspense, Fear",14 Feb 2018,Regular,https://ncsmusic.s3.eu-west-1.amazonaws.com/tracks/000/000/454/get-the-party-1586953789-0liifgiVhF.mp3,https://ncsmusic.s3.eu-west-1.amazonaws.com/tracks/000/000/454/100x100/get-the-party-1586953780-ALB7bgEMHG.jpg
My City,"Egzod, Anna Yvette",Trap,"Trap, Quirky, Weird, Dark, Gloomy",10 Feb 2018,"Regular, Instrumental",https://ncsmusic.s3.eu-west-1.amazonaws.com/tracks/000/000/453/my-city-1586953763-TbFu3KLO5L.mp3,https://ncsmusic.s3.eu-west-1.amazonaws.com/tracks/000/000/453/100x100/my-city-1586953756-DuGe0XKY8i.jpg
Wicked Ways (feat. Danyka Nadeau),"Killabyte, Danyka Nadeau",EDM,"EDM, Quirky, Dark, sad, Mysterious",7 Feb 2018,"Regular, Instrumental",https://ncsmusic.s3.eu-west-1.amazonaws.com/tracks/000/000/452/wicked-ways-feat-danyka-nadeau-1586953733-1ydXKn29P2.mp3,https://ncsmusic.s3.eu-west-1.amazonaws.com/tracks/000/000/452/100x100/wicked-ways-feat-danyka-nadeau-1586953720-3BPWIEcfKX.jpg
Imagine,Jim Yosef,House,"House, Happy, Hopeful, energetic, Euphoric",3 Feb 2018,Regular,https://ncsmusic.s3.eu-west-1.amazonaws.com/tracks/000/000/451/imagine-1586953712-PjfTAsj2s7.mp3,https://ncsmusic.s3.eu-west-1.amazonaws.com/tracks/000/000/451/100x100/imagine-1586953710-4wJybAsS8x.jpg
Get Over You (feat. Valentina Franco),"JPB, Valentina Franco",Trap,"Trap, romantic, sad, Dark, Gloomy",31 Jan 2018,"Regular, Instrumental",https://ncsmusic.s3.eu-west-1.amazonaws.com/tracks/000/000/450/get-over-you-feat-valentina-franco-1586953690-ByThjdnkPB.mp3,https://ncsmusic.s3.eu-west-1.amazonaws.com/tracks/000/000/450/100x100/get-over-you-feat-valentina-franco-1586953688-ivmdMuu8pO.jpg
Fingertips,Kisma,House,"House, Happy, energetic, Euphoric, Dreamy",27 Jan 2018,Regular,https://ncsmusic.s3.eu-west-1.amazonaws.com/tracks/000/000/449/fingertips-1586953678-oR6k5L9Ih6.mp3,https://ncsmusic.s3.eu-west-1.amazonaws.com/tracks/000/000/449/100x100/fingertips-1586953676-11tS6UU3sR.jpg
Dancefloor,3rd Prototype,Future House,"Future House, Suspense, Angry, energetic, Dark",24 Jan 2018,"Regular, Instrumental",https://ncsmusic.s3.eu-west-1.amazonaws.com/tracks/000/000/448/dancefloor-1586953660-AQhaWDwiWV.mp3,https://ncsmusic.s3.eu-west-1.amazonaws.com/tracks/000/000/448/100x100/dancefloor-1586953651-v3JizeFdDT.jpg
Night Caller (feat. Project Nightfall),"Abandoned, InfiNoise, Project Nightfall",House,"House, Dreamy, Restless, Mysterious, Euphoric",20 Jan 2018,Regular,https://ncsmusic.s3.eu-west-1.amazonaws.com/tracks/000/000/447/night-caller-feat-project-nightfall-1586953638-qjrvlkvSFR.mp3,https://ncsmusic.s3.eu-west-1.amazonaws.com/tracks/000/000/447/100x100/night-caller-feat-project-nightfall-1586953629-NIDFhdw33Y.jpg
Aurora,Krakn,Future House,"Future House, energetic, Epic, Mysterious, Restless",17 Jan 2018,Regular,https://ncsmusic.s3.eu-west-1.amazonaws.com/tracks/000/000/446/aurora-1586953619-Fj6OQaMQNX.mp3,https://ncsmusic.s3.eu-west-1.amazonaws.com/tracks/000/000/446/100x100/aurora-1586953607-DYlYHWyyIX.jpg
Flares,NIVIRO,House,"House, Happy, Hopeful, Euphoric, Dreamy",13 Jan 2018,Regular,https://ncsmusic.s3.eu-west-1.amazonaws.com/tracks/000/000/445/flares-1586953595-MWxybuVljR.mp3,https://ncsmusic.s3.eu-west-1.amazonaws.com/tracks/000/000/445/100x100/flares-1586953590-oJgvFqi2G4.jpg
Blank (HYLO Remix),"Disfigure, HYLO",Trap,"Trap, Dark, Gloomy, Quirky, Weird",12 Jan 2018,Regular,https://ncsmusic.s3.eu-west-1.amazonaws.com/tracks/000/000/444/blank-hylo-remix-1586953578-XSpIhokaPs.mp3,https://ncsmusic.s3.eu-west-1.amazonaws.com/tracks/000/000/444/100x100/blank-hylo-remix-1586953567-EVa3FQ0ZO2.jpg
Chains (feat. Alina Renae),"Far Out, Alina Renae",Chill,"Chill, Sexy, Dark, Gloomy, Suspense",10 Jan 2018,Regular,https://ncsmusic.s3.eu-west-1.amazonaws.com/tracks/000/000/443/chains-feat-alina-renae-1586953557-NlHskY75Pf.mp3,https://ncsmusic.s3.eu-west-1.amazonaws.com/tracks/000/000/443/100x100/chains-feat-alina-renae-1586953551-x5aGUYPqu3.jpg
Mirage (feat. Leo The Kind),"Leo The Kind, Egzod",Trap,"Trap, Dreamy, Epic, Quirky, Weird",6 Jan 2018,"Regular, Instrumental",https://ncsmusic.s3.eu-west-1.amazonaws.com/tracks/000/000/442/mirage-feat-leo-the-kind-1586953527-5WkdIbrFuq.mp3,https://ncsmusic.s3.eu-west-1.amazonaws.com/tracks/000/000/442/100x100/mirage-feat-leo-the-kind-1586953508-M7DySRNdAQ.jpg
Got You,Michael White,Future House,"Future House, Dark, scary, Suspense, Gloomy",3 Jan 2018,Regular,https://ncsmusic.s3.eu-west-1.amazonaws.com/tracks/000/000/441/got-you-1586953496-vvLh4iIEo8.mp3,https://ncsmusic.s3.eu-west-1.amazonaws.com/tracks/000/000/441/100x100/got-you-1586953488-B4cQzOWbAD.jpg
Home,"Jordan Schor, Harley Bird",EDM,"EDM, Dreamy, romantic, relaxed, Quirky",30 Dec 2017,"Regular, Instrumental",https://ncsmusic.s3.eu-west-1.amazonaws.com/tracks/000/000/440/home-1586953459-PECPJWAIlq.mp3,https://ncsmusic.s3.eu-west-1.amazonaws.com/tracks/000/000/440/100x100/home-1586953457-e1dreW5MEZ.jpeg
Holding You (feat. Max Landry),"Unknown Brain, Spce CadeX, Max Landry",Trap,"Trap, romantic, Hopeful, Happy, Sexy",28 Dec 2017,Regular,https://ncsmusic.s3.eu-west-1.amazonaws.com/tracks/000/000/439/holding-you-feat-max-landry-1586953446-7LEEjLIh4j.mp3,https://ncsmusic.s3.eu-west-1.amazonaws.com/tracks/000/000/439/100x100/holding-you-feat-max-landry-1586953445-S01nkpuakV.jpg
Radiate (feat. Mees Van Den Berg),"ElementD, Chordinatez, Mees van den Berg",Hardstyle,"Hardstyle, energetic, Epic, Restless, Euphoric",26 Dec 2017,Regular,https://ncsmusic.s3.eu-west-1.amazonaws.com/tracks/000/000/438/radiate-feat-mees-van-den-berg-1586953432-lbD4VVGVJA.mp3,https://ncsmusic.s3.eu-west-1.amazonaws.com/tracks/000/000/438/100x100/radiate-feat-mees-van-den-berg-1586953430-lF2hxlebED.jpg
Fearless pt. II (feat. Chris Linton),"TULE, Chris Linton",Trap,"Trap, scary, Dark, Gloomy, Fear",23 Dec 2017,Regular,https://ncsmusic.s3.eu-west-1.amazonaws.com/tracks/000/000/437/1642597731_7Oh2UXW77m_Lost-Sky---Fearless-pt.-II-feat.-Chris-Linton-NCS-Release.mp3,https://ncsmusic.s3.eu-west-1.amazonaws.com/tracks/000/000/437/100x100/1642597731_dEkhkKrK5x_Artwork.jpg
Double D,Debris,Future House,"Future House, Angry, Dark, energetic, Gloomy",21 Dec 2017,Regular,https://ncsmusic.s3.eu-west-1.amazonaws.com/tracks/000/000/436/double-d-1586953372-2shDRricv2.mp3,https://ncsmusic.s3.eu-west-1.amazonaws.com/tracks/000/000/436/100x100/double-d-1586953370-QoqGTF17rT.jpg
Just Stay,Ashley Apollodor,Melodic Dubstep,"Melodic Dubstep, romantic, Hopeful, Dreamy, Euphoric, relaxed",19 Dec 2017,"Regular, Instrumental",https://ncsmusic.s3.eu-west-1.amazonaws.com/tracks/000/000/435/just-stay-1586953332-cv8zYSa8b6.mp3,https://ncsmusic.s3.eu-west-1.amazonaws.com/tracks/000/000/435/100x100/just-stay-1586953330-J0mtenm5Lk.jpg
Puzzle VIP,RetroVision,House,"House, Happy, Hopeful, Euphoric, energetic",16 Dec 2017,Regular,https://ncsmusic.s3.eu-west-1.amazonaws.com/tracks/000/000/433/1698245870_PJuZuifPxO_RetroVision---Puzzle-_NCS-Release_.mp3,https://ncsmusic.s3.eu-west-1.amazonaws.com/tracks/000/000/433/100x100/puzzle-vip-1586953308-XKCROTvTFh.jpg
Linked,"Jim Yosef, Anna Yvette",Drumstep,"Drumstep, Hopeful, romantic, Euphoric, energetic",16 Dec 2017,Regular,https://ncsmusic.s3.eu-west-1.amazonaws.com/tracks/000/000/434/linked-1586953319-v8FLkcjqgO.mp3,https://ncsmusic.s3.eu-west-1.amazonaws.com/tracks/000/000/434/100x100/linked-1586953317-0BranYHgw8.jpg
Runaway (feat. Valentina Franco) [Culture Code Remix],"Halcyon, Valentina Franco, Culture Code",House,House,15 Dec 2017,Regular,https://ncsmusic.s3.eu-west-1.amazonaws.com/tracks/000/000/432/runaway-feat-valentina-franco-culture-code-remix-1586953293-YpxWGEd0fy.mp3,https://ncsmusic.s3.eu-west-1.amazonaws.com/tracks/000/000/432/100x100/runaway-feat-valentina-franco-culture-code-remix-1586953291-ii2zzf01UT.jpg
December (feat. Gian),"Halcyon, GIAN",Chill,"Chill, Laid Back, Peaceful, Dreamy, Hopeful",13 Dec 2017,"Regular, Instrumental",https://ncsmusic.s3.eu-west-1.amazonaws.com/tracks/000/000/431/december-feat-gian-1586953199-4uNjU09vrx.mp3,https://ncsmusic.s3.eu-west-1.amazonaws.com/tracks/000/000/431/100x100/december-feat-gian-1586953186-sQsgbvNfLL.jpg
Stronger,Prismo,Trap,"Trap, Dark, Angry, Gloomy, Quirky",9 Dec 2017,"Regular, Instrumental",https://ncsmusic.s3.eu-west-1.amazonaws.com/tracks/000/000/430/stronger-1586953161-ZE7ezu5FSM.mp3,https://ncsmusic.s3.eu-west-1.amazonaws.com/tracks/000/000/430/100x100/stronger-1586953156-2UtNfuxfSu.jpg
Burn It,Axollo,Future House,"Future House, Dark, energetic, Angry, Gloomy",8 Dec 2017,Regular,https://ncsmusic.s3.eu-west-1.amazonaws.com/tracks/000/000/429/burn-it-1586953141-dqgTS1cpet.mp3,https://ncsmusic.s3.eu-west-1.amazonaws.com/tracks/000/000/429/100x100/burn-it-1586953126-sdZGM2DP7Z.jpg
Duck Face,CØDE,House,"House, Happy, Weird, Quirky, Dreamy",2 Dec 2017,Regular,https://ncsmusic.s3.eu-west-1.amazonaws.com/tracks/000/000/427/duck-face-1586953064-Bhnq7aPU9k.mp3,https://ncsmusic.s3.eu-west-1.amazonaws.com/tracks/000/000/427/100x100/duck-face-1586953061-AqcWNYDuU5.jpg
Green Lights,Mekanism,Drum & Bass,"Drum & Bass, Happy, Hopeful, Euphoric, energetic",29 Nov 2017,"Regular, Instrumental",https://ncsmusic.s3.eu-west-1.amazonaws.com/tracks/000/000/426/green-lights-1586953037-LLHhO7DTd0.mp3,https://ncsmusic.s3.eu-west-1.amazonaws.com/tracks/000/000/426/100x100/green-lights-1586953031-r9ykrMeHm5.jpg
The Guardian of Angels,NIVIRO,EDM,"EDM, energetic, Restless, Quirky, Weird",25 Nov 2017,"Regular, Instrumental",https://ncsmusic.s3.eu-west-1.amazonaws.com/tracks/000/000/425/the-guardian-of-angels-1586952995-uaSpcenzXK.mp3,https://ncsmusic.s3.eu-west-1.amazonaws.com/tracks/000/000/425/100x100/the-guardian-of-angels-1586952969-ayvA0QiiyV.jpg
Runaway (feat. Valentina Franco) [TARI Remix],"Halcyon, Valentina Franco, TARI",Trap,"Trap, sad, Epic, Suspense, Gloomy",24 Nov 2017,"Regular, Instrumental",https://ncsmusic.s3.eu-west-1.amazonaws.com/tracks/000/000/424/runaway-feat-valentina-franco-tari-remix-1586952950-2NFtl0HHM9.mp3,https://ncsmusic.s3.eu-west-1.amazonaws.com/tracks/000/000/424/100x100/runaway-feat-valentina-franco-tari-remix-1586952946-bxlklFyM9f.jpg
Lush (feat. Holly Drummond),"Au5, Last Heroes, Holly Drummond",Dubstep,"Dubstep, Dreamy, Happy, Euphoric, Epic",22 Nov 2017,"Regular, Instrumental",https://ncsmusic.s3.eu-west-1.amazonaws.com/tracks/000/000/423/lush-feat-holly-drummond-1586952916-9F7YSVZbWp.mp3,https://ncsmusic.s3.eu-west-1.amazonaws.com/tracks/000/000/423/100x100/lush-feat-holly-drummond-1586952905-iNM69kGUx6.jpg
You & Me (feat. Axol),"Alex Skrindo, Axol",House,"House, Happy, energetic, Hopeful, romantic",18 Nov 2017,Regular,https://ncsmusic.s3.eu-west-1.amazonaws.com/tracks/000/000/422/you-me-feat-axol-1586952888-i9ru4Sfznx.mp3,https://ncsmusic.s3.eu-west-1.amazonaws.com/tracks/000/000/422/100x100/you-me-feat-axol-1586952870-6y1DyhRzBQ.jpg
Run Away (feat. Lusil),"Lusil, Whales, Jo. Cohen",Trap,"Trap, Happy, Hopeful, Euphoric, Dreamy",15 Nov 2017,Regular,https://ncsmusic.s3.eu-west-1.amazonaws.com/tracks/000/000/421/run-away-feat-lusil-1586952856-iPUtoKgwMM.mp3,https://ncsmusic.s3.eu-west-1.amazonaws.com/tracks/000/000/421/100x100/run-away-feat-lusil-1586952838-sdQfeXSiS5.jpg
The Long Road Home,Inukshuk,Chill,"Chill, Laid Back, Peaceful, Euphoric, relaxed",11 Nov 2017,"Regular, Instrumental",https://ncsmusic.s3.eu-west-1.amazonaws.com/tracks/000/000/420/the-long-road-home-1586952793-4nyiPgPQVG.mp3,https://ncsmusic.s3.eu-west-1.amazonaws.com/tracks/000/000/420/100x100/the-long-road-home-1586952766-M45mDz3rMA.jpg
Incomplete (T-Mass Remix),"Aero Chord, Anuka, T-Mass",Trap,"Trap, romantic, sad, Peaceful, Laid Back",10 Nov 2017,Regular,https://ncsmusic.s3.eu-west-1.amazonaws.com/tracks/000/000/419/incomplete-t-mass-remix-1586952746-j5LbKvhWee.mp3,https://ncsmusic.s3.eu-west-1.amazonaws.com/tracks/000/000/419/100x100/incomplete-t-mass-remix-1586952732-GktiVEQ9O9.jpg
Oblivion (feat. Micah Martin),"Dirty Palm, Micah Martin",Future House,"Future House, Angry, energetic, Gloomy, Dark",8 Nov 2017,"Regular, Instrumental",https://ncsmusic.s3.eu-west-1.amazonaws.com/tracks/000/000/418/oblivion-feat-micah-martin-1586952691-XQ0cdyenAT.mp3,https://ncsmusic.s3.eu-west-1.amazonaws.com/tracks/000/000/418/100x100/oblivion-feat-micah-martin-1586952681-aHNBP3dYSR.jpg
Vitality,Elektronomia,House,"House, energetic, Euphoric, Happy, Hopeful",4 Nov 2017,Regular,https://ncsmusic.s3.eu-west-1.amazonaws.com/tracks/000/000/417/vitality-1586952664-okahjrvrIg.mp3,https://ncsmusic.s3.eu-west-1.amazonaws.com/tracks/000/000/417/100x100/vitality-1586952652-fXb56LGN9L.jpg
Mercury,"Zookeepers, Heuse",Trap,"Trap, Dreamy, energetic, Restless, Weird",2 Nov 2017,Regular,https://ncsmusic.s3.eu-west-1.amazonaws.com/tracks/000/000/416/mercury-1586952641-zYLBox3EWe.mp3,https://ncsmusic.s3.eu-west-1.amazonaws.com/tracks/000/000/416/100x100/mercury-1586952637-cDMxztWZ8H.jpg
Purge,Our Psych,Future House,"Future House, Dark, energetic, Gloomy, Restless",28 Oct 2017,"Regular, Instrumental",https://ncsmusic.s3.eu-west-1.amazonaws.com/tracks/000/000/415/purge-1586952601-PIlaogYQPe.mp3,https://ncsmusic.s3.eu-west-1.amazonaws.com/tracks/000/000/415/100x100/purge-1586952581-bnjnh0LlsT.jpg
Lost,TULE,Trap,"Trap, Dark, Mysterious, Gloomy, sad",26 Oct 2017,"Regular, Instrumental",https://ncsmusic.s3.eu-west-1.amazonaws.com/tracks/000/000/414/lost-1586952551-4JzpygT5S8.mp3,https://ncsmusic.s3.eu-west-1.amazonaws.com/tracks/000/000/414/100x100/lost-1586952541-j0gyIqlWyX.jpg
Happy,Rob Gasser,Drum & Bass,"Drum & Bass, energetic, Gloomy, Quirky, Mysterious",24 Oct 2017,Regular,https://ncsmusic.s3.eu-west-1.amazonaws.com/tracks/000/000/413/happy-1586952529-PwDOsNC1PJ.mp3,https://ncsmusic.s3.eu-west-1.amazonaws.com/tracks/000/000/413/100x100/happy-1586952523-GBNskMG2Rk.jpg
We Are,Kisma,House,"House, Happy, Euphoric, Hopeful, Glamorous",21 Oct 2017,"Regular, Instrumental",https://ncsmusic.s3.eu-west-1.amazonaws.com/tracks/000/000/412/we-are-1586952495-7uLrIn2Qlg.mp3,https://ncsmusic.s3.eu-west-1.amazonaws.com/tracks/000/000/412/100x100/we-are-1586952480-SJEr9DLKe1.jpg
Incomplete (Muzzy Remix),"Aero Chord, Anuka, Muzzy",Drum & Bass,"Drum & Bass, romantic, Sexy, energetic, sad",19 Oct 2017,"Regular, Instrumental",https://ncsmusic.s3.eu-west-1.amazonaws.com/tracks/000/000/411/incomplete-muzzy-remix-1586952447-mC9KhrrjxD.mp3,https://ncsmusic.s3.eu-west-1.amazonaws.com/tracks/000/000/411/100x100/incomplete-muzzy-remix-1586952436-al1xJ6bKTw.jpg
Twisted Reality,"Unknown Brain, Anna Yvette",Trap,"Trap, Floating, Epic, Glamorous, Mysterious",17 Oct 2017,Regular,https://ncsmusic.s3.eu-west-1.amazonaws.com/tracks/000/001/673/1715163789_p3wuQWm5nT_Unknown-Brain---Twisted-Reality-ft.-Anna-Yvette.mp3,https://ncsmusic.s3.eu-west-1.amazonaws.com/tracks/000/001/673/100x100/1715163789_mG5AywvUMD_twisted.jpg
About To Go Down,"Michael White, Deflo",House,"House, Dark, Gloomy, Suspense, scary",14 Oct 2017,Regular,https://ncsmusic.s3.eu-west-1.amazonaws.com/tracks/000/000/410/about-to-go-down-1586952421-iyJTxRk4xI.mp3,https://ncsmusic.s3.eu-west-1.amazonaws.com/tracks/000/000/410/100x100/about-to-go-down-1586952419-VlfZRK9zWx.jpg
Incomplete (Moombahton VIP),"Aero Chord, Anuka, DDark",EDM,"EDM, sad, romantic, Dreamy, Glamorous",13 Oct 2017,"Regular, Instrumental",https://ncsmusic.s3.eu-west-1.amazonaws.com/tracks/000/000/409/incomplete-moombahton-vip-1586952382-MidWzPvXGz.mp3,https://ncsmusic.s3.eu-west-1.amazonaws.com/tracks/000/000/409/100x100/incomplete-moombahton-vip-1586952381-I5dCyQ1nzT.jpg
Watch The World Burn (feat. Chris Linton),"Paul Flint, Chris Linton",Melodic Dubstep,"Melodic Dubstep, Dark, Gloomy, energetic, Suspense",11 Oct 2017,"Regular, Instrumental",https://ncsmusic.s3.eu-west-1.amazonaws.com/tracks/000/000/408/watch-the-world-burn-feat-chris-linton-1586952343-VCUbl91bEn.mp3,https://ncsmusic.s3.eu-west-1.amazonaws.com/tracks/000/000/408/100x100/watch-the-world-burn-feat-chris-linton-1586952328-HdHeDast8o.jpg
We're Invincible (feat. Joseph Feinstein),"CØDE, Joseph Feinstein",House,"House, Happy, Euphoric, Hopeful, Glamorous",7 Oct 2017,Regular,https://ncsmusic.s3.eu-west-1.amazonaws.com/tracks/000/000/407/were-invincible-feat-joseph-feinstein-1586952311-zFYaWf3s8D.mp3,https://ncsmusic.s3.eu-west-1.amazonaws.com/tracks/000/000/407/100x100/were-invincible-feat-joseph-feinstein-1586952309-NTHrkvFmVN.jpg
Call Me Again,Raven & Kreyn,House,"House, Weird, Restless, Quirky, energetic",4 Oct 2017,"Regular, Instrumental",https://ncsmusic.s3.eu-west-1.amazonaws.com/tracks/000/000/406/call-me-again-1586952294-TXSgQ0ih0g.mp3,https://ncsmusic.s3.eu-west-1.amazonaws.com/tracks/000/000/406/100x100/call-me-again-1586952290-xt6XEhwYz3.jpg
Echoes (Meikal Remix),"LFZ, Meikal",House,"House, Dark, Restless, Quirky, Suspense",1 Oct 2017,"Regular, Instrumental",https://ncsmusic.s3.eu-west-1.amazonaws.com/tracks/000/000/405/echoes-meikal-remix-1586952256-Q3TVbHYx1v.mp3,https://ncsmusic.s3.eu-west-1.amazonaws.com/tracks/000/000/405/100x100/echoes-meikal-remix-1586952253-kN1chdqGfi.jpg
The Return,NIVIRO,EDM,"EDM, Dark, Gloomy, Suspense, scary",30 Sep 2017,"Regular, Instrumental",https://ncsmusic.s3.eu-west-1.amazonaws.com/tracks/000/000/404/the-return-1586952223-NULOzbjiUH.mp3,https://ncsmusic.s3.eu-west-1.amazonaws.com/tracks/000/000/404/100x100/the-return-1586952219-Odajzzgn5W.jpg
Campfire,RetroVision,House,"House, Happy, Euphoric, energetic, Quirky",28 Sep 2017,Regular,https://ncsmusic.s3.eu-west-1.amazonaws.com/tracks/000/000/403/campfire-1586952204-3zpnOes8dy.mp3,https://ncsmusic.s3.eu-west-1.amazonaws.com/tracks/000/000/403/100x100/campfire-1586952202-3vLdNWAqbV.jpg
Heavens Gate (feat. Oriental Cravings),"Anikdote, Absent, Oriental Cravings",Melodic Dubstep,"Melodic Dubstep, romantic, energetic, Gloomy, sad",26 Sep 2017,Regular,https://ncsmusic.s3.eu-west-1.amazonaws.com/tracks/000/000/402/heavens-gate-feat-oriental-cravings-1586952180-dTEuzaXQpk.mp3,https://ncsmusic.s3.eu-west-1.amazonaws.com/tracks/000/000/402/100x100/heavens-gate-feat-oriental-cravings-1586952178-pMKhZg5A2F.jpg
Your Stories (feat. Koit Toome),"Cartoon, Koit Toome, Jéja",House,"House, Euphoric, romantic, Happy, Restless",23 Sep 2017,"Regular, Instrumental",https://ncsmusic.s3.eu-west-1.amazonaws.com/tracks/000/000/401/your-stories-feat-koit-toome-1586952149-tVTJJMBcdH.mp3,https://ncsmusic.s3.eu-west-1.amazonaws.com/tracks/000/000/401/100x100/your-stories-feat-koit-toome-1586952146-jewPM4Uyxl.jpg
Say The Word (feat. The Ruins),"Defqwop, The Ruins",EDM,"EDM, Happy, Dreamy, Hopeful, Euphoric",21 Sep 2017,"Regular, Instrumental",https://ncsmusic.s3.eu-west-1.amazonaws.com/tracks/000/000/400/say-the-word-feat-the-ruins-1586952108-tMedufFfQb.mp3,https://ncsmusic.s3.eu-west-1.amazonaws.com/tracks/000/000/400/100x100/say-the-word-feat-the-ruins-1586952107-UPydVvWq6n.jpg
Roots (feat. Attxla),"Unknown Brain, Attxla",Trap,"Trap, Gloomy, Suspense, Mysterious, Dreamy, Quirky",19 Sep 2017,"Regular, Instrumental",https://ncsmusic.s3.eu-west-1.amazonaws.com/tracks/000/000/399/roots-feat-attxla-1586952069-MbD7l2ZH1Z.mp3,https://ncsmusic.s3.eu-west-1.amazonaws.com/tracks/000/000/399/100x100/roots-feat-attxla-1586952067-P7526DLCme.jpg
Into The Wild (feat. Izzy),"Kovan, Alex Skrindo, Izzy",House,"House, Hopeful, Euphoric, energetic, Quirky",16 Sep 2017,"Regular, Instrumental",https://ncsmusic.s3.eu-west-1.amazonaws.com/tracks/000/000/398/into-the-wild-feat-izzy-1586952018-Fjlf67sy1C.mp3,https://ncsmusic.s3.eu-west-1.amazonaws.com/tracks/000/000/398/100x100/into-the-wild-feat-izzy-1586952017-vF2iNdl5kA.jpg
Bliss,"Yix, TARI",Drum & Bass,"Drum & Bass, energetic, Epic, Happy, Restless",14 Sep 2017,Regular,https://ncsmusic.s3.eu-west-1.amazonaws.com/tracks/000/000/397/bliss-1586952001-gIQfMFqvyr.mp3,https://ncsmusic.s3.eu-west-1.amazonaws.com/tracks/000/000/397/100x100/bliss-1586951998-djqD8LwZw8.jpg
Fearless,TULE,Trap,"Trap, Dark, Quirky, Fear, Suspense",12 Sep 2017,"Regular, Instrumental",https://ncsmusic.s3.eu-west-1.amazonaws.com/tracks/000/000/396/fearless-1586951971-4hvTByxSmH.mp3,https://ncsmusic.s3.eu-west-1.amazonaws.com/tracks/000/000/396/100x100/fearless-1586951958-jR0GTf1Swx.jpg
Fearless (Sped Up),Lost Sky,Glitch Hop,"Glitch Hop, Chasing, Heavy, Mysterious, Restless",12 Sep 2017,Regular,https://ncsmusic.s3.eu-west-1.amazonaws.com/tracks/000/001/765/fearless-sped-up-1727366491-hsfB3qcwrn.mp3,https://ncsmusic.s3.eu-west-1.amazonaws.com/tracks/000/001/765/100x100/fearless-sped-up-1727366489-m1dGmRrREh.jpg
Fearless (Slowed),Lost Sky,Glitch Hop,"Glitch Hop, Chasing, Heavy, Mysterious, Restless",12 Sep 2017,Regular,https://ncsmusic.s3.eu-west-1.amazonaws.com/tracks/000/001/766/1727782897_NWKdAHijzB_Lost-Sky---Fearless-feat.-Chris-Linton-Slowed.mp3,https://ncsmusic.s3.eu-west-1.amazonaws.com/tracks/000/001/766/100x100/fearless-sped-up-1727366495-xjNXqoggcD.jpg
House,"3rd Prototype, Emdi",Future House,"Future House, Fear, Dark, energetic, Suspense",9 Sep 2017,"Regular, Instrumental",https://ncsmusic.s3.eu-west-1.amazonaws.com/tracks/000/000/395/house-1586951930-l8KxCo28JJ.mp3,https://ncsmusic.s3.eu-west-1.amazonaws.com/tracks/000/000/395/100x100/house-1586951925-jESltXnFgG.jpg
Runaway (feat. Valentina Franco),"Halcyon, Valentina Franco",Electronic,"Electronic, Hopeful, Dreamy, Euphoric, romantic",2 Sep 2017,"Regular, Instrumental",https://ncsmusic.s3.eu-west-1.amazonaws.com/tracks/000/000/394/runaway-feat-valentina-franco-1586951888-P7s9EyCNfH.mp3,https://ncsmusic.s3.eu-west-1.amazonaws.com/tracks/000/000/394/100x100/runaway-feat-valentina-franco-1586951875-gM4m1vB3u4.jpg
Omerta,"Debris, Our Psych",Future House,"Future House, Dark, Fear, Suspense, Weird",30 Aug 2017,Regular,https://ncsmusic.s3.eu-west-1.amazonaws.com/tracks/000/000/393/omerta-1586951854-3FIPXBgHUe.mp3,https://ncsmusic.s3.eu-west-1.amazonaws.com/tracks/000/000/393/100x100/omerta-1586951835-9DgC2vZp2e.jpg
Popsicle,LFZ,House,"House, Euphoric, energetic, Weird, Quirky",26 Aug 2017,Regular,https://ncsmusic.s3.eu-west-1.amazonaws.com/tracks/000/000/392/popsicle-1586951816-lgVRV4ovG6.mp3,https://ncsmusic.s3.eu-west-1.amazonaws.com/tracks/000/000/392/100x100/popsicle-1586951814-YHFHUgx9Sh.jpg
Kuyenda (feat. Sru),"Lennart Schroot, Unknown Brain, SRU",Trap,"Trap, energetic, sad, Gloomy, Mysterious",19 Aug 2017,Regular,https://ncsmusic.s3.eu-west-1.amazonaws.com/tracks/000/000/391/kuyenda-feat-sru-1586951795-LCGMnmcFT2.mp3,https://ncsmusic.s3.eu-west-1.amazonaws.com/tracks/000/000/391/100x100/kuyenda-feat-sru-1586951793-D1RGO3pDzf.jpg
Angel's Anthem,Michael White,House,"House, Dark, Gloomy, Fear, Suspense",16 Aug 2017,Regular,https://ncsmusic.s3.eu-west-1.amazonaws.com/tracks/000/000/390/angels-anthem-1586951778-vhQxGyyHJ6.mp3,https://ncsmusic.s3.eu-west-1.amazonaws.com/tracks/000/000/390/100x100/angels-anthem-1586951770-YsST46Tebn.jpg
Mars,Axol,House,"House, Euphoric, energetic, Hopeful, Peaceful",12 Aug 2017,"Regular, Instrumental",https://ncsmusic.s3.eu-west-1.amazonaws.com/tracks/000/000/389/mars-1586951730-BWfhocJlWW.mp3,https://ncsmusic.s3.eu-west-1.amazonaws.com/tracks/000/000/389/100x100/mars-1586951705-R4DWtw1Q19.jpg
Light,Krakn,Hardstyle,"Hardstyle, Dreamy, Euphoric, Hopeful, Happy",9 Aug 2017,Regular,https://ncsmusic.s3.eu-west-1.amazonaws.com/tracks/000/000/388/light-1586951695-hxIs649MAk.mp3,https://ncsmusic.s3.eu-west-1.amazonaws.com/tracks/000/000/388/100x100/light-1586951686-xA6FtUhi5i.jpg
The Floor Is Lava,NIVIRO,House,"House, energetic, Funny, Weird, Quirky",5 Aug 2017,"Regular, Instrumental",https://ncsmusic.s3.eu-west-1.amazonaws.com/tracks/000/000/387/the-floor-is-lava-1586951658-1l4ykSB57l.mp3,https://ncsmusic.s3.eu-west-1.amazonaws.com/tracks/000/000/387/100x100/the-floor-is-lava-1586951616-SFWUe3GKfj.jpg
Wake Up (feat. Chris Linton),"Egzod, Chris Linton",Trap,"Trap, Gloomy, Dark, Fear, Suspense",1 Aug 2017,"Regular, Instrumental",https://ncsmusic.s3.eu-west-1.amazonaws.com/tracks/000/000/386/wake-up-feat-chris-linton-1586951578-QxsXbvqQm6.mp3,https://ncsmusic.s3.eu-west-1.amazonaws.com/tracks/000/000/386/100x100/wake-up-feat-chris-linton-1586951573-J5pEAw3eSx.jpg
So Happy,Raven & Kreyn,House,"House, Happy, romantic, Euphoric, Glamorous",28 Jul 2017,Regular,https://ncsmusic.s3.eu-west-1.amazonaws.com/tracks/000/000/385/so-happy-1586951557-nP9T5m3R8H.mp3,https://ncsmusic.s3.eu-west-1.amazonaws.com/tracks/000/000/385/100x100/so-happy-1586951548-q6gyYzIyka.jpg
Inspiration (feat. Aviella),"Unknown Brain, Aviella",Trap,"Trap, Epic, Dark, Gloomy, Suspense",21 Jul 2017,"Regular, Instrumental",https://ncsmusic.s3.eu-west-1.amazonaws.com/tracks/000/000/384/inspiration-feat-aviella-1586951511-caDeJTPGWK.mp3,https://ncsmusic.s3.eu-west-1.amazonaws.com/tracks/000/000/384/100x100/inspiration-feat-aviella-1586951499-AgTEiBRrD4.jpg
Delicious,Jensation,House,"House, energetic, Happy, Hopeful, Restless",19 Jul 2017,Regular,https://ncsmusic.s3.eu-west-1.amazonaws.com/tracks/000/000/383/delicious-1586951479-aEU4ng8Ioi.mp3,https://ncsmusic.s3.eu-west-1.amazonaws.com/tracks/000/000/383/100x100/delicious-1586951477-3wJLsQ2FVe.jpg
Courage,"Jim Yosef, Anna Yvette",EDM,"EDM, Hopeful, Euphoric, Mysterious, Glamorous",14 Jul 2017,"Regular, Instrumental",https://ncsmusic.s3.eu-west-1.amazonaws.com/tracks/000/000/382/courage-1586951439-gBUCDHDCgj.mp3,https://ncsmusic.s3.eu-west-1.amazonaws.com/tracks/000/000/382/100x100/courage-1586951430-eg7qiU2PLA.jpg
No Doubt,Rogers & Dean,Electronic,"Electronic, Laid Back, relaxed, romantic, Dreamy",12 Jul 2017,"Regular, Instrumental",https://ncsmusic.s3.eu-west-1.amazonaws.com/tracks/000/000/381/no-doubt-1586951398-wAuJPbAC5V.mp3,https://ncsmusic.s3.eu-west-1.amazonaws.com/tracks/000/000/381/100x100/no-doubt-1586951376-J9vUsLpA8l.jpg
Running,Waysons,House,"House, Weird, Happy, energetic, Euphoric",8 Jul 2017,Regular,https://ncsmusic.s3.eu-west-1.amazonaws.com/tracks/000/000/380/running-1586951358-5SXcM37QFK.mp3,https://ncsmusic.s3.eu-west-1.amazonaws.com/tracks/000/000/380/100x100/running-1586951351-sbH7TgdBBa.jpg
Far From Home,Phantom Sage,Melodic Dubstep,Melodic Dubstep,6 Jul 2017,Regular,https://ncsmusic.s3.eu-west-1.amazonaws.com/tracks/000/000/375/far-from-home-1586951197-INMabj9Zzz.mp3,https://ncsmusic.s3.eu-west-1.amazonaws.com/tracks/000/000/375/100x100/far-from-home-1586951195-iS4Ya0KhOU.jpg
Pendulum,Phantom Sage,Chill,Chill,6 Jul 2017,Regular,https://ncsmusic.s3.eu-west-1.amazonaws.com/tracks/000/000/376/pendulum-1586951242-9Dq2QtxbPr.mp3,https://ncsmusic.s3.eu-west-1.amazonaws.com/tracks/000/000/376/100x100/pendulum-1586951241-3SqfHCUDpr.jpg
When I’m Gone,Phantom Sage,Electronic,"Electronic, sad, Gloomy, Dark, Dreamy",6 Jul 2017,Regular,https://ncsmusic.s3.eu-west-1.amazonaws.com/tracks/000/000/377/when-im-gone-1586951262-0qrHtfDbRX.mp3,https://ncsmusic.s3.eu-west-1.amazonaws.com/tracks/000/000/377/100x100/when-im-gone-1586951260-BB17IMCmZn.jpg
Kingdom (feat Miss Lina),"Miss Lina, Phantom Sage",Indie,"Indie Dance, energetic, Happy, Hopeful, Restless",6 Jul 2017,Regular,https://ncsmusic.s3.eu-west-1.amazonaws.com/tracks/000/000/378/kingdom-feat-miss-lina-1586951294-wcrawK130N.mp3,https://ncsmusic.s3.eu-west-1.amazonaws.com/tracks/000/000/378/100x100/kingdom-feat-miss-lina-1586951292-ABEFzL8wQY.jpg
Our Lives Past (feat. Emily Stiles),"Emily Stiles, Phantom Sage",Indie,"Indie Dance, energetic, Dreamy, Happy, Quirky",6 Jul 2017,Regular,https://ncsmusic.s3.eu-west-1.amazonaws.com/tracks/000/000/379/our-lives-past-feat-emily-stiles-1586951323-OjpW2PNpa5.mp3,https://ncsmusic.s3.eu-west-1.amazonaws.com/tracks/000/000/379/100x100/our-lives-past-feat-emily-stiles-1586951322-BEWyEselNY.jpg
You,NIVIRO,Future House,"Future House, Dark, Angry, energetic, Gloomy",4 Jul 2017,Regular,https://ncsmusic.s3.eu-west-1.amazonaws.com/tracks/000/000/374/you-1586951172-FbmT6SZyqI.mp3,https://ncs.io/static/web/img/no-artist.png
The Other Side,Elektronomia,House,"House, Happy, Quirky, Weird, Restless",1 Jul 2017,Regular,https://ncsmusic.s3.eu-west-1.amazonaws.com/tracks/000/000/373/the-other-side-1586951146-9TJUY8TTXk.mp3,https://ncsmusic.s3.eu-west-1.amazonaws.com/tracks/000/000/373/100x100/the-other-side-1586951134-aodYlIfYKD.jpg
Take It Easy (feat. Mia Vaile),"BVRNOUT, Mia Vaile",Trap,"Trap, Laid Back, Peaceful, Happy, Hopeful",29 Jun 2017,"Regular, Instrumental",https://ncsmusic.s3.eu-west-1.amazonaws.com/tracks/000/000/372/take-it-easy-feat-mia-vaile-1586951098-1gtuo1rlxK.mp3,https://ncsmusic.s3.eu-west-1.amazonaws.com/tracks/000/000/372/100x100/take-it-easy-feat-mia-vaile-1586951096-jxsCD7ebXj.jpg
TSU,Disco's Over,Electronic,"Electronic, Quirky, Dark, Weird, Gloomy",27 Jun 2017,Regular,https://ncsmusic.s3.eu-west-1.amazonaws.com/tracks/000/000/371/tsu-1586951084-YCpWcKW4rM.mp3,https://ncsmusic.s3.eu-west-1.amazonaws.com/tracks/000/000/371/100x100/tsu-1586951071-GngCVe0eaA.jpg
Hold On,Prismo,EDM,"EDM, romantic, Sexy, Glamorous, Gloomy",23 Jun 2017,"Regular, Instrumental",https://ncsmusic.s3.eu-west-1.amazonaws.com/tracks/000/000/370/hold-on-1586951029-GkleYlGJtC.mp3,https://ncsmusic.s3.eu-west-1.amazonaws.com/tracks/000/000/370/100x100/hold-on-1586951025-l0jxwbJxyh.jpg
See U (feat. Johnning),"WATEVA, Johnning",Electronic,"Electronic, romantic, Happy, Laid Back, Hopeful",22 Jun 2017,Regular,https://ncsmusic.s3.eu-west-1.amazonaws.com/tracks/000/000/369/see-u-feat-johnning-1586951006-rybZRPjzZl.mp3,https://ncsmusic.s3.eu-west-1.amazonaws.com/tracks/000/000/369/100x100/see-u-feat-johnning-1586950987-zCA7PfyXP9.jpg
VIP,bvd kult,Drum & Bass,"Drum & Bass, energetic, Angry, Restless, Weird",21 Jun 2017,Regular,https://ncsmusic.s3.eu-west-1.amazonaws.com/tracks/000/000/368/vip-1586950971-DWyFVZrqSW.mp3,https://ncsmusic.s3.eu-west-1.amazonaws.com/tracks/000/000/368/100x100/vip-1586950954-yFpMprtmC3.jpg
Bow and Arrow,T-Mass,Trap,"Trap, energetic, Dark, Gloomy, Suspense",20 Jun 2017,Regular,https://ncsmusic.s3.eu-west-1.amazonaws.com/tracks/000/000/367/bow-and-arrow-1586950943-DVT2yUX3bh.mp3,https://ncsmusic.s3.eu-west-1.amazonaws.com/tracks/000/000/367/100x100/bow-and-arrow-1586950931-KnWpHvXGsP.jpg
Get This Party,Raven & Kreyn,Future House,"Future House, Happy, energetic, Dark, Restless",15 Jun 2017,Regular,https://ncsmusic.s3.eu-west-1.amazonaws.com/tracks/000/000/366/get-this-party-1586950915-xBkXYsRmD0.mp3,https://ncsmusic.s3.eu-west-1.amazonaws.com/tracks/000/000/366/100x100/get-this-party-1586950904-GmKGod8oEQ.jpg
Elysium,"Lostboy, Slashtaq",Trap,"Trap, Quirky, energetic, Gloomy, Dark",13 Jun 2017,Regular,https://ncsmusic.s3.eu-west-1.amazonaws.com/tracks/000/000/365/elysium-1586950888-8l3Jv9SFmR.mp3,https://ncsmusic.s3.eu-west-1.amazonaws.com/tracks/000/000/365/100x100/elysium-1586950876-OMuLX8kICX.jpg
Giving In (feat. Mees van den Berg),"ElementD, Mees van den Berg",Hardstyle,"Hardstyle, Gloomy, romantic, sad, Suspense",10 Jun 2017,"Regular, Instrumental",https://ncsmusic.s3.eu-west-1.amazonaws.com/tracks/000/000/364/giving-in-feat-mees-van-den-berg-1586950845-6BVyjh4o92.mp3,https://ncsmusic.s3.eu-west-1.amazonaws.com/tracks/000/000/364/100x100/giving-in-feat-mees-van-den-berg-1586950838-ZY5vSooWOV.jpg
Sleepless (feat. MVE),"T & Sugah, MVE",Drumstep,"Drumstep, energetic, Dark, Gloomy, Fear",8 Jun 2017,Regular,https://ncsmusic.s3.eu-west-1.amazonaws.com/tracks/000/000/363/sleepless-feat-mve-1586950816-O9ZuWPujgD.mp3,https://ncsmusic.s3.eu-west-1.amazonaws.com/tracks/000/000/363/100x100/sleepless-feat-mve-1586950814-9wHYWDTzoy.jpg
Lightning,"Distrion, Alex Skrindo",House,"House, energetic, Happy, Euphoric, Quirky",3 Jun 2017,"Regular, Instrumental",https://ncsmusic.s3.eu-west-1.amazonaws.com/tracks/000/000/362/lightning-1586950772-7hx9v7QWt5.mp3,https://ncsmusic.s3.eu-west-1.amazonaws.com/tracks/000/000/362/100x100/lightning-1586950765-7WTgItn7xT.jpg
Lost (feat. Savoi) [Sunroof Remix],"Kontinuum, Sunroof",House,"House, Happy, Hopeful, Euphoric, energetic",30 May 2017,Regular,https://ncsmusic.s3.eu-west-1.amazonaws.com/tracks/000/000/360/lost-feat-savoi-sunroof-remix-1586950731-NHaVmF24z2.mp3,https://ncsmusic.s3.eu-west-1.amazonaws.com/tracks/000/000/360/100x100/lost-feat-savoi-sunroof-remix-1586950724-CUYVmkwMhc.jpg
Gave To Me,"T-Mass, Jaxxtone",Trap,"Trap, Dark, Angry, Gloomy, Restless",30 May 2017,Regular,https://ncsmusic.s3.eu-west-1.amazonaws.com/tracks/000/000/361/gave-to-me-1586950753-X6kSPe4dWG.mp3,https://ncsmusic.s3.eu-west-1.amazonaws.com/tracks/000/000/361/100x100/gave-to-me-1586950746-aVOxFk4UcI.jpg
Skyline,"Kovan, Electro-Light",House,"House, energetic, Happy, Euphoric, Hopeful",27 May 2017,Regular,https://ncsmusic.s3.eu-west-1.amazonaws.com/tracks/000/000/359/skyline-1586950704-b8xpLbZ5sb.mp3,https://ncsmusic.s3.eu-west-1.amazonaws.com/tracks/000/000/359/100x100/skyline-1586950699-1ustIQPnO5.jpg
Incomplete,"Aero Chord, Anuka",Chill,"Chill, sad, romantic, Restless, Gloomy",25 May 2017,"Regular, Instrumental",https://ncsmusic.s3.eu-west-1.amazonaws.com/tracks/000/000/358/incomplete-1586950661-EudIExEEIJ.mp3,https://ncsmusic.s3.eu-west-1.amazonaws.com/tracks/000/000/358/100x100/incomplete-1586950660-oEYYBCg38y.jpg
Cosmic (feat. Nathan Brumley),"Jordan Schor, Nathan Brumley",Future House,"Future House, Quirky, Mysterious, Euphoric, Happy",23 May 2017,"Regular, Instrumental",https://ncsmusic.s3.eu-west-1.amazonaws.com/tracks/000/000/357/cosmic-feat-nathan-brumley-1586950617-oIhzgqj0lG.mp3,https://ncsmusic.s3.eu-west-1.amazonaws.com/tracks/000/000/357/100x100/cosmic-feat-nathan-brumley-1586950589-BI6g2iPyey.jpg
Link,Jim Yosef,House,"House, Epic, energetic, Quirky, Hopeful",20 May 2017,Regular,https://ncsmusic.s3.eu-west-1.amazonaws.com/tracks/000/000/356/link-1586950573-1rqR7whieT.mp3,https://ncsmusic.s3.eu-west-1.amazonaws.com/tracks/000/000/356/100x100/link-1586950568-VcevkSmsFX.jpg
MATAFAKA (feat. Marvin Divine),"Unknown Brain, Marvin Divine",Trap,"Trap, Dark, Angry, Suspense, scary",18 May 2017,"Regular, Instrumental",https://ncsmusic.s3.eu-west-1.amazonaws.com/tracks/000/000/355/matafaka-feat-marvin-divine-1586950539-YXEfeGlwIv.mp3,https://ncsmusic.s3.eu-west-1.amazonaws.com/tracks/000/000/355/100x100/matafaka-feat-marvin-divine-1586950532-hqWjHSxqBX.jpg
There For You,Rameses B,Melodic Dubstep,"Melodic Dubstep, Peaceful, Laid Back, Dreamy, Hopeful",16 May 2017,Regular,https://ncsmusic.s3.eu-west-1.amazonaws.com/tracks/000/000/354/there-for-you-1586950518-lKAJhWWHqy.mp3,https://ncsmusic.s3.eu-west-1.amazonaws.com/tracks/000/000/354/100x100/there-for-you-1586950497-dBj55okqS7.jpg
SICC,"RetroVision, Domastic",House,"House, Weird, Quirky, energetic, Epic",12 May 2017,Regular,https://ncsmusic.s3.eu-west-1.amazonaws.com/tracks/000/000/353/sicc-1586950487-y3cpIj16xQ.mp3,https://ncsmusic.s3.eu-west-1.amazonaws.com/tracks/000/000/353/100x100/sicc-1586950480-xjk2iOezX9.jpg
Don't Let It Go (feat. Brado Sanz),"Anikdote, Culture Code, Brado Sanz",Trap,"Trap, Dreamy, Glamorous, Laid Back, Hopeful",11 May 2017,Regular,https://ncsmusic.s3.eu-west-1.amazonaws.com/tracks/000/000/352/dont-let-it-go-feat-brado-sanz-1586950472-SjVNQTicSX.mp3,https://ncsmusic.s3.eu-west-1.amazonaws.com/tracks/000/000/352/100x100/dont-let-it-go-feat-brado-sanz-1586950469-0NMOD5AEsD.jpg
Hover (feat. Helen Tess),"Icehunt, Helen Tess",Indie,"Indie Dance, Happy, Euphoric, energetic, Quirky",9 May 2017,"Regular, Instrumental",https://ncsmusic.s3.eu-west-1.amazonaws.com/tracks/000/000/351/hover-feat-helen-tess-1586950405-GuX3z7Ys24.mp3,https://ncsmusic.s3.eu-west-1.amazonaws.com/tracks/000/000/351/100x100/hover-feat-helen-tess-1586950403-QpM0HMOYvg.jpg
Make Me Move (feat. Karra) (Tobu Remix),"Culture Code, KARRA, Tobu",House,"House, Dreamy, Euphoric, Happy, romantic, relaxed",6 May 2017,"Regular, Instrumental",https://ncsmusic.s3.eu-west-1.amazonaws.com/tracks/000/000/350/make-me-move-feat-karra-tobu-remix-1586950368-YfVZcYw8y1.mp3,https://ncsmusic.s3.eu-west-1.amazonaws.com/tracks/000/000/350/100x100/make-me-move-feat-karra-tobu-remix-1586950360-h3YeDN64Mq.jpg
Platform 9,ONEEVA,Indie,"Indie Dance, Weird, Suspense, Quirky, Funny",4 May 2017,Regular,https://ncsmusic.s3.eu-west-1.amazonaws.com/tracks/000/000/349/platform-9-1586950338-V3u0e6g8Jz.mp3,https://ncsmusic.s3.eu-west-1.amazonaws.com/tracks/000/000/349/100x100/platform-9-1586950314-KUzdQxdaCj.jpg
Ghosts,Malik Bash,Electronic,"Electronic, energetic, Happy, Hopeful, Euphoric",2 May 2017,Regular,https://ncsmusic.s3.eu-west-1.amazonaws.com/tracks/000/000/348/ghosts-1586950294-38xTXzPnWU.mp3,https://ncsmusic.s3.eu-west-1.amazonaws.com/tracks/000/000/348/100x100/ghosts-1586950282-VNxNRcD0WQ.jpg
Whole (Rob Gasser Remix),"Chime, Adam Tell, Rob Gasser",Electronic,"Electronic, Euphoric, Quirky, Weird, Happy",29 Apr 2017,Regular,https://ncsmusic.s3.eu-west-1.amazonaws.com/tracks/000/000/347/whole-rob-gasser-remix-1586950265-R60tCSM4Pu.mp3,https://ncsmusic.s3.eu-west-1.amazonaws.com/tracks/000/000/347/100x100/whole-rob-gasser-remix-1586950251-CQxjbDrYyX.jpg
All Eyes On Me,Michael White,House,"House, energetic, Happy, Glamorous, Euphoric",27 Apr 2017,Regular,https://ncsmusic.s3.eu-west-1.amazonaws.com/tracks/000/000/346/all-eyes-on-me-1586950227-DSFuH9bz8V.mp3,https://ncsmusic.s3.eu-west-1.amazonaws.com/tracks/000/000/346/100x100/all-eyes-on-me-1586950217-3RLePvXFFT.jpg
Where Do I Go (feat. Ezra James),"Brandon Jonak, Ezra James, Pep.B",Future House,"Future House, energetic, Restless, Quirky, sad",25 Apr 2017,Regular,https://ncsmusic.s3.eu-west-1.amazonaws.com/tracks/000/000/345/where-do-i-go-feat-ezra-james-1586950200-NkeApzsIOQ.mp3,https://ncsmusic.s3.eu-west-1.amazonaws.com/tracks/000/000/345/100x100/where-do-i-go-feat-ezra-james-1586950179-JXk0P3RbEA.jpg
Free,"JJD, Elektronomia",House,"House, energetic, Weird, Euphoric, Hopeful",22 Apr 2017,Regular,https://ncsmusic.s3.eu-west-1.amazonaws.com/tracks/000/000/344/free-1586950165-FAr7VqfaUs.mp3,https://ncsmusic.s3.eu-west-1.amazonaws.com/tracks/000/000/344/100x100/free-1586950156-JOBrPMNa4n.jpg
Psycho,Four Eyes,EDM,"EDM, Dark, Suspense, scary, Angry",20 Apr 2017,Regular,https://ncsmusic.s3.eu-west-1.amazonaws.com/tracks/000/000/343/psycho-1586950142-ezMGAtxghs.mp3,https://ncsmusic.s3.eu-west-1.amazonaws.com/tracks/000/000/343/100x100/psycho-1586950140-aG48JWhWvX.jpg
Bleed,"Axol, The Tech Thieves",Trap,"Trap, sad, romantic, Dark, Gloomy",18 Apr 2017,"Regular, Instrumental",https://ncsmusic.s3.eu-west-1.amazonaws.com/tracks/000/000/342/bleed-1586950105-J5Nk2E1Lp1.mp3,https://ncsmusic.s3.eu-west-1.amazonaws.com/tracks/000/000/342/100x100/bleed-1586950094-VzU4347j2q.jpg
Vessel,"Ship Wrek, Zookeepers, Trauzers",Trap,"Trap, Weird, Quirky, Happy, Dreamy",15 Apr 2017,Regular,https://ncsmusic.s3.eu-west-1.amazonaws.com/tracks/000/000/341/vessel-1586950077-8NqmSPL5PP.mp3,https://ncsmusic.s3.eu-west-1.amazonaws.com/tracks/000/000/341/100x100/vessel-1586950065-fOPvOZQEXP.jpg
Heaven,"RIVERO, Anna Yvette",Trap,"Trap, Suspense, Euphoric, Quirky, Weird",13 Apr 2017,Regular,https://ncsmusic.s3.eu-west-1.amazonaws.com/tracks/000/000/340/heaven-1586950052-JoR41cjwsq.mp3,https://ncsmusic.s3.eu-west-1.amazonaws.com/tracks/000/000/340/100x100/heaven-1586950043-DhcvWmeC53.jpg
Somebody,Sekai,Melodic Dubstep,"Melodic Dubstep, energetic, Euphoric, Restless, Weird",11 Apr 2017,Regular,https://ncsmusic.s3.eu-west-1.amazonaws.com/tracks/000/000/339/somebody-1586950028-gzCt7Y6TKQ.mp3,https://ncsmusic.s3.eu-west-1.amazonaws.com/tracks/000/000/339/100x100/somebody-1586950021-aXjpf85UOU.jpg
Paper Crowns (feat. Leo The Kind),"Egzod, Leo The Kind",Electronic,"Electronic, Dreamy, Hopeful, Quirky, Happy",8 Apr 2017,"Regular, Instrumental",https://ncsmusic.s3.eu-west-1.amazonaws.com/tracks/000/000/338/paper-crowns-feat-leo-the-kind-1586949997-vpWUpQue9E.mp3,https://ncsmusic.s3.eu-west-1.amazonaws.com/tracks/000/000/338/100x100/paper-crowns-feat-leo-the-kind-1586949995-9JGPLz56yg.jpg
In The Air,Raven & Kreyn,House,"House, energetic, Restless, Happy, Epic",6 Apr 2017,Regular,https://ncsmusic.s3.eu-west-1.amazonaws.com/tracks/000/000/337/in-the-air-1586949984-11Cbz9ghUr.mp3,https://ncsmusic.s3.eu-west-1.amazonaws.com/tracks/000/000/337/100x100/in-the-air-1586949982-roPof29XG3.jpg
Together,3rd Prototype,Electronic,"Electronic, Gloomy, Mysterious, Suspense, Weird",4 Apr 2017,Regular,https://ncsmusic.s3.eu-west-1.amazonaws.com/tracks/000/000/336/together-1586949970-ab45Hdgg2d.mp3,https://ncsmusic.s3.eu-west-1.amazonaws.com/tracks/000/000/336/100x100/together-1586949969-jEVecpzXpd.jpg
Light Up The Sky (feat. Soundr),"Axtasia, Soundr",Drum & Bass,"Drum & Bass, energetic, romantic, Dreamy, Euphoric",1 Apr 2017,Regular,https://ncsmusic.s3.eu-west-1.amazonaws.com/tracks/000/000/335/light-up-the-sky-feat-soundr-1586949957-bQko5edtnt.mp3,https://ncsmusic.s3.eu-west-1.amazonaws.com/tracks/000/000/335/100x100/light-up-the-sky-feat-soundr-1586949954-sdhgAWHG8b.jpg
Need You Now (feat. Danica),"VENEMY, Danica",EDM,"EDM, romantic, sad, Gloomy, Suspense",30 Mar 2017,"Regular, Instrumental",https://ncsmusic.s3.eu-west-1.amazonaws.com/tracks/000/000/334/need-you-now-feat-danica-1586949935-rXWLj8vWR9.mp3,https://ncsmusic.s3.eu-west-1.amazonaws.com/tracks/000/000/334/100x100/need-you-now-feat-danica-1586949926-JLXtmUuYYQ.jpg
Wait For Me,Giraffe Squad,Trap,"Trap, Suspense, Gloomy, Dark, Fear",28 Mar 2017,"Regular, Instrumental",https://ncsmusic.s3.eu-west-1.amazonaws.com/tracks/000/000/333/wait-for-me-1586949904-fZjm4zajz3.mp3,https://ncsmusic.s3.eu-west-1.amazonaws.com/tracks/000/000/333/100x100/wait-for-me-1586949894-pkdV6IpyML.jpg
The Ghost,NIVIRO,EDM,"EDM, Weird, Suspense, Dark, Fear",25 Mar 2017,"Regular, Instrumental",https://ncsmusic.s3.eu-west-1.amazonaws.com/tracks/000/000/332/the-ghost-1586949861-QIZ4SHxsfe.mp3,https://ncsmusic.s3.eu-west-1.amazonaws.com/tracks/000/000/332/100x100/the-ghost-1586949848-6K1fpfTcpl.jpg
Wicked,John Kenza,Trap,"Trap, Laid Back, relaxed, Peaceful, sad",23 Mar 2017,"Regular, Instrumental",https://ncsmusic.s3.eu-west-1.amazonaws.com/tracks/000/000/330/wicked-1586949772-cFSRDhbRaJ.mp3,https://ncsmusic.s3.eu-west-1.amazonaws.com/tracks/000/000/330/100x100/wicked-1586949770-v7NbUFFkLh.jpg
Perseus (feat. Chris Linton),"Unknown Brain, Chris Linton",Melodic Dubstep,"Melodic Dubstep, Dark, Fear, Suspense, Epic",23 Mar 2017,"Regular, Instrumental",https://ncsmusic.s3.eu-west-1.amazonaws.com/tracks/000/000/331/perseus-feat-chris-linton-1586949816-rx1SVHVcXp.mp3,https://ncsmusic.s3.eu-west-1.amazonaws.com/tracks/000/000/331/100x100/perseus-feat-chris-linton-1586949800-Ynln2PqILF.jpg
Over Again (feat. Micah Martin),"RetroVision, Micah Martin",House,"House, Happy, energetic, Restless, Epic",18 Mar 2017,"Regular, Instrumental",https://ncsmusic.s3.eu-west-1.amazonaws.com/tracks/000/000/329/over-again-feat-micah-martin-1586949735-eKEJj96f2R.mp3,https://ncsmusic.s3.eu-west-1.amazonaws.com/tracks/000/000/329/100x100/over-again-feat-micah-martin-1586949729-vjBFCqP6pM.jpg
Lost (feat. Savoi) [JJD Remix],"Kontinuum, Savoi, JJD",Indie,"Indie Dance, Hopeful, Happy, Dreamy, Quirky",16 Mar 2017,Regular,,https://ncsmusic.s3.eu-west-1.amazonaws.com/tracks/000/000/328/100x100/lost-feat-savoi-jjd-remix-1586949728-wEnBe37Vhq.jpeg
Limitless,Elektronomia,House,"House, Euphoric, Weird, Epic, Happy",14 Mar 2017,Regular,https://ncsmusic.s3.eu-west-1.amazonaws.com/tracks/000/000/326/limitless-1586949690-lNDsWv6ZWb.mp3,https://ncsmusic.s3.eu-west-1.amazonaws.com/tracks/000/000/326/100x100/limitless-1586949689-lYWFxYQmhF.jpg
Euphoria,"Castion, Uplink",Future House,"Future House, Quirky, energetic, Happy, Hopeful",14 Mar 2017,Regular,https://ncsmusic.s3.eu-west-1.amazonaws.com/tracks/000/000/327/euphoria-1586949715-KeSqTnKDrK.mp3,https://ncsmusic.s3.eu-west-1.amazonaws.com/tracks/000/000/327/100x100/euphoria-1586949704-jqwXoXo90C.jpg
Ricochet,Rob Gasser,Melodic Dubstep,"Melodic Dubstep, Weird, Quirky, Mysterious, Restless",11 Mar 2017,Regular,https://ncsmusic.s3.eu-west-1.amazonaws.com/tracks/000/000/325/ricochet-1586949676-CqBjn7haln.mp3,https://ncsmusic.s3.eu-west-1.amazonaws.com/tracks/000/000/325/100x100/ricochet-1586949671-G6qdbo2xR4.jpg
Til The End,"Holly, DRIVVIN",Trap,"Trap, energetic, Gloomy, Suspense, Restless",9 Mar 2017,Regular,https://ncsmusic.s3.eu-west-1.amazonaws.com/tracks/000/000/324/til-the-end-1586949658-qY5pZEVEfn.mp3,https://ncsmusic.s3.eu-west-1.amazonaws.com/tracks/000/000/324/100x100/til-the-end-1586949656-35oXv7aeQj.jpg
Hollywood (feat. joegarratt),"Leowi, joegarratt",Electronic,"Electronic, Laid Back, Quirky, Restless, Weird",8 Mar 2017,"Regular, Instrumental",https://ncsmusic.s3.eu-west-1.amazonaws.com/tracks/000/000/323/hollywood-feat-joegarratt-1586949636-qtxabduNPf.mp3,https://ncsmusic.s3.eu-west-1.amazonaws.com/tracks/000/000/323/100x100/hollywood-feat-joegarratt-1586949626-f15nThXIjE.jpg
Make Me Move (feat. KARRA) (James Roche Remix),"Culture Code, KARRA, James Roche",Electronic,"Electronic, Euphoric, energetic, Hopeful, Happy",4 Mar 2017,Regular,https://ncsmusic.s3.eu-west-1.amazonaws.com/tracks/000/000/322/make-me-move-feat-karra-james-roche-remix-1586949612-rZSPEdzOyd.mp3,https://ncsmusic.s3.eu-west-1.amazonaws.com/tracks/000/000/322/100x100/make-me-move-feat-karra-james-roche-remix-1586949609-4EygY2yLCi.jpg
Weakness,Prismo,Electronic,"Electronic, sad, Quirky, Weird, Dark, Restless",24 Feb 2017,"Regular, Instrumental",https://ncsmusic.s3.eu-west-1.amazonaws.com/tracks/000/000/321/weakness-1586949586-ZbzCKAUN5i.mp3,https://ncsmusic.s3.eu-west-1.amazonaws.com/tracks/000/000/321/100x100/weakness-1586949581-Mu3X71uzm8.jpg
Crying Over You,Uplink,House,"House, Hopeful, sad, energetic, Restless",21 Feb 2017,"Regular, Instrumental",https://ncsmusic.s3.eu-west-1.amazonaws.com/tracks/000/000/318/crying-over-you-1586949507-ckI2K5m9nb.mp3,https://ncsmusic.s3.eu-west-1.amazonaws.com/tracks/000/000/318/100x100/crying-over-you-1586949497-r1n4mUV332.jpg
Angel (feat. Parker Polhill & Bibiane Z),"Vanze, Reunify, Parker Polhill, Bibiane Z.",House,"House, Dreamy, Epic, Happy, Hopeful, Euphoric",21 Feb 2017,"Regular, Instrumental",https://ncsmusic.s3.eu-west-1.amazonaws.com/tracks/000/000/319/angel-feat-parker-polhill-bibiane-z-1586949532-Mb6jsXGQtU.mp3,https://ncsmusic.s3.eu-west-1.amazonaws.com/tracks/000/000/319/100x100/angel-feat-parker-polhill-bibiane-z-1586949530-l4nsSxBYtM.jpg
Echoes,LFZ,House,"House, Happy, Hopeful, Epic, Euphoric, energetic",18 Feb 2017,Regular,https://ncsmusic.s3.eu-west-1.amazonaws.com/tracks/000/000/317/echoes-1586949479-IcVYtSYAFL.mp3,https://ncsmusic.s3.eu-west-1.amazonaws.com/tracks/000/000/317/100x100/echoes-1586949468-gejzNsW7EY.jpg
Infinite,Valence,Electronic,"Electronic, Quirky, Weird, Dark, Gloomy",15 Feb 2017,Regular,https://ncsmusic.s3.eu-west-1.amazonaws.com/tracks/000/000/315/infinite-1586949421-XNCsr8NqkX.mp3,https://ncsmusic.s3.eu-west-1.amazonaws.com/tracks/000/000/315/100x100/1718028129_LSsuKb9Oac_infinite.jpg
Weird Dream,Domastic,Future House,"Future House, Dark, Gloomy, energetic, Restless, Suspense",15 Feb 2017,Regular,https://ncsmusic.s3.eu-west-1.amazonaws.com/tracks/000/000/316/weird-dream-1586949452-bkz3MX5bv4.mp3,https://ncsmusic.s3.eu-west-1.amazonaws.com/tracks/000/000/316/100x100/weird-dream-1586949433-MUIu2OsnEU.jpg
Sock It To Them,Paul Flint,Melodic Dubstep,"Melodic Dubstep, Angry, sad, Gloomy, energetic, Dark",14 Feb 2017,Regular,https://ncsmusic.s3.eu-west-1.amazonaws.com/tracks/000/000/314/sock-it-to-them-1586949407-XORBJUdcnY.mp3,https://ncsmusic.s3.eu-west-1.amazonaws.com/tracks/000/000/314/100x100/sock-it-to-them-1586949405-Boy9mjlTWj.jpg
Hollow,Phantom Sage,Drumstep,"Drumstep, Angry, sad, Gloomy, energetic",10 Feb 2017,Regular,https://ncsmusic.s3.eu-west-1.amazonaws.com/tracks/000/000/313/hollow-1586949392-8D95yg6PHd.mp3,https://ncsmusic.s3.eu-west-1.amazonaws.com/tracks/000/000/313/100x100/hollow-1586949364-HELWgYRQ2v.png
Northern Lights,Blazars,Future House,"Future House, Happy, Hopeful, Epic, Euphoric, energetic",9 Feb 2017,Regular,https://ncsmusic.s3.eu-west-1.amazonaws.com/tracks/000/000/312/northern-lights-1586949351-z4T7ZOymDh.mp3,https://ncsmusic.s3.eu-west-1.amazonaws.com/tracks/000/000/312/100x100/northern-lights-1586949348-zDngwm41w0.jpg
Can You Feel It,"T-Mass, Enthic",Electronic,"Electronic, Mysterious, Gloomy, Sexy, Dark, energetic",6 Feb 2017,Regular,https://ncsmusic.s3.eu-west-1.amazonaws.com/tracks/000/000/311/can-you-feel-it-1586949326-eoyo6GRZNA.mp3,https://ncsmusic.s3.eu-west-1.amazonaws.com/tracks/000/000/311/100x100/can-you-feel-it-1586949309-P6ZNjIxoJa.jpg
Supersonic,Rob Gasser,Hardstyle,"Hardstyle, energetic, Dark, Angry, Gloomy, Restless",3 Feb 2017,Regular,https://ncsmusic.s3.eu-west-1.amazonaws.com/tracks/000/000/310/supersonic-1586949286-rFKTdKpToc.mp3,https://ncsmusic.s3.eu-west-1.amazonaws.com/tracks/000/000/310/100x100/supersonic-1586949280-Wzlx6mgk8A.jpg
Higher,Geoxor,Electronic,"Electronic, energetic, Dark, Angry, Gloomy, Restless",2 Feb 2017,Regular,https://ncsmusic.s3.eu-west-1.amazonaws.com/tracks/000/000/309/higher-1586949259-DnvGPTBn41.mp3,https://ncsmusic.s3.eu-west-1.amazonaws.com/tracks/000/000/309/100x100/higher-1586949254-02RNXTdM8b.jpg
Outlaw (feat. Miss Mary),"it's different, Miss Mary",Drum & Bass,"Drum & Bass, Epic, Euphoric, Dark, energetic, Suspense",30 Jan 2017,Regular,https://ncsmusic.s3.eu-west-1.amazonaws.com/tracks/000/000/308/1626708560_tKq2JfRgAg_its-different---outlaw-ft.-Miss-Mary.wav,https://ncsmusic.s3.eu-west-1.amazonaws.com/tracks/000/000/308/100x100/outlaw-feat-miss-mary-1586949223-0sReP6un9U.jpg
Future,JJD,Indie,"Indie Dance, Happy, Hopeful, Epic, Euphoric, energetic",29 Jan 2017,Regular,https://ncsmusic.s3.eu-west-1.amazonaws.com/tracks/000/000/307/future-1586949204-EaMCFy01MB.mp3,https://ncsmusic.s3.eu-west-1.amazonaws.com/tracks/000/000/307/100x100/future-1586949199-PUn9enDcwo.jpg
Rebirth,Lensko,House,"House, Happy, Hopeful, Epic, Euphoric, energetic",28 Jan 2017,Regular,https://ncsmusic.s3.eu-west-1.amazonaws.com/tracks/000/000/306/rebirth-1586949190-SFs0RvYfWL.mp3,https://ncsmusic.s3.eu-west-1.amazonaws.com/tracks/000/000/306/100x100/rebirth-1586949182-cqPSuRjLd6.jpg
Made Of Something (feat. Will Heggadon),"bvd kult, Will Heggadon",EDM,"EDM, Happy, Hopeful, Laid Back, Dreamy, Euphoric",25 Jan 2017,"Regular, Instrumental",https://ncsmusic.s3.eu-west-1.amazonaws.com/tracks/000/000/305/made-of-something-feat-will-heggadon-1586949157-Q20AbxsyPE.mp3,https://ncsmusic.s3.eu-west-1.amazonaws.com/tracks/000/000/305/100x100/made-of-something-feat-will-heggadon-1586949156-ZT711t9qVa.jpg
Pyro,Dread Pitt,Trap,"Trap, energetic, Dark, Angry, Gloomy, Restless",24 Jan 2017,Regular,https://ncsmusic.s3.eu-west-1.amazonaws.com/tracks/000/000/304/pyro-1586949140-GveLl4gdWs.mp3,https://ncsmusic.s3.eu-west-1.amazonaws.com/tracks/000/000/304/100x100/pyro-1586949139-xvoaO774SN.jpg
Falling Up,Y&V,House,"House, energetic, Dark, Angry, Gloomy, Restless",21 Jan 2017,Regular,https://ncsmusic.s3.eu-west-1.amazonaws.com/tracks/000/000/303/falling-up-1586949114-8IgEWQ9wsE.mp3,https://ncsmusic.s3.eu-west-1.amazonaws.com/tracks/000/000/303/100x100/falling-up-1586949076-77T3TpdswQ.jpg
Stones,"Heuse, Chris Linton, Emma Sameth",Trap,"Trap, Gloomy, Laid Back, Fear, Dark",18 Jan 2017,"Regular, Instrumental",https://ncsmusic.s3.eu-west-1.amazonaws.com/tracks/000/000/302/stones-1586949047-qHjFR4asac.mp3,https://ncsmusic.s3.eu-west-1.amazonaws.com/tracks/000/000/302/100x100/stones-1586949041-BXAuGw5lYR.jpg
Sapphire,NIVIRO,Hardstyle,"Hardstyle, energetic, Dark, Angry, Gloomy, Restless",17 Jan 2017,Regular,https://ncsmusic.s3.eu-west-1.amazonaws.com/tracks/000/000/301/sapphire-1586949030-6g9g5TOuhG.mp3,https://ncsmusic.s3.eu-west-1.amazonaws.com/tracks/000/000/301/100x100/sapphire-1586949019-BZRBPMXxyr.jpg
Joystick,Jensation,House,"House, Quirky, Weird, energetic, Suspense",15 Jan 2017,Regular,https://ncsmusic.s3.eu-west-1.amazonaws.com/tracks/000/000/300/joystick-1586949005-DulqjtNoUl.mp3,https://ncsmusic.s3.eu-west-1.amazonaws.com/tracks/000/000/300/100x100/joystick-1586949002-0QDlhNYUiE.jpg
Saviour (feat. Chris Linton),"Unknown Brain, Chris Linton",Drum & Bass,"Drum & Bass, Gloomy, Laid Back, Fear, Dark",14 Jan 2017,"Regular, Instrumental",https://ncsmusic.s3.eu-west-1.amazonaws.com/tracks/000/000/299/saviour-feat-chris-linton-1586948983-UCY7pI5Zkw.mp3,https://ncsmusic.s3.eu-west-1.amazonaws.com/tracks/000/000/299/100x100/saviour-feat-chris-linton-1586948976-tJsBvtQ5qk.jpg
Get In,3rd Prototype,Future House,"Future House, energetic, Dark, Angry, Gloomy",11 Jan 2017,Regular,https://ncsmusic.s3.eu-west-1.amazonaws.com/tracks/000/000/298/get-in-1586948962-j41dPg3AGx.mp3,https://ncsmusic.s3.eu-west-1.amazonaws.com/tracks/000/000/298/100x100/get-in-1586948953-SWimVbJOoe.jpg
Seconds,Voicians,EDM,"EDM, Mysterious, Gloomy, Sexy, Dark, energetic",10 Jan 2017,"Regular, Instrumental",https://ncsmusic.s3.eu-west-1.amazonaws.com/tracks/000/000/297/seconds-1586948919-0AWAcYah0o.mp3,https://ncsmusic.s3.eu-west-1.amazonaws.com/tracks/000/000/297/100x100/seconds-1586948907-2J955jxqUR.jpg
Be Together,Zaza,Hardstyle,"Hardstyle, Quirky, Weird, Gloomy, Suspense",7 Jan 2017,Regular,https://ncsmusic.s3.eu-west-1.amazonaws.com/tracks/000/000/295/be-together-1586948872-EqGzg9Qgmc.mp3,https://ncsmusic.s3.eu-west-1.amazonaws.com/tracks/000/000/295/100x100/be-together-1586948869-zctIi3LXL0.jpg
Clouds,"Anna Yvette, AFK",Melodic Dubstep,"Melodic Dubstep, energetic, Dark, Angry, Gloomy, Restless",7 Jan 2017,Regular,https://ncsmusic.s3.eu-west-1.amazonaws.com/tracks/000/000/296/clouds-1586948889-IFm1clY0KX.mp3,https://ncsmusic.s3.eu-west-1.amazonaws.com/tracks/000/000/296/100x100/clouds-1586948887-pTDlw0nudC.jpg
Shadows (ft. Miss Mary),"it's different, Miss Mary",Trap,"Trap, Mysterious, Gloomy, Sexy, Dark",5 Jan 2017,"Regular, Instrumental",https://ncsmusic.s3.eu-west-1.amazonaws.com/tracks/000/000/294/shadows-ft-miss-mary-1586948845-4WfBPe7mr5.mp3,https://ncsmusic.s3.eu-west-1.amazonaws.com/tracks/000/000/294/100x100/shadows-ft-miss-mary-1586948843-HRPkP3ENI5.jpg
Speed,Jim Yosef,House,"House, Happy, Hopeful, energetic, Epic",3 Jan 2017,Regular,https://ncsmusic.s3.eu-west-1.amazonaws.com/tracks/000/000/293/speed-1586948824-fFAfQvhyuU.mp3,https://ncsmusic.s3.eu-west-1.amazonaws.com/tracks/000/000/293/100x100/speed-1586948815-Zo6aPPAXqF.jpg
C U Again (feat. Mikk mae),Futuristik,Drum & Bass,"Drum & Bass, Hopeful, romantic, Epic, energetic",31 Dec 2016,Regular,https://ncsmusic.s3.eu-west-1.amazonaws.com/tracks/000/000/292/c-u-again-feat-mikk-mae-1586948802-1b1SNHOGbj.mp3,https://ncsmusic.s3.eu-west-1.amazonaws.com/tracks/000/000/292/100x100/c-u-again-feat-mikk-mae-1586948801-7mnu1lVnIi.jpg
Spirit Of Things,Floatinurboat,Melodic Dubstep,"Melodic Dubstep, Gloomy, Angry, Dark, Fear, Suspense, Mysterious",29 Dec 2016,Regular,https://ncsmusic.s3.eu-west-1.amazonaws.com/tracks/000/000/291/1686052693_8ZaogCEN1J_NCS005DD--floatinurboat---Spirit-of-Things.mp3,https://ncsmusic.s3.eu-west-1.amazonaws.com/tracks/000/000/291/100x100/spirit-of-things-1586948797-ifbMaMBG5i.jpg
Sky High,Elektronomia,House,"House, Happy, Hopeful, Epic, Euphoric, energetic",28 Dec 2016,Regular,https://ncsmusic.s3.eu-west-1.amazonaws.com/tracks/000/000/290/sky-high-1586948785-jGkCsW2xA9.mp3,https://ncsmusic.s3.eu-west-1.amazonaws.com/tracks/000/000/290/100x100/sky-high-1586948777-5GCUk56GqG.jpg
Identity,Glude,Indie,"Indie Dance, Happy, Hopeful, energetic, Epic",20 Dec 2016,Regular,https://ncsmusic.s3.eu-west-1.amazonaws.com/tracks/000/000/289/identity-1586948765-V9786hfzfY.mp3,https://ncsmusic.s3.eu-west-1.amazonaws.com/tracks/000/000/289/100x100/identity-1586948764-kizRAlRJeV.jpg
Safe & Sound,Different Heaven,House,"House, romantic, Happy, Hopeful, energetic",17 Dec 2016,Regular,https://ncsmusic.s3.eu-west-1.amazonaws.com/tracks/000/000/288/safe-sound-1586948749-U5FNwoEwnm.mp3,https://ncsmusic.s3.eu-west-1.amazonaws.com/tracks/000/000/288/100x100/safe-sound-1586948748-JOeYLZqzTo.jpg
Mortals (feat. Laura Brehm),"Warriyo, Laura Brehm",Trap,"Trap, Gloomy, Angry, Dark, Fear, Suspense",15 Dec 2016,Regular,https://ncsmusic.s3.eu-west-1.amazonaws.com/tracks/000/000/287/mortals-feat-laura-brehm-1586948736-3e1Snmxk7T.mp3,https://ncsmusic.s3.eu-west-1.amazonaws.com/tracks/000/000/287/100x100/mortals-feat-laura-brehm-1586948734-yFnA6l5Geq.jpg
Mortals (Slowed),"Warriyo, Laura Brehm",Trap,"Trap, Dreamy, Dark, energetic, Mysterious, Restless",15 Dec 2016,Regular,https://ncsmusic.s3.eu-west-1.amazonaws.com/tracks/000/001/741/mortals-slowed-1724166054-1hekleJkcA.mp3,https://ncsmusic.s3.eu-west-1.amazonaws.com/tracks/000/001/741/100x100/mortals-slowed-1724166051-U1Ykgf77lp.png
Mortals (Sped Up),"Warriyo, Laura Brehm",Trap,"Trap, Heavy, Dark, Suspense",15 Dec 2016,Regular,https://ncsmusic.s3.eu-west-1.amazonaws.com/tracks/000/001/767/mortals-sped-up-1727366503-3bnrYsBzW4.mp3,https://ncsmusic.s3.eu-west-1.amazonaws.com/tracks/000/001/767/100x100/mortals-sped-up-1727366501-vVNa1QfPXt.png
Make Me Move (feat. KARRA),"Culture Code, KARRA",House,"House, Dreamy, Laid Back, Glamorous, Sexy",13 Dec 2016,Regular,https://ncsmusic.s3.eu-west-1.amazonaws.com/tracks/000/000/286/make-me-move-feat-karra-1586948725-C9SPOA3UZn.mp3,https://ncsmusic.s3.eu-west-1.amazonaws.com/tracks/000/000/286/100x100/make-me-move-feat-karra-1586948717-dTsA9So1cu.jpg
Back In Time,Y&V,House,"House, energetic, Mysterious, Quirky, Weird",10 Dec 2016,Regular,https://ncsmusic.s3.eu-west-1.amazonaws.com/tracks/000/000/285/back-in-time-1586948705-UoMRBDQ0VZ.mp3,https://ncsmusic.s3.eu-west-1.amazonaws.com/tracks/000/000/285/100x100/back-in-time-1586948695-hYY4CyIjnf.jpg
Moonstruck,Axollo,Drum & Bass,"Drum & Bass, Mysterious, Suspense, Weird, energetic",8 Dec 2016,Regular,https://ncsmusic.s3.eu-west-1.amazonaws.com/tracks/000/000/284/moonstruck-1586948687-q41Iz8vO89.mp3,https://ncsmusic.s3.eu-west-1.amazonaws.com/tracks/000/000/284/100x100/moonstruck-1586948677-I9XqiFdbAe.jpg
Harpuia,Kadenza,House,"House, Happy, Hopeful, Epic, Euphoric, energetic",6 Dec 2016,Regular,https://ncsmusic.s3.eu-west-1.amazonaws.com/tracks/000/000/283/harpuia-1586948667-kECIeFrNrz.mp3,https://ncsmusic.s3.eu-west-1.amazonaws.com/tracks/000/000/283/100x100/harpuia-1586948665-0Eg8UTTCAn.jpg
Stronger (feat. Miss Lina),"Omar Varela, Xavi & Gi, Miss Lina",EDM,"EDM, Happy, Hopeful, Epic, Euphoric, energetic",5 Dec 2016,Regular,https://ncsmusic.s3.eu-west-1.amazonaws.com/tracks/000/000/281/stronger-feat-miss-lina-1586948638-KrusQ5x3s3.mp3,https://ncsmusic.s3.eu-west-1.amazonaws.com/tracks/000/000/281/100x100/stronger-feat-miss-lina-1586948636-ub7p1rJXQZ.jpg
Survive (feat. Neon Dreams),"Neon Dreams, Vanze",House,"House, Hopeful, Epic, Dreamy, energetic, romantic, Glamorous",5 Dec 2016,Regular,https://ncsmusic.s3.eu-west-1.amazonaws.com/tracks/000/000/282/survive-feat-neon-dreams-1586948653-fTBiKLsxt2.mp3,https://ncsmusic.s3.eu-west-1.amazonaws.com/tracks/000/000/282/100x100/survive-feat-neon-dreams-1586948649-d0z4A4M6m5.jpg
Reflections,Kasger,Drum & Bass,"Drum & Bass, energetic, Mysterious, Quirky, Weird",1 Dec 2016,"Regular, Instrumental",https://ncsmusic.s3.eu-west-1.amazonaws.com/tracks/000/000/280/reflections-1586948606-ZJCXGMOsTb.mp3,https://ncsmusic.s3.eu-west-1.amazonaws.com/tracks/000/000/280/100x100/reflections-1586948549-0wpRXBNl0c.jpg
Pill (feat. Emma Sameth),"Heuse, Zeus X Crona, Emma Sameth",Trap,"Trap, Quirky, Weird, Epic, Happy",29 Nov 2016,Regular,https://ncsmusic.s3.eu-west-1.amazonaws.com/tracks/000/000/279/pill-feat-emma-sameth-1586948539-kSubtfoMHw.mp3,https://ncsmusic.s3.eu-west-1.amazonaws.com/tracks/000/000/279/100x100/pill-feat-emma-sameth-1586948537-Mb6KZlMRdE.jpg
Superhero (feat. Chris Linton),"Unknown Brain, Chris Linton",Trap,"Trap, Hopeful, Epic, Euphoric, Dreamy",26 Nov 2016,"Regular, Instrumental",https://ncsmusic.s3.eu-west-1.amazonaws.com/tracks/000/000/278/superhero-feat-chris-linton-1586948509-4NVMcj3ldb.mp3,https://ncsmusic.s3.eu-west-1.amazonaws.com/tracks/000/000/278/100x100/superhero-feat-chris-linton-1586948507-HRAmXcSlA5.jpg
Superhero (feat. Chris Linton) (Slowed),"Slowed Sounds, Chris Linton, Unknown Brain",Trap,"Trap, Elegant, Dark, Hopeful, Heavy",26 Nov 2016,Regular,https://ncsmusic.s3.eu-west-1.amazonaws.com/tracks/000/001/781/superhero-feat-chris-linton-slowed-1728288081-agnceOREOL.mp3,https://ncsmusic.s3.eu-west-1.amazonaws.com/tracks/000/001/781/100x100/superhero-feat-chris-linton-slowed-1728288080-NwGXo3m27x.jpg
Superhero (feat. Chris Linton) (Sped Up),"Chris Linton, Unknown Brain",Trap,"Trap, Elegant, Dark, Hopeful, Heavy",26 Nov 2016,Regular,https://ncsmusic.s3.eu-west-1.amazonaws.com/tracks/000/001/782/superhero-feat-chris-linton-sped-up-1728288091-7KkFHavUM3.mp3,https://ncsmusic.s3.eu-west-1.amazonaws.com/tracks/000/001/782/100x100/superhero-feat-chris-linton-sped-up-1728288089-v4kQuso4su.jpg
Glowing At Night,"Jo. Cohen, BQ",Trap,"Trap, Hopeful, Happy, Epic, romantic",22 Nov 2016,Regular,https://ncsmusic.s3.eu-west-1.amazonaws.com/tracks/000/000/277/glowing-at-night-1586948490-dDQggdCTMx.mp3,https://ncsmusic.s3.eu-west-1.amazonaws.com/tracks/000/000/277/100x100/glowing-at-night-1586948488-kXi5wrzMfC.jpg
Nekozilla,Different Heaven,Hardstyle,"Hardstyle, energetic, Happy, Hopeful, Euphoric",20 Nov 2016,Regular,https://ncsmusic.s3.eu-west-1.amazonaws.com/tracks/000/000/275/nekozilla-1586948469-wOdU2Fj3uG.mp3,https://ncsmusic.s3.eu-west-1.amazonaws.com/tracks/000/000/275/100x100/nekozilla-1586948466-PqYt3c73Fd.jpg
Nekozilla (LFZ Remix),"Different Heaven, LFZ",EDM,"EDM, energetic, Happy, Hopeful, Euphoric",20 Nov 2016,Regular,https://ncsmusic.s3.eu-west-1.amazonaws.com/tracks/000/000/276/nekozilla-lfz-remix-1586948478-G4CjyTwtQR.mp3,https://ncsmusic.s3.eu-west-1.amazonaws.com/tracks/000/000/276/100x100/nekozilla-lfz-remix-1586948476-ChFZVJAvQ0.jpg
You & I,Geoxor,Drumstep,"Drumstep, Quirky, Weird, Epic, Happy",17 Nov 2016,Regular,https://ncsmusic.s3.eu-west-1.amazonaws.com/tracks/000/000/274/you-i-1586948453-60zrFCW8t0.mp3,https://ncsmusic.s3.eu-west-1.amazonaws.com/tracks/000/000/274/100x100/you-i-1586948451-zsMKGuP6bG.jpg
Close (feat. Molly Ann) (Brooks Remix),"IZECOLD, Molly Ann, Brooks",Future House,"Future House, Happy, Hopeful, Epic, Euphoric, energetic",15 Nov 2016,"Regular, Instrumental",https://ncsmusic.s3.eu-west-1.amazonaws.com/tracks/000/000/273/close-feat-molly-ann-brooks-remix-1586948409-NYXvhw5LlV.mp3,https://ncsmusic.s3.eu-west-1.amazonaws.com/tracks/000/000/273/100x100/close-feat-molly-ann-brooks-remix-1586948407-h86s2kf6j6.jpg
Fallin' (feat. Micah Martin),"ElementD, Micah Martin",Hardstyle,"Hardstyle, energetic, Happy, Hopeful, Euphoric",12 Nov 2016,"Regular, Instrumental",https://ncsmusic.s3.eu-west-1.amazonaws.com/tracks/000/000/272/1725535948_3JffBvmayF_ElementD-feat.-Micah-Martin---Fallin.mp3,https://ncsmusic.s3.eu-west-1.amazonaws.com/tracks/000/000/272/100x100/fallin-feat-micah-martin-1586948369-P9kXVS7S8b.jpg
Losing Sleep (feat. Tara Louise),"Disfigure, Tara Louise",Chill,"Chill, Sexy, energetic, Epic, Euphoric",10 Nov 2016,Regular,https://ncsmusic.s3.eu-west-1.amazonaws.com/tracks/000/000/271/losing-sleep-feat-tara-louise-1586948359-u4MonnJ1cq.mp3,https://ncsmusic.s3.eu-west-1.amazonaws.com/tracks/000/000/271/100x100/losing-sleep-feat-tara-louise-1586948356-Yx9wJIN9JU.jpg
Masked Raver,Vexento,House,"House, Happy, Hopeful, Epic, Euphoric, energetic",9 Nov 2016,Regular,https://ncsmusic.s3.eu-west-1.amazonaws.com/tracks/000/000/270/masked-raver-1586948340-l3doCJKJus.mp3,https://ncsmusic.s3.eu-west-1.amazonaws.com/tracks/000/000/270/100x100/masked-raver-1586948338-ftaTwov9dj.jpg
Melrose At Midnight,Light Years Away,Melodic Dubstep,"Melodic Dubstep, sad, Gloomy, Angry, Dark, Fear, Suspense",8 Nov 2016,Regular,https://ncsmusic.s3.eu-west-1.amazonaws.com/tracks/000/000/269/melrose-at-midnight-1586948323-VerjqwWQ3M.mp3,https://ncsmusic.s3.eu-west-1.amazonaws.com/tracks/000/000/269/100x100/melrose-at-midnight-1586948321-nu6p6lSAsH.jpg
You,"Axol, Alex Skrindo",House,"House, energetic, Happy, Hopeful, Euphoric",6 Nov 2016,Regular,https://ncsmusic.s3.eu-west-1.amazonaws.com/tracks/000/000/268/you-1586948306-fV9GfHcE5q.mp3,https://ncsmusic.s3.eu-west-1.amazonaws.com/tracks/000/000/268/100x100/you-1586948305-H8XfI9Svxz.jpg
Escape With Me (feat. Charlotte Haining),"Charlotte Haining, Halcyon",Melodic Dubstep,"Melodic Dubstep, Sexy, romantic, Hopeful, Laid Back",5 Nov 2016,Regular,https://ncsmusic.s3.eu-west-1.amazonaws.com/tracks/000/000/267/escape-with-me-feat-charlotte-haining-1586948288-cLkAmnJNNv.mp3,https://ncsmusic.s3.eu-west-1.amazonaws.com/tracks/000/000/267/100x100/escape-with-me-feat-charlotte-haining-1586948286-qGR4G6OvlH.jpg
A New Light,Valcos,EDM,"EDM, Quirky, Weird, Epic, Happy",4 Nov 2016,Regular,https://ncsmusic.s3.eu-west-1.amazonaws.com/tracks/000/000/265/a-new-light-1586948246-jDk5xAvwDO.mp3,https://ncsmusic.s3.eu-west-1.amazonaws.com/tracks/000/000/265/100x100/a-new-light-1586948244-KmtBMoWoFG.jpg
Imma Killa!,Anikdote,Trap,"Trap, sad, Gloomy, Angry, Dark, Fear, Suspense",4 Nov 2016,Regular,https://ncsmusic.s3.eu-west-1.amazonaws.com/tracks/000/000/266/imma-killa-1586948264-8vEOzZauPm.mp3,https://ncsmusic.s3.eu-west-1.amazonaws.com/tracks/000/000/266/100x100/imma-killa-1586948261-PMtsvzUbkD.jpg
Migraine (feat. Anna Yvette),"Ellis, Anna Yvette",Future House,"Future House, Fear, sad, Suspense, scary, Weird",2 Nov 2016,Regular,https://ncsmusic.s3.eu-west-1.amazonaws.com/tracks/000/000/264/migraine-feat-anna-yvette-1586948229-XgxyqtjSp9.mp3,https://ncsmusic.s3.eu-west-1.amazonaws.com/tracks/000/000/264/100x100/migraine-feat-anna-yvette-1586948227-1T4SPS8jO2.jpg
ILY,Axol,EDM,"EDM, energetic, Happy, Hopeful, Euphoric",1 Nov 2016,Regular,https://ncsmusic.s3.eu-west-1.amazonaws.com/tracks/000/000/263/ily-1586948212-TStKlqQ7ag.mp3,https://ncsmusic.s3.eu-west-1.amazonaws.com/tracks/000/000/263/100x100/ily-1586948211-K9KFdqc44o.jpg
Canary,Jim Yosef,Future House,"Future House, Dreamy, Laid Back, Peaceful, Euphoric",29 Oct 2016,Regular,https://ncsmusic.s3.eu-west-1.amazonaws.com/tracks/000/000/262/canary-1586948196-WRVCm0ryas.mp3,https://ncsmusic.s3.eu-west-1.amazonaws.com/tracks/000/000/262/100x100/canary-1586948195-vPGD4PRc3Y.jpeg
Still Need You (feat. AWR),"Uplink, AWR",House,"House, romantic, energetic, Weird, Quirky, Hopeful",26 Oct 2016,Regular,https://ncsmusic.s3.eu-west-1.amazonaws.com/tracks/000/000/261/still-need-you-feat-awr-1586948184-YR4iDnp1UN.mp3,https://ncsmusic.s3.eu-west-1.amazonaws.com/tracks/000/000/261/100x100/still-need-you-feat-awr-1586948182-PGzLCIDSx9.jpg
Wait For You (feat. Anna Yvette),"Electro-Light, Jordan Kelvin James, Anna Yvette",Drum & Bass,"Drum & Bass, energetic, romantic, Epic, Hopeful",22 Oct 2016,Regular,https://ncsmusic.s3.eu-west-1.amazonaws.com/tracks/000/000/260/wait-for-you-feat-anna-yvette-1586948166-OojCEXyikD.mp3,https://ncsmusic.s3.eu-west-1.amazonaws.com/tracks/000/000/260/100x100/wait-for-you-feat-anna-yvette-1586948164-ZPIFtdU6DJ.jpg
Whole,"Chime, Adam Tell",Dubstep,"Dubstep, Hopeful, sad, Dark, Gloomy, Restless",20 Oct 2016,Regular,https://ncsmusic.s3.eu-west-1.amazonaws.com/tracks/000/000/259/whole-1586948150-itYzOS2Zgf.mp3,https://ncsmusic.s3.eu-west-1.amazonaws.com/tracks/000/000/259/100x100/whole-1586948143-FPuuRpUSb4.jpg
Polaris,Blazars,EDM,"EDM, energetic, Happy, Hopeful, Euphoric",18 Oct 2016,Regular,https://ncsmusic.s3.eu-west-1.amazonaws.com/tracks/000/000/258/polaris-1586948129-1J3B7DgPz5.mp3,https://ncsmusic.s3.eu-west-1.amazonaws.com/tracks/000/000/258/100x100/polaris-1586948127-JFb2AzzLue.jpg
Heroes,RetroVision,House,"House, energetic, Happy, Hopeful, Euphoric",15 Oct 2016,Regular,https://ncsmusic.s3.eu-west-1.amazonaws.com/tracks/000/000/257/heroes-1586948114-Al3DKmxCoJ.mp3,https://ncsmusic.s3.eu-west-1.amazonaws.com/tracks/000/000/257/100x100/heroes-1586948112-sC8zeWWo1q.jpg
Feels,ÉWN,Trap,"Trap, sad, Dark, Gloomy, Restless, Quirky",13 Oct 2016,Regular,https://ncsmusic.s3.eu-west-1.amazonaws.com/tracks/000/000/256/feels-1586948100-w0imiebEgy.mp3,https://ncsmusic.s3.eu-west-1.amazonaws.com/tracks/000/000/256/100x100/feels-1586948098-6VPsQf04jT.jpg
Pain (feat. Mia Vaile),"Ship Wrek, Mia Vaile",Trap,"Trap, sad, Dark, Gloomy, Restless, Quirky",7 Oct 2016,"Regular, Instrumental",https://ncsmusic.s3.eu-west-1.amazonaws.com/tracks/000/000/255/pain-feat-mia-vaile-1586948058-TJTmBs2JEJ.mp3,https://ncsmusic.s3.eu-west-1.amazonaws.com/tracks/000/000/255/100x100/pain-feat-mia-vaile-1586948056-NVDtC3VHCo.jpg
Donuts,Jensation,House,"House, energetic, Happy, Hopeful, Euphoric",4 Oct 2016,Regular,https://ncsmusic.s3.eu-west-1.amazonaws.com/tracks/000/000/254/1749486785_S3TLznSItN_NCS234--Jensation---Donuts.mp3,https://ncsmusic.s3.eu-west-1.amazonaws.com/tracks/000/000/254/100x100/1707481552_iC8kanUF2V_Screenshot-2024-02-09-at-12.25.36Ypm.png
Remember (ft. The Tech Thieves),"Axol, Levianth, The Tech Thieves",Trap,"Trap, Hopeful, Restless, Dark, Gloomy",1 Oct 2016,Regular,https://ncsmusic.s3.eu-west-1.amazonaws.com/tracks/000/000/253/remember-ft-the-tech-thieves-1586948020-Wzf18uIPaS.mp3,https://ncsmusic.s3.eu-west-1.amazonaws.com/tracks/000/000/253/100x100/remember-ft-the-tech-thieves-1586948018-iMqddzbT2n.jpg
Blueshift,"Catas, Kasger",Drum & Bass,"Drum & Bass, energetic, Happy, Hopeful, Euphoric",24 Sep 2016,Regular,https://ncsmusic.s3.eu-west-1.amazonaws.com/tracks/000/000/252/blueshift-1586947997-rpljXxXTCK.mp3,https://ncsmusic.s3.eu-west-1.amazonaws.com/tracks/000/000/252/100x100/blueshift-1586947995-FdGopdQKjl.jpg
The Wizard,SKYLINK,Melodic Dubstep,"Melodic Dubstep, Fear, Suspense, Mysterious, Dark, Weird, Restless",22 Sep 2016,Regular,https://ncsmusic.s3.eu-west-1.amazonaws.com/tracks/000/000/251/the-wizard-1586947979-iepaL8Chs7.mp3,https://ncsmusic.s3.eu-west-1.amazonaws.com/tracks/000/000/251/100x100/the-wizard-1586947978-2LDxIffFbP.jpg
Energy,Elektronomia,House,"House, Hopeful, Euphoric, energetic, Dreamy",17 Sep 2016,Regular,https://ncsmusic.s3.eu-west-1.amazonaws.com/tracks/000/000/250/1723199686_A0jye1QGXf_Elektronomia---Energy.mp3,https://ncsmusic.s3.eu-west-1.amazonaws.com/tracks/000/000/250/100x100/energy-1586947966-tufjK38UoG.jpg
Away (feat. Byndy),"Phantom Sage, Byndy",Dubstep,"Dubstep, Fear, Suspense, Mysterious, Dark, Weird, Restless",13 Sep 2016,Regular,https://ncsmusic.s3.eu-west-1.amazonaws.com/tracks/000/000/249/away-feat-byndy-1586947952-ghCVoURXG6.mp3,https://ncsmusic.s3.eu-west-1.amazonaws.com/tracks/000/000/249/100x100/away-feat-byndy-1586947950-4gqEWYu64G.jpg
Adventure,JJD,Indie,"Indie Dance, Happy, Hopeful, Epic, Euphoric, energetic",10 Sep 2016,Regular,https://ncsmusic.s3.eu-west-1.amazonaws.com/tracks/000/000/248/adventure-1586947914-NubaubzmyH.mp3,https://ncsmusic.s3.eu-west-1.amazonaws.com/tracks/000/000/248/100x100/adventure-1586947911-7rIG207kwl.jpg
Start That Fire,"ÉWN, Whogaux",Trap,"Trap, sad, Gloomy, Angry, Dark, Fear, Suspense",6 Sep 2016,Regular,https://ncsmusic.s3.eu-west-1.amazonaws.com/tracks/000/000/247/start-that-fire-1586947883-tiEdhJaLvF.mp3,https://ncsmusic.s3.eu-west-1.amazonaws.com/tracks/000/000/247/100x100/start-that-fire-1586947882-WsYEDfNBD4.jpg
Beside You (feat. Soundr),"Rameses B, Soundr",Drum & Bass,"Drum & Bass, romantic, Glamorous, Quirky, Weird, energetic, Fear",3 Sep 2016,Regular,https://ncsmusic.s3.eu-west-1.amazonaws.com/tracks/000/000/246/beside-you-feat-soundr-1586947870-hzViyJS8h2.mp3,https://ncsmusic.s3.eu-west-1.amazonaws.com/tracks/000/000/246/100x100/beside-you-feat-soundr-1586947869-PsPSauDc4w.jpg
Everlasting,"Jim Yosef, Ephixa",EDM,"EDM, energetic, Happy, Hopeful, Euphoric",1 Sep 2016,Regular,https://ncsmusic.s3.eu-west-1.amazonaws.com/tracks/000/000/245/everlasting-1586947855-CLjlzYvOxD.mp3,https://ncsmusic.s3.eu-west-1.amazonaws.com/tracks/000/000/245/100x100/everlasting-1586947853-bU8tHRZrwx.jpg
Vertigo,"Rob Gasser, Laura Brehm",Drumstep,"Drumstep, Fear, Suspense, Weird, energetic",30 Aug 2016,Regular,https://ncsmusic.s3.eu-west-1.amazonaws.com/tracks/000/000/244/vertigo-1586947845-lLVSFxTniA.mp3,https://ncsmusic.s3.eu-west-1.amazonaws.com/tracks/000/000/244/100x100/vertigo-1586947843-qenl9liMtt.jpg
The Light,Phantom Sage,Drum & Bass,"Drum & Bass, Hopeful, Euphoric, energetic, Dreamy",27 Aug 2016,Regular,https://ncsmusic.s3.eu-west-1.amazonaws.com/tracks/000/000/243/the-light-1586947829-KkrQmaUzM7.mp3,https://ncsmusic.s3.eu-west-1.amazonaws.com/tracks/000/000/243/100x100/the-light-1586947827-JbGiJ9c5l2.jpg
Savage,Paul Flint,Dubstep,"Dubstep, Angry, energetic, Dark, Gloomy",25 Aug 2016,Regular,https://ncsmusic.s3.eu-west-1.amazonaws.com/tracks/000/000/242/savage-1586947814-a0Pxihyxql.mp3,https://ncsmusic.s3.eu-west-1.amazonaws.com/tracks/000/000/242/100x100/savage-1586947812-12PXDRr5eW.jpg
Feel Like Horrible,"Different Heaven, Sian Area",Drum & Bass,"Drum & Bass, energetic, Happy, Hopeful, Euphoric",20 Aug 2016,Regular,https://ncsmusic.s3.eu-west-1.amazonaws.com/tracks/000/000/241/feel-like-horrible-1586947803-gooAXRr1Fn.mp3,https://ncsmusic.s3.eu-west-1.amazonaws.com/tracks/000/000/241/100x100/feel-like-horrible-1586947801-ZfVqbL7kxN.jpg
To Myself,"Uplink, NK",Trap,"Trap, romantic, Glamorous, Quirky, Weird",16 Aug 2016,Regular,https://ncsmusic.s3.eu-west-1.amazonaws.com/tracks/000/000/240/to-myself-1586947792-D0R6KgjIHi.mp3,https://ncsmusic.s3.eu-west-1.amazonaws.com/tracks/000/000/240/100x100/to-myself-1586947791-opRtlgy5Yz.jpg
Can't Wait,"Jim Yosef, Anna Yvette",House,"House, Happy, Hopeful, Epic, Euphoric, energetic",13 Aug 2016,Regular,https://ncsmusic.s3.eu-west-1.amazonaws.com/tracks/000/000/239/cant-wait-1586947786-1e6ncUzqj8.mp3,https://ncsmusic.s3.eu-west-1.amazonaws.com/tracks/000/000/239/100x100/cant-wait-1586947784-aY2sEkeEib.jpg
Undone,Desmeon,Drumstep,"Drumstep, sad, Gloomy, Angry, Dark, Fear, Suspense",6 Aug 2016,Regular,https://ncsmusic.s3.eu-west-1.amazonaws.com/tracks/000/000/238/undone-1586947777-H1WvjY3iL6.mp3,https://ncsmusic.s3.eu-west-1.amazonaws.com/tracks/000/000/238/100x100/undone-1586947775-DI9CKzcvWh.jpg
Red Hands,Mendum,Dubstep,"Dubstep, sad, Gloomy, Angry, Dark",4 Aug 2016,Regular,https://ncsmusic.s3.eu-west-1.amazonaws.com/tracks/000/000/237/red-hands-1586947766-4xp1dMhjT3.mp3,https://ncsmusic.s3.eu-west-1.amazonaws.com/tracks/000/000/237/100x100/red-hands-1586947764-qG3HZlR4j5.jpg
Little Bit,"Futuristik, Sethh",Drum & Bass,"Drum & Bass, Happy, Hopeful, Epic, Euphoric, energetic",2 Aug 2016,Regular,https://ncsmusic.s3.eu-west-1.amazonaws.com/tracks/000/000/236/little-bit-1586947757-lyLYCrNOpf.mp3,https://ncsmusic.s3.eu-west-1.amazonaws.com/tracks/000/000/236/100x100/little-bit-1586947755-gQmMLwinjq.jpg
Along The Road,"NCT, T & Sugah, Voicians",Drum & Bass,"Drum & Bass, Happy, Hopeful, Epic, Euphoric, energetic",30 Jul 2016,Regular,https://ncsmusic.s3.eu-west-1.amazonaws.com/tracks/000/000/235/along-the-road-1586947748-BrsV8a84q8.mp3,https://ncsmusic.s3.eu-west-1.amazonaws.com/tracks/000/000/235/100x100/along-the-road-1586947747-TsOghsRGS7.jpg
Home,Konac,Drumstep,"Drumstep, Happy, Epic, Euphoric, Hopeful",26 Jul 2016,Regular,https://ncsmusic.s3.eu-west-1.amazonaws.com/tracks/000/000/234/home-1586947740-lmLNlPgk6z.mp3,https://ncsmusic.s3.eu-west-1.amazonaws.com/tracks/000/000/234/100x100/home-1586947738-aPBjXGUnC2.jpg
Roots,Tobu,House,"House, Quirky, Weird, Happy, Hopeful, energetic",23 Jul 2016,Regular,https://ncsmusic.s3.eu-west-1.amazonaws.com/tracks/000/000/233/roots-1586947733-kHu1V7B1g1.mp3,https://ncsmusic.s3.eu-west-1.amazonaws.com/tracks/000/000/233/100x100/roots-1586947732-lPzZJl9uFp.jpg
Fly (feat. Parker Polhill),"Fransis Derelle, Parker Polhill",Trap,"Trap, Happy, Epic, Euphoric, Hopeful, Dreamy",17 Jul 2016,Regular,https://ncsmusic.s3.eu-west-1.amazonaws.com/tracks/000/000/232/fly-feat-parker-polhill-1586947726-E4CKK6IgBM.mp3,https://ncsmusic.s3.eu-west-1.amazonaws.com/tracks/000/000/232/100x100/fly-feat-parker-polhill-1586947724-GRcs4JenL5.jpg
Get Up Again (feat. Axol),"Alex Skrindo, Axol",House,"House, Happy, Epic, Euphoric, Hopeful",9 Jul 2016,Regular,https://ncsmusic.s3.eu-west-1.amazonaws.com/tracks/000/000/231/get-up-again-feat-axol-1586947718-PWLKbXSzIQ.mp3,https://ncsmusic.s3.eu-west-1.amazonaws.com/tracks/000/000/231/100x100/get-up-again-feat-axol-1586947717-yLBZDYbefw.jpg
Throwback,Electro-Light,Hardstyle,"Hardstyle, Happy, Hopeful, Epic, Euphoric, energetic",2 Jul 2016,Regular,https://ncsmusic.s3.eu-west-1.amazonaws.com/tracks/000/000/230/throwback-1586947710-ZipXJ5GnAJ.mp3,https://ncsmusic.s3.eu-west-1.amazonaws.com/tracks/000/000/230/100x100/throwback-1586947708-Pyxiww9ogQ.jpg
Puzzle,RetroVision,House,"House, Restless, energetic, Dark, Quirky",25 Jun 2016,Regular,https://ncsmusic.s3.eu-west-1.amazonaws.com/tracks/000/000/229/puzzle-1586947703-i9rcayyprv.mp3,https://ncsmusic.s3.eu-west-1.amazonaws.com/tracks/000/000/229/100x100/puzzle-1586947701-5zsJbtBjsF.jpg
Silence (feat. Byndy),"Phantom Sage, Byndy",EDM,"EDM, Happy, Epic, Euphoric, Hopeful",18 Jun 2016,Regular,https://ncsmusic.s3.eu-west-1.amazonaws.com/tracks/000/000/228/silence-feat-byndy-1586947694-gctpmdnbr1.mp3,https://ncsmusic.s3.eu-west-1.amazonaws.com/tracks/000/000/228/100x100/silence-feat-byndy-1586947692-k9SeuLVlVs.jpg
We Were Infinite,Inukshuk,Indie,"Indie Dance, Euphoric, Dreamy, Epic, Happy",7 Jun 2016,Regular,https://ncsmusic.s3.eu-west-1.amazonaws.com/tracks/000/000/227/we-were-infinite-1586947685-1IVeZavGVh.mp3,https://ncsmusic.s3.eu-west-1.amazonaws.com/tracks/000/000/227/100x100/we-were-infinite-1586947683-ZypjAy1Qgm.jpg
Out Here,Kasger,Drum & Bass,"Drum & Bass, Happy, Hopeful, Epic, Euphoric",5 Jun 2016,Regular,https://ncsmusic.s3.eu-west-1.amazonaws.com/tracks/000/000/226/out-here-1586947673-qFHAG464oh.mp3,https://ncsmusic.s3.eu-west-1.amazonaws.com/tracks/000/000/226/100x100/out-here-1586947671-YfmhZxfaZf.jpg
Feels Right (ft. Yung Fusion),"JPB, MYRNE, Yung Fusion",Trap,"Trap, Happy, romantic, Hopeful, Dreamy",28 May 2016,Regular,https://ncsmusic.s3.eu-west-1.amazonaws.com/tracks/000/000/225/feels-right-ft-yung-fusion-1586947666-LhcV6yUszs.mp3,https://ncsmusic.s3.eu-west-1.amazonaws.com/tracks/000/000/225/100x100/feels-right-ft-yung-fusion-1586947663-aJ0pjq1sFV.jpg
Translucent,Unison,House,"House, Happy, Hopeful, Epic, Euphoric",25 May 2016,Regular,https://ncsmusic.s3.eu-west-1.amazonaws.com/tracks/000/000/224/translucent-1586947657-6R890oHt7m.mp3,https://ncsmusic.s3.eu-west-1.amazonaws.com/tracks/000/000/224/100x100/translucent-1586947656-73Kal0eOcu.jpg
Kaibu,Killercats,EDM,"EDM, Happy, Hopeful, Epic, Euphoric, Dreamy, Quirky",14 May 2016,Regular,https://ncsmusic.s3.eu-west-1.amazonaws.com/tracks/000/000/222/kaibu-1586947639-vnmLxieMH0.mp3,https://ncsmusic.s3.eu-west-1.amazonaws.com/tracks/000/000/222/100x100/kaibu-1586947637-cI9bEcrW0u.jpg
Turn It Up,Anikdote,Trap,"Trap, Dark, Fear, Suspense, Restless, Quirky",12 May 2016,Regular,https://ncsmusic.s3.eu-west-1.amazonaws.com/tracks/000/000/221/turn-it-up-1586947629-qbE5lA1Lu9.mp3,https://ncsmusic.s3.eu-west-1.amazonaws.com/tracks/000/000/221/100x100/turn-it-up-1586947628-LIDrp7rT5P.jpg
Cloud Ten,Fareoh,Drumstep,"Drumstep, Happy, Hopeful, Epic, Euphoric",7 May 2016,Regular,https://ncsmusic.s3.eu-west-1.amazonaws.com/tracks/000/000/220/cloud-ten-1586947617-ERbWB5ONHR.mp3,https://ncsmusic.s3.eu-west-1.amazonaws.com/tracks/000/000/220/100x100/cloud-ten-1586947615-UmEuwypiQ0.jpg
Earth,K-391,Drumstep,"Drumstep, energetic, Restless, Quirky, Dreamy",30 Apr 2016,Regular,https://ncsmusic.s3.eu-west-1.amazonaws.com/tracks/000/000/219/earth-1586947603-Y3sfMhSEdq.mp3,https://ncsmusic.s3.eu-west-1.amazonaws.com/tracks/000/000/219/100x100/earth-1586947601-v2gYCwlVCG.jpg
I Remember U (Xilent Remix),"Cartoon, Xilent, Jéja",Dubstep,"Dubstep, Restless, Dark, Quirky, Weird",28 Apr 2016,Regular,https://ncsmusic.s3.eu-west-1.amazonaws.com/tracks/000/000/218/i-remember-u-xilent-remix-1586947594-dt9DkSNs35.mp3,https://ncsmusic.s3.eu-west-1.amazonaws.com/tracks/000/000/218/100x100/1705340679_cI3iWZFhGG_2024---CARTOON-JEYJA---I-Remember-U-ft.-JuYri-Pootsmann-Xilent-Remix.jpg
Close (feat. Molly Ann),"IZECOLD, Molly Ann",Future House,"Future House, Happy, Hopeful, Epic, Euphoric, energetic",25 Apr 2016,"Regular, Instrumental",https://ncsmusic.s3.eu-west-1.amazonaws.com/tracks/000/000/217/close-feat-molly-ann-1586947554-YKOPGx6SPh.mp3,https://ncsmusic.s3.eu-west-1.amazonaws.com/tracks/000/000/217/100x100/close-feat-molly-ann-1586947551-rdaXgbEO1b.jpg
We Are,"Whales, Jo. Cohen",Trap,"Trap, Hopeful, Euphoric, energetic, Dreamy, Laid Back, Sexy",21 Apr 2016,Regular,https://ncsmusic.s3.eu-west-1.amazonaws.com/tracks/000/000/216/we-are-1586947544-S1hZjPlQxZ.mp3,https://ncs.io/static/web/img/no-artist.png
Cut The Check,"Spitfya, Desembra",Future House,"Future House, Restless, energetic, Dark, Angry, Suspense, Fear",14 Apr 2016,Regular,https://ncsmusic.s3.eu-west-1.amazonaws.com/tracks/000/000/215/cut-the-check-1586947535-T29xgNCqYV.mp3,https://ncsmusic.s3.eu-west-1.amazonaws.com/tracks/000/000/215/100x100/cut-the-check-1586947533-i8uNgo0zI6.jpg
Tell Me,"Killercats, Alex Skrindo",Hardstyle,"Hardstyle, Happy, Hopeful, Epic, Euphoric, energetic",12 Apr 2016,Regular,https://ncsmusic.s3.eu-west-1.amazonaws.com/tracks/000/000/214/tell-me-1586947528-nFHUq4YgDI.mp3,https://ncsmusic.s3.eu-west-1.amazonaws.com/tracks/000/000/214/100x100/tell-me-1586947526-zKUe9gOHYy.jpg
Halcyon,JJD,House,"House, Happy, Hopeful, Epic, Euphoric",9 Apr 2016,Regular,https://ncsmusic.s3.eu-west-1.amazonaws.com/tracks/000/000/213/halcyon-1586947517-konDSHAD8i.mp3,https://ncsmusic.s3.eu-west-1.amazonaws.com/tracks/000/000/213/100x100/halcyon-1586947515-S8Rsyi3HSV.jpg
Back From The Dead,Desmeon,Drumstep,"Drumstep, Angry, energetic, Dark, Suspense",2 Apr 2016,Regular,https://ncsmusic.s3.eu-west-1.amazonaws.com/tracks/000/000/212/back-from-the-dead-1586947510-L7HNaeV0Li.mp3,https://ncsmusic.s3.eu-west-1.amazonaws.com/tracks/000/000/212/100x100/back-from-the-dead-1586947508-HXt5cU9tME.jpg
Breathe,Glude,Drumstep,"Drumstep, Mysterious, Happy, Peaceful, Laid Back",26 Mar 2016,Regular,https://ncsmusic.s3.eu-west-1.amazonaws.com/tracks/000/000/211/breathe-1586947502-iri7JUIyv7.mp3,https://ncsmusic.s3.eu-west-1.amazonaws.com/tracks/000/000/211/100x100/breathe-1586947500-UNixYwQRff.jpg
Love U,Razihel,Dubstep,"Dubstep, romantic, Sexy, Happy, Dreamy, Euphoric",23 Mar 2016,Regular,https://ncsmusic.s3.eu-west-1.amazonaws.com/tracks/000/000/210/love-u-1586947493-eDMGgTHfKJ.mp3,https://ncsmusic.s3.eu-west-1.amazonaws.com/tracks/000/000/210/100x100/love-u-1586947491-AO93bULu17.jpg
I Remember U (Ownglow Remix),"Cartoon, Ownglow, Jéja",Drum & Bass,Drum & Bass,11 Mar 2016,Regular,,https://ncsmusic.s3.eu-west-1.amazonaws.com/tracks/000/000/208/100x100/1705341045_c0dA5lEFY1_2024---CARTOON-JEYJA---I-Remember-U-ft.-JuYri-Pootsmann.jpg
I Remember U,"Cartoon, Jéja",Drum & Bass,"Drum & Bass, romantic, Happy, Euphoric, energetic",11 Mar 2016,Regular,https://ncsmusic.s3.eu-west-1.amazonaws.com/tracks/000/000/209/i-remember-u-1586947486-EBnLu7bZdH.mp3,https://ncsmusic.s3.eu-west-1.amazonaws.com/tracks/000/000/209/100x100/1705340698_wqZjt16Oa7_2024---CARTOON-JEYJA---I-Remember-U-ft.-JuYri-Pootsmann.jpg
Far Away (Phantom Sage Remix),"Different Heaven, Phantom Sage",Hardstyle,"Hardstyle, Suspense, scary, Fear, Quirky, Weird",5 Mar 2016,Regular,https://ncsmusic.s3.eu-west-1.amazonaws.com/tracks/000/000/206/far-away-phantom-sage-remix-1586947476-XlcJi3ZO2P.mp3,https://ncsmusic.s3.eu-west-1.amazonaws.com/tracks/000/000/206/100x100/far-away-phantom-sage-remix-1586947474-aSz3KGAbky.jpg
Feel Good,Syn Cole,House,"House, Happy, Hopeful, Epic, Euphoric",27 Feb 2016,Regular,https://ncsmusic.s3.eu-west-1.amazonaws.com/tracks/000/000/205/feel-good-1586947466-ErEvvTl4ck.mp3,https://ncsmusic.s3.eu-west-1.amazonaws.com/tracks/000/000/205/100x100/feel-good-1586947464-m1y8kbZ5x7.jpg
Spoil,Brig,Dubstep,"Dubstep, Dark, energetic, Gloomy, Angry, Restless",25 Feb 2016,Regular,https://ncsmusic.s3.eu-west-1.amazonaws.com/tracks/000/000/204/spoil-1586947458-7xMV7mkdyO.mp3,https://ncsmusic.s3.eu-west-1.amazonaws.com/tracks/000/000/204/100x100/spoil-1586947456-0JFQw0JvJN.jpg
You And Me (feat. Ke'nekt),"Electro-Light, Ke'nekt",House,"House, energetic, Euphoric, Epic, Happy",18 Feb 2016,Regular,https://ncsmusic.s3.eu-west-1.amazonaws.com/tracks/000/000/203/you-and-me-feat-kenekt-1586947452-HhLw1O9Om2.mp3,https://ncsmusic.s3.eu-west-1.amazonaws.com/tracks/000/000/203/100x100/you-and-me-feat-kenekt-1586947450-P5kl7ecwph.jpg
A World Away,Inukshuk,Dubstep,"Dubstep, Happy, Hopeful, Epic, Euphoric",13 Feb 2016,Regular,https://ncsmusic.s3.eu-west-1.amazonaws.com/tracks/000/000/202/a-world-away-1586947445-Ll3cgZgPl8.mp3,https://ncsmusic.s3.eu-west-1.amazonaws.com/tracks/000/000/202/100x100/a-world-away-1586947443-aXB21GYPHH.jpg
Immortality (feat. Kristel Aaslaid) (Futuristik Remix),"Cartoon, Kristel Aaslaid, Jéja, Futuristik",Drum & Bass,"Drum & Bass, energetic, Restless, Epic, Quirky",10 Feb 2016,"Regular, Instrumental",https://ncsmusic.s3.eu-west-1.amazonaws.com/tracks/000/000/201/immortality-feat-kristel-aaslaid-remix-1586947431-IfnQIQ4tR3.mp3,https://ncsmusic.s3.eu-west-1.amazonaws.com/tracks/000/000/201/100x100/1705340847_s3uk1NDrFb_2024---CARTOON-JEYJA---Immortality-ft.-Kristel-Aaslaid-Futuristik-Remix.jpg
Forces (feat. Ivan Jamile & Kédo Rebelle),"Ivan Jamile, Kédo Rebelle, Jim Yosef",House,"House, energetic, Euphoric, Epic, Happy",6 Feb 2016,Regular,https://ncsmusic.s3.eu-west-1.amazonaws.com/tracks/000/000/200/forces-feat-ivan-jamile-kedo-rebelle-1586947423-veXE7C4oEE.mp3,https://ncsmusic.s3.eu-west-1.amazonaws.com/tracks/000/000/200/100x100/forces-feat-ivan-jamile-kedo-rebelle-1586947422-5uVG9kfeFO.jpg
Ark,Ship Wrek,Trap,"Trap, Gloomy, Epic, Dark, Suspense, Quirky",4 Feb 2016,Regular,https://ncsmusic.s3.eu-west-1.amazonaws.com/tracks/000/000/199/ark-1586947417-GnJoXlafLl.mp3,https://ncsmusic.s3.eu-west-1.amazonaws.com/tracks/000/000/199/100x100/ark-1586947415-3IWNR9xgsI.jpg
Ark (Sped Up),"Zookeepers, Ship Wrek",Future Bass,"Future Bass, Funny, Chasing, Elegant, Dreamy",4 Feb 2016,Regular,https://ncsmusic.s3.eu-west-1.amazonaws.com/tracks/000/001/768/ark-sped-up-1727366509-wvR6ALCkE6.mp3,https://ncsmusic.s3.eu-west-1.amazonaws.com/tracks/000/001/768/100x100/ark-sped-up-1727366507-56MwrfsvYo.jpg
Ark (Slowed),"Zookeepers, Ship Wrek",Future Bass,"Future Bass, Funny, Chasing, Elegant, Dreamy",4 Feb 2016,Regular,https://ncsmusic.s3.eu-west-1.amazonaws.com/tracks/000/001/769/ark-slowed-1727366513-EYEsh6OTuC.mp3,https://ncsmusic.s3.eu-west-1.amazonaws.com/tracks/000/001/769/100x100/ark-slowed-1727366511-tsOJ6OrPxx.jpg
Crystal Clouds,Phantom Sage,Melodic Dubstep,"Melodic Dubstep, Dreamy, Laid Back, Peaceful, Epic, romantic",30 Jan 2016,Regular,https://ncsmusic.s3.eu-west-1.amazonaws.com/tracks/000/000/198/crystal-clouds-1586947405-BSl4bS1Z7z.mp3,https://ncsmusic.s3.eu-west-1.amazonaws.com/tracks/000/000/198/100x100/crystal-clouds-1586947403-emZjy6mIRq.jpg
Eternal Minds,Waysons,House,"House, energetic, Euphoric, Epic, Happy",26 Jan 2016,Regular,https://ncsmusic.s3.eu-west-1.amazonaws.com/tracks/000/000/196/eternal-minds-1586947386-tIdhMOCIzf.mp3,https://ncsmusic.s3.eu-west-1.amazonaws.com/tracks/000/000/196/100x100/eternal-minds-1586947385-S11maPNSD0.jpg
Life Is Over (feat. Sanna Hartfield),Anikdote,Trap,Trap,26 Jan 2016,Regular,https://ncsmusic.s3.eu-west-1.amazonaws.com/tracks/000/000/197/life-is-over-feat-sanna-hartfield-1586947394-pQss0jlW4g.mp3,https://ncsmusic.s3.eu-west-1.amazonaws.com/tracks/000/000/197/100x100/life-is-over-feat-sanna-hartfield-1586947392-cpGqoEqxOW.jpeg
Hit 'Em,Desembra,N/A,"Dark, Angry, Epic, Gloomy",19 Jan 2016,Regular,https://ncsmusic.s3.eu-west-1.amazonaws.com/tracks/000/000/195/hit-em-1586947380-018wb0mtov.mp3,https://ncsmusic.s3.eu-west-1.amazonaws.com/tracks/000/000/195/100x100/hit-em-1586947378-5jp5NWRrKD.jpg
Break Away,Foria,Melodic Dubstep,"Melodic Dubstep, Dreamy, Epic, Hopeful, Euphoric",14 Jan 2016,Regular,https://ncsmusic.s3.eu-west-1.amazonaws.com/tracks/000/000/194/break-away-1586947371-ey8HTKR2PD.mp3,https://ncsmusic.s3.eu-west-1.amazonaws.com/tracks/000/000/194/100x100/break-away-1586947369-nGpm1PlsxL.jpg
Far Away,Different Heaven,EDM,"EDM, energetic, Euphoric, Epic, Happy",6 Jan 2016,Regular,https://ncsmusic.s3.eu-west-1.amazonaws.com/tracks/000/000/193/far-away-1586947364-jttiqkYDTo.mp3,https://ncsmusic.s3.eu-west-1.amazonaws.com/tracks/000/000/193/100x100/far-away-1586947362-1ktto5L0nx.jpg
Stardust,"T & Sugah, NCT",Drum & Bass,"Drum & Bass, energetic, Restless, Epic, Euphoric, Dreamy",27 Dec 2015,Regular,https://ncsmusic.s3.eu-west-1.amazonaws.com/tracks/000/000/192/stardust-1586947354-fevjG4MZMK.mp3,https://ncsmusic.s3.eu-west-1.amazonaws.com/tracks/000/000/192/100x100/stardust-1586947352-jq6H3xemeG.jpg
Blank VIP,"Disfigure, Tara Louise",Dubstep,"Dubstep, energetic, Restless, Epic, Gloomy",25 Dec 2015,Regular,https://ncsmusic.s3.eu-west-1.amazonaws.com/tracks/000/000/191/blank-vip-1586947340-FXD69wVHGa.mp3,https://ncsmusic.s3.eu-west-1.amazonaws.com/tracks/000/000/191/100x100/blank-vip-1586947327-3dW5M4VjSZ.jpg
What I Said,"Killercats, Alex Skrindo",Chill,"Chill, Epic, Dreamy, Glamorous, Laid Back, Hopeful",24 Dec 2015,Regular,https://ncsmusic.s3.eu-west-1.amazonaws.com/tracks/000/000/190/what-i-said-1586947322-7FHYsVaW1Y.mp3,https://ncsmusic.s3.eu-west-1.amazonaws.com/tracks/000/000/190/100x100/what-i-said-1586947320-Jqs3CsCreY.jpg
The Ways,Electro-Light,Drum & Bass,"Drum & Bass, energetic, Happy, Epic, Dreamy, Glamorous, Sexy, romantic",22 Dec 2015,Regular,https://ncsmusic.s3.eu-west-1.amazonaws.com/tracks/000/000/189/the-ways-1586947307-u3Y1hS144B.mp3,https://ncsmusic.s3.eu-west-1.amazonaws.com/tracks/000/000/189/100x100/the-ways-1586947305-o69Gdiksg5.jpg
Future Vibes (feat. Stewart Wallace) [Uplink Remix],"K.Safo, Alex Skrindo, Uplink, Stewart Wallace",Future House,"Future House, energetic, Happy, Epic, Dreamy, Glamorous",20 Dec 2015,Regular,https://ncsmusic.s3.eu-west-1.amazonaws.com/tracks/000/000/188/future-vibes-feat-stewart-wallace-uplink-remix-1586947295-10FbbcKjI7.mp3,https://ncsmusic.s3.eu-west-1.amazonaws.com/tracks/000/000/188/100x100/future-vibes-feat-stewart-wallace-uplink-remix-1586947293-J1WcdUU8Aq.jpg
Lune,Y&V,Chill,"Chill, Gloomy, Epic, Dark, Suspense, Quirky",15 Dec 2015,Regular,https://ncsmusic.s3.eu-west-1.amazonaws.com/tracks/000/000/187/lune-1586947286-nf0fWwJBzR.mp3,https://ncsmusic.s3.eu-west-1.amazonaws.com/tracks/000/000/187/100x100/lune-1586947284-qioNyPOusB.jpg
Immortality (feat. Kristel Aaslaid),"Cartoon, Kristel Aaslaid, Jéja",EDM,"EDM, sad, Gloomy, Glamorous, Epic, Dreamy",12 Dec 2015,Regular,https://ncsmusic.s3.eu-west-1.amazonaws.com/tracks/000/000/186/immortality-feat-kristel-aaslaid-1586947280-77jb70247Y.mp3,https://ncsmusic.s3.eu-west-1.amazonaws.com/tracks/000/000/186/100x100/1705340868_AF9Hp4Khza_2024---CARTOON-JEYJA---Immortality-ft.-Kristel-Aaslaid.jpg
Lost (feat. Savoi),"Kontinuum, Savoi",Indie,"Indie Dance, romantic, Glamorous, Epic, Euphoric",4 Dec 2015,Regular,https://ncsmusic.s3.eu-west-1.amazonaws.com/tracks/000/000/185/lost-feat-savoi-1586947267-jxRSI8mvk9.mp3,https://ncsmusic.s3.eu-west-1.amazonaws.com/tracks/000/000/185/100x100/lost-feat-savoi-1586947263-3YSBjW5LxY.jpg
Daydream,Waysons,House,"House, energetic, Restless, Epic, Happy",28 Nov 2015,Regular,https://ncsmusic.s3.eu-west-1.amazonaws.com/tracks/000/000/184/daydream-1586947252-3gFuOblvqy.mp3,https://ncsmusic.s3.eu-west-1.amazonaws.com/tracks/000/000/184/100x100/daydream-1586947250-RzlWobCTrV.jpg
Savannah (feat. Philly K),"Diviners, Philly K.",House,"House, Hopeful, Euphoric, energetic, Happy, Epic",25 Nov 2015,"Regular, Instrumental",https://ncsmusic.s3.eu-west-1.amazonaws.com/tracks/000/000/183/savannah-feat-philly-k-1586947235-SSVfdcqzwn.mp3,https://ncsmusic.s3.eu-west-1.amazonaws.com/tracks/000/000/183/100x100/savannah-feat-philly-k-1586947233-VMaroHdDuG.jpg
Wouldn't Change It,Halvorsen,EDM,"EDM, Hopeful, Euphoric, energetic, Happy, Epic, romantic",21 Nov 2015,Regular,https://ncsmusic.s3.eu-west-1.amazonaws.com/tracks/000/000/182/wouldnt-change-it-1586947228-cE6mbb5eZy.mp3,https://ncsmusic.s3.eu-west-1.amazonaws.com/tracks/000/000/182/100x100/wouldnt-change-it-1586947226-KIHZsHIAc4.jpg
Where Was I,"Ashley Apollodor, Roee Yeger, Whales",Dubstep,"Dubstep, sad, romantic, Gloomy, Dark",18 Nov 2015,Regular,https://ncsmusic.s3.eu-west-1.amazonaws.com/tracks/000/000/181/where-was-i-1586947219-B8AfTHJNGl.mp3,https://ncsmusic.s3.eu-west-1.amazonaws.com/tracks/000/000/181/100x100/where-was-i-1586947217-guLpiGLzMR.jpg
Which Direction?,Anikdote,Trap,"Trap, Restless, Dark, Fear, Weird",13 Nov 2015,Regular,https://ncsmusic.s3.eu-west-1.amazonaws.com/tracks/000/000/180/which-direction-1586947213-Io5wD3riQA.mp3,https://ncsmusic.s3.eu-west-1.amazonaws.com/tracks/000/000/180/100x100/which-direction-1586947210-26H04BP7wa.jpg
Jumbo,Alex Skrindo,House,"House, Suspense, energetic, Mysterious, Weird",7 Nov 2015,Regular,https://ncsmusic.s3.eu-west-1.amazonaws.com/tracks/000/000/179/jumbo-1586947205-bGSIEUpGXR.mp3,https://ncsmusic.s3.eu-west-1.amazonaws.com/tracks/000/000/179/100x100/jumbo-1586947203-Jz9rTNCIET.jpg
Apollo,Malik Bash,Hardstyle,"Hardstyle, energetic, Suspense, Dark, Gloomy",5 Nov 2015,Regular,https://ncsmusic.s3.eu-west-1.amazonaws.com/tracks/000/000/178/apollo-1586947197-rRLIWkLwNs.mp3,https://ncsmusic.s3.eu-west-1.amazonaws.com/tracks/000/000/178/100x100/apollo-1586947196-1aorrRZMHo.jpg
Defeat The Night (feat. Ashley Apollodor),"JPB, Ashley Apollodor",Trap,"Trap, Angry, energetic, Dark, Suspense, Fear, Restless",4 Nov 2015,Regular,https://ncsmusic.s3.eu-west-1.amazonaws.com/tracks/000/000/177/defeat-the-night-feat-ashley-apollodor-1586947189-6nsbGKm7GF.mp3,https://ncsmusic.s3.eu-west-1.amazonaws.com/tracks/000/000/177/100x100/defeat-the-night-feat-ashley-apollodor-1586947188-h9RUoUkysf.jpg
Hellcat,Desmeon,Drumstep,"Drumstep, Angry, energetic, Dark, Suspense, Fear",31 Oct 2015,Regular,https://ncsmusic.s3.eu-west-1.amazonaws.com/tracks/000/000/176/hellcat-1586947183-4LQM8E1tV6.mp3,https://ncsmusic.s3.eu-west-1.amazonaws.com/tracks/000/000/176/100x100/hellcat-1586947181-LwF4zQeR3o.jpg
MIKO,Phantom Sage,Melodic Dubstep,"Melodic Dubstep, Dreamy, sad, Glamorous, Gloomy",27 Oct 2015,Regular,https://ncsmusic.s3.eu-west-1.amazonaws.com/tracks/000/000/175/miko-1586947174-LJSnPehkVz.mp3,https://ncsmusic.s3.eu-west-1.amazonaws.com/tracks/000/000/175/100x100/miko-1586947173-5V5uQrIXZw.jpg
Aperture,Unison,House,"House, Dreamy, Happy, Euphoric, energetic",24 Oct 2015,Regular,https://ncsmusic.s3.eu-west-1.amazonaws.com/tracks/000/000/174/aperture-1586947168-ghXW0fxJPN.mp3,https://ncsmusic.s3.eu-west-1.amazonaws.com/tracks/000/000/174/100x100/aperture-1586947166-1h6LxNNuNk.jpg
Blinded (feat. Kosta & Theo Hoarau),"Fytch, Kosta, Theo Hoarau",Dubstep,"Dubstep, Dark, Fear, Suspense, Angry, Restless",20 Oct 2015,Regular,https://ncsmusic.s3.eu-west-1.amazonaws.com/tracks/000/000/173/blinded-feat-kosta-theo-hoarau-1586947161-ObnLbCQsRn.mp3,https://ncsmusic.s3.eu-west-1.amazonaws.com/tracks/000/000/173/100x100/blinded-feat-kosta-theo-hoarau-1586947159-nZec9l9cpC.jpg
Arrow,Jim Yosef,House,"House, Hopeful, Euphoric, energetic, Happy, Epic",10 Oct 2015,Regular,https://ncsmusic.s3.eu-west-1.amazonaws.com/tracks/000/000/172/arrow-1586947154-CF4nkW6WCG.mp3,https://ncsmusic.s3.eu-west-1.amazonaws.com/tracks/000/000/172/100x100/arrow-1586947152-LUmQRKQIRc.jpg
One Day,"Phantom Sage, Whales",Melodic Dubstep,"Melodic Dubstep, Quirky, Weird, Restless, energetic",8 Oct 2015,Regular,https://ncsmusic.s3.eu-west-1.amazonaws.com/tracks/000/000/171/one-day-1586947146-W1d4jOcXRE.mp3,https://ncsmusic.s3.eu-west-1.amazonaws.com/tracks/000/000/171/100x100/one-day-1586947144-wWWbCsrBj1.jpg
Our Story,Killabyte,Future House,"Future House, Glamorous, Dreamy, Euphoric, Quirky, Happy",6 Oct 2015,Regular,https://ncsmusic.s3.eu-west-1.amazonaws.com/tracks/000/000/170/our-story-1586947138-D84KI0Bm22.mp3,https://ncsmusic.s3.eu-west-1.amazonaws.com/tracks/000/000/170/100x100/our-story-1586947136-kKglwU7de0.jpg
All I Need (feat Brenton Mattheus),"Vanze, Balco, Fransis Derelle, Brenton Mattheus",Trap,"Trap, Quirky, Weird, Dreamy, Restless, energetic",3 Oct 2015,Regular,https://ncsmusic.s3.eu-west-1.amazonaws.com/tracks/000/000/168/all-i-need-feat-brenton-mattheus-1586947124-W7hEZHSJSZ.mp3,https://ncsmusic.s3.eu-west-1.amazonaws.com/tracks/000/000/168/100x100/all-i-need-feat-brenton-mattheus-1586947122-8nEUNGrauE.jpg
OMG,Different Heaven,Hardstyle,"Hardstyle, Hopeful, Euphoric, energetic, Happy, Epic",3 Oct 2015,Regular,https://ncsmusic.s3.eu-west-1.amazonaws.com/tracks/000/000/169/omg-1586947132-TenjWNvnyL.mp3,https://ncsmusic.s3.eu-west-1.amazonaws.com/tracks/000/000/169/100x100/omg-1586947129-I1gnKCvouv.jpg
Change Your Ways (feat Charlotte Haining),"High Maintenance, Charlotte Haining",Trap,"Trap, Angry, Dark, energetic, Suspense, Restless",26 Sep 2015,Regular,https://ncsmusic.s3.eu-west-1.amazonaws.com/tracks/000/000/167/change-your-ways-feat-charlotte-haining-1586947117-2GCaCAzfoE.mp3,https://ncsmusic.s3.eu-west-1.amazonaws.com/tracks/000/000/167/100x100/change-your-ways-feat-charlotte-haining-1586947115-SbRcxefDRH.jpg
Happy Accidents,Inukshuk,Hardstyle,"Hardstyle, Hopeful, Euphoric, energetic, Happy, Epic",25 Aug 2015,Regular,https://ncsmusic.s3.eu-west-1.amazonaws.com/tracks/000/000/166/happy-accidents-1586947109-zBfqGLxYOl.mp3,https://ncsmusic.s3.eu-west-1.amazonaws.com/tracks/000/000/166/100x100/happy-accidents-1586947108-XAt48zjatH.jpg
Let Me See You,Naima,Trap,"Trap, Dark, Restless, Weird, Quirky, energetic",17 Aug 2015,Regular,,https://ncsmusic.s3.eu-west-1.amazonaws.com/tracks/000/000/165/100x100/let-me-see-you-1586947106-1V3Ix5qqjK.jpg
Levitate,JPB,Future House,"Future House, Quirky, Weird, Dreamy, Restless",13 Aug 2015,Regular,https://ncsmusic.s3.eu-west-1.amazonaws.com/tracks/000/000/164/levitate-1586947100-bRu4NwE9sX.mp3,https://ncsmusic.s3.eu-west-1.amazonaws.com/tracks/000/000/164/100x100/levitate-1586947098-0kkGuK4niS.jpg
Elysium,Mendum,Dubstep,"Dubstep, Dark, Angry, sad, Fear, Suspense, Restless",11 Aug 2015,Regular,https://ncsmusic.s3.eu-west-1.amazonaws.com/tracks/000/000/163/elysium-1586947092-w0WJeB18iV.mp3,https://ncsmusic.s3.eu-west-1.amazonaws.com/tracks/000/000/163/100x100/elysium-1586947090-QsoeDItSFW.jpg
Entropy,"Distrion, Alex Skrindo",House,"House, Hopeful, Euphoric, energetic, Happy, Epic",9 Aug 2015,Regular,https://ncsmusic.s3.eu-west-1.amazonaws.com/tracks/000/000/162/entropy-1586947085-nMePSh9jHT.mp3,https://ncsmusic.s3.eu-west-1.amazonaws.com/tracks/000/000/162/100x100/entropy-1586947083-uEgY7IoW0R.jpg
Adventures (feat. Alexa Lusader),"William Ekh, Alexa Lusader",House,"House, Hopeful, Euphoric, energetic, Happy, Epic, Dreamy",4 Aug 2015,Regular,https://ncsmusic.s3.eu-west-1.amazonaws.com/tracks/000/000/161/adventures-feat-alexa-lusader-1586947078-AeKeb1VU4D.mp3,https://ncsmusic.s3.eu-west-1.amazonaws.com/tracks/000/000/161/100x100/adventures-feat-alexa-lusader-1586947076-KNtVeVXzM9.jpg
Safari Fruits,Vidya Vidya,EDM,"EDM, Quirky, Weird, Restless, Happy, energetic",2 Aug 2015,Regular,https://ncsmusic.s3.eu-west-1.amazonaws.com/tracks/000/000/160/safari-fruits-1586947071-FYaTvY8tch.mp3,https://ncsmusic.s3.eu-west-1.amazonaws.com/tracks/000/000/160/100x100/safari-fruits-1586947069-gIZwxKAuKA.jpg
Vibe,Ash O'Connor,Trap,"Trap, Quirky, Weird, Restless, Dark",23 Jul 2015,Regular,https://ncsmusic.s3.eu-west-1.amazonaws.com/tracks/000/000/158/vibe-1586947056-xaYRlWc7p9.mp3,https://ncsmusic.s3.eu-west-1.amazonaws.com/tracks/000/000/158/100x100/vibe-1586947054-MfL1VyyJeA.jpg
Alive,"Itro, Kontinuum",Indie,"Indie Dance, energetic, Quirky, Weird, Happy, Euphoric",21 Jul 2015,Regular,https://ncsmusic.s3.eu-west-1.amazonaws.com/tracks/000/000/157/alive-1586947049-dUGXCgc8xL.mp3,https://ncsmusic.s3.eu-west-1.amazonaws.com/tracks/000/000/157/100x100/alive-1586947047-e857eidddZ.jpg
Electricity (feat. Michael Zhonga),"Culture Code, Michael Zhonga",House,"House, Hopeful, Euphoric, energetic, Happy, Epic",19 Jul 2015,Regular,https://ncsmusic.s3.eu-west-1.amazonaws.com/tracks/000/000/156/electricity-feat-michael-zhonga-1586947042-bub2sMHfzs.mp3,https://ncsmusic.s3.eu-west-1.amazonaws.com/tracks/000/000/156/100x100/electricity-feat-michael-zhonga-1586947040-iC6PeBNWzS.jpg
Run Away,Siren,Indie,"Indie Dance, romantic, Sexy, Glamorous, Restless",16 Jul 2015,Regular,https://ncsmusic.s3.eu-west-1.amazonaws.com/tracks/000/000/155/run-away-1586947034-lKIQmquOo7.mp3,https://ncsmusic.s3.eu-west-1.amazonaws.com/tracks/000/000/155/100x100/run-away-1586947032-9QkjQhOzPU.jpg
Shallow,Syntact,Electronic,"Electronic, Happy, Hopeful, Dreamy, energetic",15 Jul 2015,Regular,https://ncsmusic.s3.eu-west-1.amazonaws.com/tracks/000/000/154/shallow-1586947027-3u12btQFiC.mp3,https://ncsmusic.s3.eu-west-1.amazonaws.com/tracks/000/000/154/100x100/shallow-1586947024-i5DB95ksXK.jpg
Flavors,Cormak,Future House,"Future House, Peaceful, Happy, Dreamy, Hopeful, Euphoric",14 Jul 2015,Regular,https://ncsmusic.s3.eu-west-1.amazonaws.com/tracks/000/000/153/flavors-1586947020-teF4DEQGDJ.mp3,https://ncsmusic.s3.eu-west-1.amazonaws.com/tracks/000/000/153/100x100/flavors-1586947018-JtaunSIHeC.jpg
On & On (feat. Daniel Levi),"Cartoon, Daniel Levi, Jéja",Electronic,"Electronic, romantic, Glamorous, Peaceful, Dreamy",9 Jul 2015,Regular,https://ncsmusic.s3.eu-west-1.amazonaws.com/tracks/000/000/152/1654766391_N6n9kRBaAr_Cartoon---On--On-feat.-Daniel-Levi-_NCS-Release_.mp3,https://ncsmusic.s3.eu-west-1.amazonaws.com/tracks/000/000/152/100x100/1705340894_JZ2NifV4gB_2024---CARTOON-JEYJA---On--On-ft.-Daniel-Levi.jpg
Future Vibes (feat. Stewart Wallace),"K.Safo, Alex Skrindo, Stewart Wallace",House,"House, Hopeful, Euphoric, energetic, Happy, Epic",5 Jul 2015,Regular,https://ncsmusic.s3.eu-west-1.amazonaws.com/tracks/000/000/151/future-vibes-feat-stewart-wallace-1586947003-zj7N6EomEu.mp3,https://ncsmusic.s3.eu-west-1.amazonaws.com/tracks/000/000/151/100x100/future-vibes-feat-stewart-wallace-1586947001-wurv1J8I1w.jpg
Duxure,Upsilone,Future House,Future House,30 Jun 2015,Regular,https://ncsmusic.s3.eu-west-1.amazonaws.com/tracks/000/000/150/duxure-1586946991-AIpC6zisbH.mp3,https://ncsmusic.s3.eu-west-1.amazonaws.com/tracks/000/000/150/100x100/duxure-1586946989-OZVwOBpiek.jpg
Firefly,Jim Yosef,House,"House, Euphoric, Sentimental, Epic",28 Jun 2015,Regular,https://ncsmusic.s3.eu-west-1.amazonaws.com/tracks/000/001/783/firefly-1728288098-rMjGCLMyOn.mp3,https://ncsmusic.s3.eu-west-1.amazonaws.com/tracks/000/001/783/100x100/firefly-1728288097-QI1JVt8FGc.jpg
Loud & Clear (feat. Richard Caddock),"Joe Garston, Richard Caddock",House,"House, Hopeful, Euphoric, energetic, Happy",25 Jun 2015,Regular,https://ncsmusic.s3.eu-west-1.amazonaws.com/tracks/000/000/149/loud-clear-feat-richard-caddock-1586946984-ys7j3YBaIi.mp3,https://ncsmusic.s3.eu-west-1.amazonaws.com/tracks/000/000/149/100x100/loud-clear-feat-richard-caddock-1586946983-l8PUz3s6ma.jpg
Make A Stand (feat. Budobo),"Speo, Budobo",Dubstep,"Dubstep, Epic, Hopeful, Euphoric, energetic",19 Jun 2015,Regular,https://ncsmusic.s3.eu-west-1.amazonaws.com/tracks/000/000/148/make-a-stand-feat-budobo-1586946977-DJj9lvlvLS.mp3,https://ncsmusic.s3.eu-west-1.amazonaws.com/tracks/000/000/148/100x100/make-a-stand-feat-budobo-1586946975-FVnCqd6htX.jpg
Time (feat. Yohamna Solange),"3rd Prototype, Lex Dave, Yohamna Solange",House,"House, Dark, Angry, energetic, Fear",18 Jun 2015,Regular,https://ncsmusic.s3.eu-west-1.amazonaws.com/tracks/000/000/147/time-feat-yohamna-solange-1586946971-xWvcK5aHeM.mp3,https://ncsmusic.s3.eu-west-1.amazonaws.com/tracks/000/000/147/100x100/time-feat-yohamna-solange-1586946969-6ytdP1c0Yj.jpg
You,Ash O'Connor,Future House,"Future House, Dark, Fear, Weird, Quirky, Restless",15 Jun 2015,Regular,https://ncsmusic.s3.eu-west-1.amazonaws.com/tracks/000/000/146/you-1586946963-OTTtbmNa37.mp3,https://ncsmusic.s3.eu-west-1.amazonaws.com/tracks/000/000/146/100x100/you-1586946961-K8aAWl7nwh.jpg
Passion,"Jim Yosef, Alex Skrindo",House,"House, Hopeful, Euphoric, energetic, Happy",13 Jun 2015,Regular,https://ncsmusic.s3.eu-west-1.amazonaws.com/tracks/000/000/145/passion-1586946956-Dk0A4ui89X.mp3,https://ncsmusic.s3.eu-west-1.amazonaws.com/tracks/000/000/145/100x100/passion-1586946954-jyjzfDyGG0.jpg
Why We Lose (feat. Coleman Trapp),"Cartoon, Coleman Trapp, Jéja",Drum & Bass,"Drum & Bass, sad, Angry, Dark, Gloomy, energetic",11 Jun 2015,"Regular, Instrumental",https://ncsmusic.s3.eu-west-1.amazonaws.com/tracks/000/000/144/why-we-lose-feat-coleman-trapp-1586946940-Bpv8ccBznf.mp3,https://ncsmusic.s3.eu-west-1.amazonaws.com/tracks/000/000/144/100x100/1705340920_bPjsNyEzNi_2024---CARTOON-JEYJA---Why-We-Lose-ft.-Coleman-Trapp.jpg
Heroes Tonight (feat. Johnning),"Janji, Johnning",House,"House, Dreamy, Euphoric, Hopeful, Happy, energetic",9 Jun 2015,Regular,https://ncsmusic.s3.eu-west-1.amazonaws.com/tracks/000/000/143/heroes-tonight-feat-johnning-1586946924-fcppiBJp7z.mp3,https://ncsmusic.s3.eu-west-1.amazonaws.com/tracks/000/000/143/100x100/1714555226_NxTBaptwQh_Artwork.jpg
Heroes Tonight (Slowed),"Johnning, Janji",Melodic House,"Melodic House, Epic, Floating, Euphoric, Dreamy",9 Jun 2015,Regular,https://ncsmusic.s3.eu-west-1.amazonaws.com/tracks/000/001/770/heroes-tonight-slowed-1727366517-zyGFfO1QQk.mp3,https://ncsmusic.s3.eu-west-1.amazonaws.com/tracks/000/001/770/100x100/heroes-tonight-slowed-1727366515-lph96Yf3Fn.jpg
Heroes Tonight (Sped Up),"Johnning, Janji",Melodic House,"Melodic House, Epic, Floating, Euphoric, Dreamy",9 Jun 2015,Regular,https://ncsmusic.s3.eu-west-1.amazonaws.com/tracks/000/001/771/heroes-tonight-sped-up-1727366522-j2cedtslqD.mp3,https://ncsmusic.s3.eu-west-1.amazonaws.com/tracks/000/001/771/100x100/heroes-tonight-sped-up-1727366520-fLx942EVnA.jpg
Reflections (feat. Lokka Vox),"Disco's Over, Lokka Vox",House,"House, Sexy, romantic, Glamorous, energetic, Happy",4 Jun 2015,Regular,https://ncsmusic.s3.eu-west-1.amazonaws.com/tracks/000/000/142/reflections-feat-lokka-vox-1586946916-vJT80bIxAM.mp3,https://ncsmusic.s3.eu-west-1.amazonaws.com/tracks/000/000/142/100x100/reflections-feat-lokka-vox-1586946915-DpAH5y0OhW.jpg
One,Hoverboots,Trap,"Trap, Dark, Angry, Fear, Suspense, Restless",2 Jun 2015,Regular,https://ncsmusic.s3.eu-west-1.amazonaws.com/tracks/000/000/141/one-1586946908-D3Af5BldDC.mp3,https://ncsmusic.s3.eu-west-1.amazonaws.com/tracks/000/000/141/100x100/one-1586946906-IVmudO0oki.jpg
Aware,Kontinuum,Indie,"Indie Dance, Quirky, Laid Back, Peaceful, Happy",28 May 2015,Regular,https://ncsmusic.s3.eu-west-1.amazonaws.com/tracks/000/000/140/aware-1586946900-0qv5ExSdTG.mp3,https://ncsmusic.s3.eu-west-1.amazonaws.com/tracks/000/000/140/100x100/aware-1586946897-i9dyG88UtI.jpg
Forever (feat. Brenton Mattheus),"Vanze, Brenton Mattheus",House,"House, Hopeful, Euphoric, energetic, Happy",23 May 2015,Regular,https://ncsmusic.s3.eu-west-1.amazonaws.com/tracks/000/000/139/forever-feat-brenton-mattheus-1586946891-XArlQ0GTpA.mp3,https://ncsmusic.s3.eu-west-1.amazonaws.com/tracks/000/000/139/100x100/forever-feat-brenton-mattheus-1586946888-jXVM3GsscM.jpg
Moments,"Alex Skrindo, Stahl",House,"House, Hopeful, Euphoric, energetic, Happy",19 May 2015,Regular,https://ncsmusic.s3.eu-west-1.amazonaws.com/tracks/000/000/138/moments-1586946883-r0e4SBUIMo.mp3,https://ncsmusic.s3.eu-west-1.amazonaws.com/tracks/000/000/138/100x100/moments-1586946881-z8IYd13OTS.jpg
Invincible,DEAF KEV,Melodic Dubstep,"Melodic Dubstep, Happy, Euphoric, Dreamy, Hopeful",14 May 2015,Regular,https://ncsmusic.s3.eu-west-1.amazonaws.com/tracks/000/000/137/invincible-1586946876-v3qvV3TEKb.mp3,https://ncsmusic.s3.eu-west-1.amazonaws.com/tracks/000/000/137/100x100/invincible-1586946874-ZUsn5ZwSWh.jpg
Skyward Bound,"Itro, Kédo Rebelle",House,House,12 May 2015,Regular,https://ncsmusic.s3.eu-west-1.amazonaws.com/tracks/000/000/136/skyward-bound-1586946868-uwRJnO0WNG.mp3,https://ncsmusic.s3.eu-west-1.amazonaws.com/tracks/000/000/136/100x100/skyward-bound-1586946866-5pdH4jAfmQ.jpg
Fly Away (Ray Volpe Remix),"Krys Talk, Ray Volpe",Trap,Trap,5 May 2015,Regular,https://ncsmusic.s3.eu-west-1.amazonaws.com/tracks/000/000/132/fly-away-ray-volpe-remix-1586946823-0QGn2FQo1O.mp3,https://ncsmusic.s3.eu-west-1.amazonaws.com/tracks/000/000/132/100x100/fly-away-ray-volpe-remix-1586946821-Uva01akhy2.jpg
Fly Away (Cole Sipe Remix),"Krys Talk, Cole Sipe",Dubstep,Dubstep,5 May 2015,Regular,https://ncsmusic.s3.eu-west-1.amazonaws.com/tracks/000/000/133/fly-away-cole-sipe-remix-1586946835-iMy6i4GLIL.mp3,https://ncsmusic.s3.eu-west-1.amazonaws.com/tracks/000/000/133/100x100/fly-away-cole-sipe-remix-1586946834-dn0rYwEqqM.jpg
Fly Away (Mendum Remix),"Krys Talk, Mendum",Melodic Dubstep,"Melodic Dubstep, Peaceful, Dreamy, Laid Back, Glamorous, romantic",5 May 2015,Regular,https://ncsmusic.s3.eu-west-1.amazonaws.com/tracks/000/000/134/fly-away-mendum-remix-1586946853-YMoArzjjYl.mp3,https://ncsmusic.s3.eu-west-1.amazonaws.com/tracks/000/000/134/100x100/fly-away-mendum-remix-1586946851-0UwIVD1Pce.jpg
Fly Away (JPB Remix),"Krys Talk, JPB",Trap,"Trap, Dreamy, Epic, Hopeful, Euphoric",5 May 2015,Regular,https://ncsmusic.s3.eu-west-1.amazonaws.com/tracks/000/000/135/fly-away-jpb-remix-1586946861-lt7o19XcNJ.mp3,https://ncsmusic.s3.eu-west-1.amazonaws.com/tracks/000/000/135/100x100/fly-away-jpb-remix-1586946859-UqILsoOmeF.jpg
Eclipse,Jim Yosef,House,"House, Hopeful, Euphoric, energetic, Happy",2 May 2015,Regular,https://ncsmusic.s3.eu-west-1.amazonaws.com/tracks/000/000/130/eclipse-1586946808-t73ipJSSMv.mp3,https://ncsmusic.s3.eu-west-1.amazonaws.com/tracks/000/000/130/100x100/eclipse-1586946806-vMRYOAk6kz.jpg
Lights,Jim Yosef,House,"House, Hopeful, Euphoric, energetic, Happy",2 May 2015,Regular,https://ncsmusic.s3.eu-west-1.amazonaws.com/tracks/000/000/131/lights-1586946815-WEnQq26YjW.mp3,https://ncsmusic.s3.eu-west-1.amazonaws.com/tracks/000/000/131/100x100/lights-1586946814-fMvw1JcE9o.jpg
Collins Ave.,Umpire,Trap,"Trap, Hopeful, Euphoric, energetic, Happy",30 Apr 2015,Regular,https://ncsmusic.s3.eu-west-1.amazonaws.com/tracks/000/000/129/collins-ave-1586946801-lBVBa4QJ5O.mp3,https://ncsmusic.s3.eu-west-1.amazonaws.com/tracks/000/000/129/100x100/collins-ave-1586946799-3y1VcuPpnc.jpg
She Got Me Like,Halvorsen,Trap,"Trap, romantic, Mysterious, Glamorous, Happy",28 Apr 2015,Regular,https://ncsmusic.s3.eu-west-1.amazonaws.com/tracks/000/000/128/she-got-me-like-1586946794-magOfAXYZj.mp3,https://ncsmusic.s3.eu-west-1.amazonaws.com/tracks/000/000/128/100x100/she-got-me-like-1586946793-ANbg3lqyMU.jpg
Away,Subtact,Trap,"Trap, Dreamy, Laid Back, Euphoric, Happy",20 Apr 2015,Regular,https://ncsmusic.s3.eu-west-1.amazonaws.com/tracks/000/000/126/away-1586946778-Gqqa0HU8c2.mp3,https://ncsmusic.s3.eu-west-1.amazonaws.com/tracks/000/000/126/100x100/away-1586946776-xpFrQSSOgX.jpg
Miles Away,"Wontolla, Kasger, Limitless",Drumstep,"Drumstep, Angry, Dark, energetic, Suspense, Weird",16 Apr 2015,Regular,https://ncsmusic.s3.eu-west-1.amazonaws.com/tracks/000/000/125/miles-away-1586946770-SD3JE7DjOY.mp3,https://ncsmusic.s3.eu-west-1.amazonaws.com/tracks/000/000/125/100x100/miles-away-1586946768-ACUz3LlUlW.jpg
Heavyweight,"RedMoon, Meron Ryan",House,"House, energetic, Happy, Hopeful, Euphoric",14 Apr 2015,Regular,https://ncsmusic.s3.eu-west-1.amazonaws.com/tracks/000/000/124/heavyweight-1586946764-RJKIN7YYWm.mp3,https://ncsmusic.s3.eu-west-1.amazonaws.com/tracks/000/000/124/100x100/heavyweight-1586946761-SXtZHqv5fX.jpg
Rescue Me (feat. Car),"VENEMY, Car",Dubstep,"Dubstep, romantic, Hopeful, energetic, Dark",30 Mar 2015,Regular,https://ncsmusic.s3.eu-west-1.amazonaws.com/tracks/000/000/121/rescue-me-feat-car-1586946734-soDT6TN91A.mp3,https://ncsmusic.s3.eu-west-1.amazonaws.com/tracks/000/000/121/100x100/rescue-me-feat-car-1586946732-LMwMlwMIXq.jpg
Tropic Love (feat. Contacreast),"Diviners, Contacreast",House,"House, Hopeful, Euphoric, energetic, Happy",26 Mar 2015,"Regular, Instrumental",https://ncsmusic.s3.eu-west-1.amazonaws.com/tracks/000/000/120/tropic-love-feat-contacreast-1586946711-xVqW2tfAr1.mp3,https://ncsmusic.s3.eu-west-1.amazonaws.com/tracks/000/000/120/100x100/tropic-love-feat-contacreast-1586946709-QYHdlqsmye.jpg
Gravity (feat. Liz Kretschmer),"Umpire, Liz Kretschmer",Melodic Dubstep,"Melodic Dubstep, Laid Back, Dreamy, Euphoric, romantic, Sexy",24 Mar 2015,Regular,https://ncsmusic.s3.eu-west-1.amazonaws.com/tracks/000/000/119/gravity-feat-liz-kretschmer-1586946704-dEFBSuUPAT.mp3,https://ncsmusic.s3.eu-west-1.amazonaws.com/tracks/000/000/119/100x100/gravity-feat-liz-kretschmer-1586946702-JwfniqqQWE.jpg
Fly Away,Krys Talk,Melodic Dubstep,"Melodic Dubstep, Hopeful, Euphoric, energetic, Happy, Dreamy",12 Mar 2015,Regular,https://ncsmusic.s3.eu-west-1.amazonaws.com/tracks/000/000/117/fly-away-1586946687-kyxjnMBste.mp3,https://ncsmusic.s3.eu-west-1.amazonaws.com/tracks/000/000/117/100x100/fly-away-1586946686-8NxFljjQBy.jpg
Awakening,Main Reaktor,Hardstyle,"Hardstyle, Angry, Restless, Dark, energetic",9 Mar 2015,Regular,https://ncsmusic.s3.eu-west-1.amazonaws.com/tracks/000/000/116/awakening-1586946681-h6m7TLCl2l.mp3,https://ncsmusic.s3.eu-west-1.amazonaws.com/tracks/000/000/116/100x100/awakening-1586946680-RpbN41du7N.jpg
Titsepoken 2015,Lensko,House,"House, Hopeful, Euphoric, energetic, Happy, Quirky",5 Mar 2015,Regular,https://ncsmusic.s3.eu-west-1.amazonaws.com/tracks/000/000/115/titsepoken-2015-1586946672-kXDaSEWuJN.mp3,https://ncsmusic.s3.eu-west-1.amazonaws.com/tracks/000/000/115/100x100/titsepoken-2015-1586946671-hmlCfp1FYK.jpg
One Third,Mendum,Drumstep,"Drumstep, Angry, Restless, Dark, energetic",26 Feb 2015,Regular,https://ncsmusic.s3.eu-west-1.amazonaws.com/tracks/000/000/113/one-third-1586946664-KaZUA7FYWe.mp3,https://ncsmusic.s3.eu-west-1.amazonaws.com/tracks/000/000/113/100x100/one-third-1586946662-OGrh99pshW.jpg
Highland,Kasger,Drum & Bass,"Drum & Bass, Restless, Weird, Quirky, energetic",23 Feb 2015,Regular,https://ncsmusic.s3.eu-west-1.amazonaws.com/tracks/000/000/112/highland-1586946656-foBtXWU0Ew.mp3,https://ncsmusic.s3.eu-west-1.amazonaws.com/tracks/000/000/112/100x100/highland-1586946654-cGbkGBW2JN.jpg
Nostalgia,SirensCeol,House,"House, Peaceful, Hopeful, Happy, Laid Back",12 Feb 2015,Regular,https://ncsmusic.s3.eu-west-1.amazonaws.com/tracks/000/000/111/nostalgia-1586946647-xVBvEsvITG.mp3,https://ncsmusic.s3.eu-west-1.amazonaws.com/tracks/000/000/111/100x100/nostalgia-1586946644-i9ZS8VwR9L.jpg
Reality,Unison,Melodic Dubstep,"Melodic Dubstep, Peaceful, relaxed, Dreamy, Laid Back, Happy",6 Feb 2015,Regular,https://ncsmusic.s3.eu-west-1.amazonaws.com/tracks/000/000/109/reality-1586946632-Eua3IKAzNS.mp3,https://ncsmusic.s3.eu-west-1.amazonaws.com/tracks/000/000/109/100x100/reality-1586946630-kA2kkMVmCy.jpg
High,JPB,Trap,"Trap, Peaceful, relaxed, Dreamy, Laid Back",31 Jan 2015,Regular,https://ncsmusic.s3.eu-west-1.amazonaws.com/tracks/000/000/108/high-1586946624-086fUbcruw.mp3,https://ncsmusic.s3.eu-west-1.amazonaws.com/tracks/000/000/108/100x100/high-1586946623-dWkdtGdtsv.jpg
Rubik,"Distrion, Electro-Light",House,"House, Quirky, Weird, energetic, Euphoric, Epic",27 Jan 2015,Regular,https://ncsmusic.s3.eu-west-1.amazonaws.com/tracks/000/000/107/rubik-1586946616-KB6D0Pyv4B.mp3,https://ncsmusic.s3.eu-west-1.amazonaws.com/tracks/000/000/107/100x100/rubik-1586946615-pjMMuCVdoZ.jpg
Sarvagon 2015,Lensko,House,"House, Hopeful, Euphoric, energetic, Happy, Quirky",24 Jan 2015,Regular,https://ncsmusic.s3.eu-west-1.amazonaws.com/tracks/000/000/106/sarvagon-2015-1586946609-v6eF4jkn84.mp3,https://ncsmusic.s3.eu-west-1.amazonaws.com/tracks/000/000/106/100x100/sarvagon-2015-1586946606-jL3oqB1nTr.jpg
Starbound,"Itro, Valcos",Drum & Bass,"Drum & Bass, Hopeful, Euphoric, energetic, Happy",22 Jan 2015,Regular,https://ncsmusic.s3.eu-west-1.amazonaws.com/tracks/000/000/105/starbound-1586946600-9Dn6Rkxgvd.mp3,https://ncsmusic.s3.eu-west-1.amazonaws.com/tracks/000/000/105/100x100/starbound-1586946599-tjY7P6MOtg.jpg
Upside Down,"Matthew Blake, Tyler Fiore",House,"House, Hopeful, Euphoric, energetic, Happy",19 Jan 2015,Regular,https://ncsmusic.s3.eu-west-1.amazonaws.com/tracks/000/000/104/upside-down-1586946593-gvQ3TAswAw.mp3,https://ncsmusic.s3.eu-west-1.amazonaws.com/tracks/000/000/104/100x100/upside-down-1586946591-a9wgR09PiE.jpg
You. & Me?,ZEST,Trap,"Trap, Dreamy, Happy, Peaceful, Hopeful, Euphoric",15 Jan 2015,Regular,https://ncsmusic.s3.eu-west-1.amazonaws.com/tracks/000/000/103/you-me-1586946584-5B2iCf4KUf.mp3,https://ncsmusic.s3.eu-west-1.amazonaws.com/tracks/000/000/103/100x100/you-me-1586946582-ymA1reNN7m.jpg
Lovers,LarsM,House,"House, Euphoric, Happy, Hopeful, energetic, Dreamy",11 Jan 2015,Regular,https://ncsmusic.s3.eu-west-1.amazonaws.com/tracks/000/000/102/lovers-1586946576-bgVw5aod09.mp3,https://ncsmusic.s3.eu-west-1.amazonaws.com/tracks/000/000/102/100x100/lovers-1586946573-TukjbXjGZU.jpg
Hollah!,Disfigure,Melodic Dubstep,"Melodic Dubstep, Peaceful, relaxed, Dreamy, Laid Back, Happy",29 Dec 2014,Regular,https://ncsmusic.s3.eu-west-1.amazonaws.com/tracks/000/000/100/hollah-1586946567-RpcwFFdEYO.mp3,https://ncsmusic.s3.eu-west-1.amazonaws.com/tracks/000/000/100/100x100/hollah-1586946565-gEJDhPSWvI.jpg
Up In Flumes,T-Mass,Chill,"Chill, Peaceful, relaxed, Dreamy, Laid Back",27 Dec 2014,Regular,https://ncsmusic.s3.eu-west-1.amazonaws.com/tracks/000/000/099/up-in-flumes-1586946560-hAIF3R9oSA.mp3,https://ncsmusic.s3.eu-west-1.amazonaws.com/tracks/000/000/099/100x100/up-in-flumes-1586946558-UpVQqAdQwE.jpg
Pentakill,"Different Heaven, ReesaLunn",Dubstep,"Dubstep, Angry, Restless, energetic, Dark, Fear",15 Dec 2014,Regular,https://ncsmusic.s3.eu-west-1.amazonaws.com/tracks/000/000/097/pentakill-1586946545-NRwvZhoDBb.mp3,https://ncsmusic.s3.eu-west-1.amazonaws.com/tracks/000/000/097/100x100/pentakill-1586946543-KfjHa0zrUf.jpg
Let's Go!,Lensko,House,"House, Euphoric, Happy, Hopeful, energetic, Quirky, Weird",13 Dec 2014,Regular,https://ncsmusic.s3.eu-west-1.amazonaws.com/tracks/000/000/096/lets-go-1586946536-32NvtqTGCC.mp3,https://ncsmusic.s3.eu-west-1.amazonaws.com/tracks/000/000/096/100x100/lets-go-1586946534-p2Nv8A2u8M.jpg
Only Us,"RedMoon, Jonny Rose",Hardstyle,"Hardstyle, Euphoric, Happy, Hopeful, energetic",7 Dec 2014,Regular,https://ncsmusic.s3.eu-west-1.amazonaws.com/tracks/000/000/094/only-us-1586946519-aUACdAg61E.mp3,https://ncsmusic.s3.eu-west-1.amazonaws.com/tracks/000/000/094/100x100/only-us-1586946518-7IupLDFuKe.jpg
Night Shines (feat. Nathan Brumley),"Electro-Light, Nathan Brumley",House,"House, Euphoric, Happy, Hopeful, energetic, romantic",7 Dec 2014,Regular,https://ncsmusic.s3.eu-west-1.amazonaws.com/tracks/000/000/095/night-shines-feat-nathan-brumley-1586946529-zdxaU2Cs35.mp3,https://ncsmusic.s3.eu-west-1.amazonaws.com/tracks/000/000/095/100x100/night-shines-feat-nathan-brumley-1586946528-Y4t0oDYvv8.jpg
Symbolism,Electro-Light,Trap,"Trap, Peaceful, relaxed, Quirky, Weird, Dreamy, Hopeful",27 Nov 2014,Regular,https://ncsmusic.s3.eu-west-1.amazonaws.com/tracks/000/000/093/symbolism-1586946511-TalL4nERHU.mp3,https://ncsmusic.s3.eu-west-1.amazonaws.com/tracks/000/000/093/100x100/symbolism-1586946494-AS4ubK6R0G.jpg
Steeper,"Ash O'Connor, Curbi",Future House,"Future House, Dark, Gloomy, energetic, Angry, Suspense, Fear",25 Nov 2014,Regular,https://ncsmusic.s3.eu-west-1.amazonaws.com/tracks/000/000/092/steeper-1586946489-9KYFja482h.mp3,https://ncsmusic.s3.eu-west-1.amazonaws.com/tracks/000/000/092/100x100/steeper-1586946487-t96BKtTVnt.jpg
Alone,Main Reaktor,EDM,"EDM, Euphoric, Happy, Hopeful, energetic",16 Nov 2014,Regular,https://ncsmusic.s3.eu-west-1.amazonaws.com/tracks/000/000/090/alone-1586946480-2KAeawqJqQ.mp3,https://ncsmusic.s3.eu-west-1.amazonaws.com/tracks/000/000/090/100x100/alone-1586946478-nE04iPV77z.jpg
Panda,Itro,House,"House, Euphoric, Happy, Hopeful, energetic",9 Nov 2014,Regular,https://ncsmusic.s3.eu-west-1.amazonaws.com/tracks/000/000/089/panda-1586946471-3V4JLuNsxL.mp3,https://ncsmusic.s3.eu-west-1.amazonaws.com/tracks/000/000/089/100x100/panda-1586946469-hwpm1fxjKg.jpg
Stay With Me (Krys Talk Remix),"Mendum, Krys Talk",Drumstep,"Drumstep, Dark, Fear, romantic, Restless, Epic",6 Nov 2014,Regular,https://ncsmusic.s3.eu-west-1.amazonaws.com/tracks/000/000/088/stay-with-me-krys-talk-remix-1586946461-CWr1EjgjKy.mp3,https://ncsmusic.s3.eu-west-1.amazonaws.com/tracks/000/000/088/100x100/stay-with-me-krys-talk-remix-1586946459-3zUgQD42Qn.jpg
Unity (feat. Aloma Steele),"Dropouts, Aloma Steele",House,"House, Euphoric, Happy, Hopeful, energetic",2 Nov 2014,Regular,https://ncsmusic.s3.eu-west-1.amazonaws.com/tracks/000/000/087/unity-feat-aloma-steele-1586946446-gOjYo74hLj.mp3,https://ncsmusic.s3.eu-west-1.amazonaws.com/tracks/000/000/087/100x100/unity-feat-aloma-steele-1586946444-ABmnxQX9OP.jpg
Frontier (ft. Jasmina Lin & Jay Christopher),"Krale, Jasmina Lin, Jay Christopher",Drumstep,"Drumstep, Epic, Dreamy, Restless, Weird, Quirky",30 Oct 2014,Regular,https://ncsmusic.s3.eu-west-1.amazonaws.com/tracks/000/000/086/frontier-ft-jasmina-lin-jay-christopher-1586946438-lkSjYVxRwC.mp3,https://ncsmusic.s3.eu-west-1.amazonaws.com/tracks/000/000/086/100x100/frontier-ft-jasmina-lin-jay-christopher-1586946436-W0a2NlU7jC.jpg
Villain (feat. Tyler Fiore),"OLWIK, Tyler Fiore",House,House,26 Oct 2014,Regular,https://ncsmusic.s3.eu-west-1.amazonaws.com/tracks/000/000/085/villain-feat-tyler-fiore-1586946429-NjXPjiK7PD.mp3,https://ncsmusic.s3.eu-west-1.amazonaws.com/tracks/000/000/085/100x100/villain-feat-tyler-fiore-1586946427-9zV7BdQteu.jpg
Losing You (feat. Janethan),"Exert, Janethan",Drum & Bass,"Drum & Bass, romantic, sad, energetic, Restless",15 Oct 2014,Regular,https://ncsmusic.s3.eu-west-1.amazonaws.com/tracks/000/000/083/losing-you-feat-janethan-1586946410-VlSJTLoN92.mp3,https://ncsmusic.s3.eu-west-1.amazonaws.com/tracks/000/000/083/100x100/losing-you-feat-janethan-1586946409-brFn5breCj.jpg
Lost,The Eden Project,Drum & Bass,"Drum & Bass, Restless, energetic, Suspense, Hopeful",8 Oct 2014,Regular,https://ncsmusic.s3.eu-west-1.amazonaws.com/tracks/000/000/082/lost-1586946402-JsDu1Hmvdt.mp3,https://ncsmusic.s3.eu-west-1.amazonaws.com/tracks/000/000/082/100x100/lost-1586946400-tkhuKrXJFB.jpg
Dime,Curbi,Future House,"Future House, Dark, Gloomy, Weird, Restless, Quirky",5 Oct 2014,Regular,https://ncsmusic.s3.eu-west-1.amazonaws.com/tracks/000/000/081/dime-1586946394-cB6st0JHVY.mp3,https://ncsmusic.s3.eu-west-1.amazonaws.com/tracks/000/000/081/100x100/dime-1586946392-csEXp9dcV6.jpg
Elevate,Arcien,Drum & Bass,"Drum & Bass, Quirky, Weird, energetic, Gloomy",2 Oct 2014,Regular,https://ncsmusic.s3.eu-west-1.amazonaws.com/tracks/000/000/080/elevate-1586946385-EAG3hA0RYK.mp3,https://ncsmusic.s3.eu-west-1.amazonaws.com/tracks/000/000/080/100x100/elevate-1586946384-mmRzZmomX5.jpg
Better times ft. Ayve,"T & Sugah, Ayve",N/A,,30 Sep 2014,Regular,,https://ncsmusic.s3.eu-west-1.amazonaws.com/tracks/000/000/079/100x100/better-times-ft-ayve-1586946382-KN7DymfS53.jpg
Recession,Main Reaktor,Hardstyle,"Hardstyle, Euphoric, Happy, Hopeful, energetic",28 Sep 2014,Regular,https://ncsmusic.s3.eu-west-1.amazonaws.com/tracks/000/000/078/recession-1586946377-PWuqJP3fBf.mp3,https://ncsmusic.s3.eu-west-1.amazonaws.com/tracks/000/000/078/100x100/recession-1586946375-a9AJmTjclN.jpg
Circles,Lensko,House,"House, energetic, Happy, Hopeful, Quirky, Weird",25 Sep 2014,Regular,https://ncsmusic.s3.eu-west-1.amazonaws.com/tracks/000/000/077/circles-1586946369-b4AhLrpOOw.mp3,https://ncsmusic.s3.eu-west-1.amazonaws.com/tracks/000/000/077/100x100/circles-1586946367-vT4jGC3yz8.jpg
Stay With Me,Mendum,Drumstep,"Drumstep, Weird, Quirky, Restless, sad, romantic",17 Sep 2014,Regular,https://ncsmusic.s3.eu-west-1.amazonaws.com/tracks/000/000/075/stay-with-me-1586946350-MiiN4BAyII.mp3,https://ncsmusic.s3.eu-west-1.amazonaws.com/tracks/000/000/075/100x100/stay-with-me-1586946348-M2hA5oxYlQ.jpg
Over,"LarsM, Side-B, Aloma Steele",House,"House, Dreamy, Euphoric, Hopeful, energetic, Happy",14 Sep 2014,Regular,https://ncsmusic.s3.eu-west-1.amazonaws.com/tracks/000/000/073/over-1586946334-qAZSeOfukl.mp3,https://ncsmusic.s3.eu-west-1.amazonaws.com/tracks/000/000/073/100x100/over-1586946332-4ZAKl82Hbs.jpg
Over (Dropouts Remix),"LarsM, Side-B, Aloma Steele, Dropouts",House,"House, Euphoric, Happy, Hopeful, energetic",14 Sep 2014,Regular,https://ncsmusic.s3.eu-west-1.amazonaws.com/tracks/000/000/074/over-dropouts-remix-1586946341-JFXihZyiAW.mp3,https://ncsmusic.s3.eu-west-1.amazonaws.com/tracks/000/000/074/100x100/over-dropouts-remix-1586946340-vtY40JTw9c.jpg
Adventure Time,Music Predators,Dubstep,"Dubstep, Euphoric, Happy, Hopeful, energetic",11 Sep 2014,Regular,https://ncsmusic.s3.eu-west-1.amazonaws.com/tracks/000/000/072/adventure-time-1586946327-BF6Ztp0D8G.mp3,https://ncsmusic.s3.eu-west-1.amazonaws.com/tracks/000/000/072/100x100/adventure-time-1586946325-qI7HC5AVQO.jpg
Way Back Home,"Krys Talk, Cole Sipe",Trap,"Trap, Hopeful, Euphoric, Dreamy, Laid Back, Peaceful",7 Sep 2014,Regular,https://ncsmusic.s3.eu-west-1.amazonaws.com/tracks/000/000/071/way-back-home-1586946319-scgN9GkEF4.mp3,https://ncsmusic.s3.eu-west-1.amazonaws.com/tracks/000/000/071/100x100/way-back-home-1586946317-NqKPlZYjJH.jpg
"On That Day (Ft. ElDiablo, Flint & Zadik)","Desmeon, ElDiablo, Flint, Zadik",Dubstep,"Dubstep, Weird, Dark, Quirky, Angry, Fear, Gloomy",31 Aug 2014,Regular,https://ncsmusic.s3.eu-west-1.amazonaws.com/tracks/000/000/070/on-that-day-ft-eldiablo-flint-zadik-1586946311-nHTU7e6pPW.mp3,https://ncsmusic.s3.eu-west-1.amazonaws.com/tracks/000/000/070/100x100/on-that-day-ft-eldiablo-flint-zadik-1586946309-QJrOHXrlGg.jpg
Fall For Gravity Feat. Nathan Brumley,"Electro-Light, Nathan Brumley",Drumstep,"Drumstep, Angry, energetic, Quirky, Dark",29 Aug 2014,Regular,https://ncsmusic.s3.eu-west-1.amazonaws.com/tracks/000/000/069/fall-for-gravity-feat-nathan-brumley-1586946303-4wlwl2ugXO.mp3,https://ncsmusic.s3.eu-west-1.amazonaws.com/tracks/000/000/069/100x100/fall-for-gravity-feat-nathan-brumley-1586946301-69h2egNEgE.jpg
Bad Motives (feat. Aloma Steele),"DM Galaxy, Aloma Steele",Dubstep,"Dubstep, Dark, Fear, Suspense, Weird, Quirky",27 Aug 2014,Regular,https://ncsmusic.s3.eu-west-1.amazonaws.com/tracks/000/000/068/bad-motives-feat-aloma-steele-1586946295-WFxKUmAFmk.mp3,https://ncsmusic.s3.eu-west-1.amazonaws.com/tracks/000/000/068/100x100/bad-motives-feat-aloma-steele-1586946292-nZiIl1gFwC.jpg
Young Ones (feat. Jeremy Fowler),"Johnny Third, Jeremy Fowler",House,"House, Euphoric, Happy, Hopeful, energetic",24 Aug 2014,Regular,https://ncsmusic.s3.eu-west-1.amazonaws.com/tracks/000/000/067/young-ones-feat-jeremy-fowler-1586946286-99hhKLT7Hl.mp3,https://ncsmusic.s3.eu-west-1.amazonaws.com/tracks/000/000/067/100x100/young-ones-feat-jeremy-fowler-1586946284-6f3qAOIyx9.jpg
Noire,Vena Cava,EDM,"EDM, Dark, energetic, Fear, Suspense, Gloomy",22 Aug 2014,Regular,https://ncsmusic.s3.eu-west-1.amazonaws.com/tracks/000/000/066/noire-1586946278-5Pd5o0DEPA.mp3,https://ncsmusic.s3.eu-west-1.amazonaws.com/tracks/000/000/066/100x100/noire-1586946276-sAqhRaw36p.jpg
In The Stories (feat. Cory Friesenhan),"Warptech, Cory Friesenhan",Drumstep,"Drumstep, Happy, Hopeful, Euphoric, energetic, Dreamy",13 Aug 2014,Regular,https://ncsmusic.s3.eu-west-1.amazonaws.com/tracks/000/000/065/in-the-stories-feat-cory-friesenhan-1586946269-UyZv3tEHAk.mp3,https://ncsmusic.s3.eu-west-1.amazonaws.com/tracks/000/000/065/100x100/in-the-stories-feat-cory-friesenhan-1586946266-hue5DzdEfM.jpg
Cetus,Lensko,House,"House, Happy, Hopeful, Euphoric, energetic, Quirky, Weird",10 Aug 2014,Regular,https://ncsmusic.s3.eu-west-1.amazonaws.com/tracks/000/000/063/cetus-1586946247-HGojiKBAdH.mp3,https://ncsmusic.s3.eu-west-1.amazonaws.com/tracks/000/000/063/100x100/cetus-1586946246-jrDXSoYSez.jpg
Drifting Away,"Housewell, Side-B, Karl VanBurkleo",House,"House, energetic, Hopeful, Euphoric, sad, Dark",10 Aug 2014,Regular,https://ncsmusic.s3.eu-west-1.amazonaws.com/tracks/000/000/064/drifting-away-1586946258-WNa0COngyc.mp3,https://ncsmusic.s3.eu-west-1.amazonaws.com/tracks/000/000/064/100x100/drifting-away-1586946257-4QQ3DbTO65.jpg
Cast Away ft. Ayve,"Ayve, T & Sugah",Drum & Bass,"Drum & Bass, energetic, Hopeful, Euphoric, Happy",5 Aug 2014,Regular,https://ncsmusic.s3.eu-west-1.amazonaws.com/tracks/000/000/062/cast-away-ft-ayve-1586946237-Aubb2ZQ9WX.mp3,https://ncsmusic.s3.eu-west-1.amazonaws.com/tracks/000/000/062/100x100/cast-away-ft-ayve-1586946236-MdYxepC4sk.jpg
Unexpected,David Bulla,House,"House, Happy, Hopeful, Euphoric, energetic, Dreamy",3 Aug 2014,Regular,https://ncsmusic.s3.eu-west-1.amazonaws.com/tracks/000/000/061/unexpected-1586946229-gzqINM8oNa.mp3,https://ncsmusic.s3.eu-west-1.amazonaws.com/tracks/000/000/061/100x100/unexpected-1586946227-GC15J3BdZZ.jpg
Hold On (feat. Ranja),Elliot Berger,Dubstep,"Dubstep, Dark, Laid Back, Peaceful, Suspense, romantic",30 Jul 2014,Regular,https://ncsmusic.s3.eu-west-1.amazonaws.com/tracks/000/000/060/hold-on-feat-ranja-1586946217-cf8TL9ki9j.mp3,https://ncsmusic.s3.eu-west-1.amazonaws.com/tracks/000/000/060/100x100/hold-on-feat-ranja-1586946215-cgDTCWbSOi.jpg
Let Go,Dropouts,House,"House, Happy, Hopeful, Euphoric, energetic",27 Jul 2014,Regular,https://ncsmusic.s3.eu-west-1.amazonaws.com/tracks/000/000/059/let-go-1586946207-mBBylNN7Hb.mp3,https://ncsmusic.s3.eu-west-1.amazonaws.com/tracks/000/000/059/100x100/let-go-1586946206-7YeRTCoZWm.jpg
Taking Over (feat Alexa Lusader),"Alexa Lusader, OLWIK",House,"House, energetic, Suspense, Fear, Restless",13 Jul 2014,Regular,https://ncsmusic.s3.eu-west-1.amazonaws.com/tracks/000/000/057/taking-over-feat-alexa-lusader-1586946180-UJQlOVNrwh.mp3,https://ncsmusic.s3.eu-west-1.amazonaws.com/tracks/000/000/057/100x100/taking-over-feat-alexa-lusader-1586946178-Jh20THY0Yb.jpg
Paralyzed (Disfigure Remix),"DM Galaxy, Tyler Fiore, Disfigure",Dubstep,"Dubstep, Suspense, romantic, Laid Back, Weird",12 Jul 2014,Regular,https://ncsmusic.s3.eu-west-1.amazonaws.com/tracks/000/000/056/paralyzed-disfigure-remix-1586946172-ZBMxTeuVHk.mp3,https://ncsmusic.s3.eu-west-1.amazonaws.com/tracks/000/000/056/100x100/paralyzed-disfigure-remix-1586946170-09uEVvgytC.jpg
Electron,Ramzoid,EDM,"EDM, Dark, Quirky, Weird, energetic, Suspense",8 Jul 2014,Regular,https://ncsmusic.s3.eu-west-1.amazonaws.com/tracks/000/000/055/electron-1586946159-om7juUtKVg.mp3,https://ncsmusic.s3.eu-west-1.amazonaws.com/tracks/000/000/055/100x100/electron-1586946157-lpugfQBg9Z.jpg
Together (Feat. Vivien),"Vivien, Janji",House,"House, Happy, Hopeful, Euphoric, energetic, romantic",6 Jul 2014,Regular,https://ncsmusic.s3.eu-west-1.amazonaws.com/tracks/000/000/054/together-feat-vivien-1586946151-zy4ViZEuiO.mp3,https://ncsmusic.s3.eu-west-1.amazonaws.com/tracks/000/000/054/100x100/together-feat-vivien-1586946149-SiJyx9gD73.jpg
Heartbeat (Ft. Emily Jane),"VENEMY, Emily Jane",Melodic Dubstep,"Melodic Dubstep, Glamorous, romantic, Sexy, Dark",2 Jul 2014,Regular,https://ncsmusic.s3.eu-west-1.amazonaws.com/tracks/000/000/053/heartbeat-ft-emily-jane-1586946139-ODbzcFnXOA.mp3,https://ncsmusic.s3.eu-west-1.amazonaws.com/tracks/000/000/053/100x100/heartbeat-ft-emily-jane-1586946137-mVd5ShQ8ho.jpg
TOHKA (feat. Raya),"Vena Cava, Raya",Drum & Bass,"Drum & Bass, energetic, Restless, Happy, Hopeful",25 Jun 2014,Regular,https://ncsmusic.s3.eu-west-1.amazonaws.com/tracks/000/000/052/tohka-feat-raya-1586946128-FGm8fuMVht.mp3,https://ncsmusic.s3.eu-west-1.amazonaws.com/tracks/000/000/052/100x100/tohka-feat-raya-1586946126-pVeroDH6G2.jpg
Milky Way Stars (feat. TR),"TR, Janji",House,"House, Happy, Hopeful, Euphoric, energetic",15 Jun 2014,Regular,https://ncsmusic.s3.eu-west-1.amazonaws.com/tracks/000/000/051/milky-way-stars-feat-tr-1586946119-n5oYyQn0k9.,https://ncsmusic.s3.eu-west-1.amazonaws.com/tracks/000/000/051/100x100/milky-way-stars-feat-tr-1586946118-Yv6NJKMZsB.jpg
Don't Look Down,Laszlo,Drum & Bass,"Drum & Bass, Happy, Hopeful, Euphoric, energetic, Quirky",8 Jun 2014,Regular,https://ncsmusic.s3.eu-west-1.amazonaws.com/tracks/000/000/050/dont-look-down-1586946109-SwTo8tplQ2.mp3,https://ncsmusic.s3.eu-west-1.amazonaws.com/tracks/000/000/050/100x100/dont-look-down-1586946107-jFUbUiSxyt.jpg
The Edge,Electro-Light,Melodic Dubstep,"Melodic Dubstep, romantic, Hopeful, Dreamy, Laid Back",4 Jun 2014,Regular,https://ncsmusic.s3.eu-west-1.amazonaws.com/tracks/000/000/049/the-edge-1586946102-R2LXI5j61r.mp3,https://ncsmusic.s3.eu-west-1.amazonaws.com/tracks/000/000/049/100x100/the-edge-1586946101-swARBjB2He.jpg
Salvation,Main Reaktor,EDM,"EDM, Happy, Hopeful, Euphoric, energetic",30 May 2014,Regular,https://ncsmusic.s3.eu-west-1.amazonaws.com/tracks/000/000/047/salvation-1586946079-91BZeUDgOy.mp3,https://ncsmusic.s3.eu-west-1.amazonaws.com/tracks/000/000/047/100x100/salvation-1586946076-tllkMtAh5n.jpg
Chasing Ghosts,The Eden Project,Dubstep,"Dubstep, sad, Fear, Dark, Laid Back, Glamorous",28 May 2014,Regular,https://ncsmusic.s3.eu-west-1.amazonaws.com/tracks/000/000/046/chasing-ghosts-1586946070-BXPbYt5ATG.mp3,https://ncsmusic.s3.eu-west-1.amazonaws.com/tracks/000/000/046/100x100/chasing-ghosts-1586946068-8gMXRlMOA3.jpg
Waking Up,"Culture Code, Regoton, Jonny Rose",House,"House, Happy, Hopeful, Euphoric, energetic",25 May 2014,Regular,https://ncsmusic.s3.eu-west-1.amazonaws.com/tracks/000/000/045/waking-up-1586946058-cQf6iA0FSZ.mp3,https://ncsmusic.s3.eu-west-1.amazonaws.com/tracks/000/000/045/100x100/waking-up-1586946056-GeCxrxPBLz.jpg
The Nameless,Elliot Berger,Dubstep,"Dubstep, Quirky, Weird, Laid Back, Peaceful",23 May 2014,Regular,https://ncsmusic.s3.eu-west-1.amazonaws.com/tracks/000/000/044/the-nameless-1586946051-bWWvTlRt4L.mp3,https://ncsmusic.s3.eu-west-1.amazonaws.com/tracks/000/000/044/100x100/the-nameless-1586946048-O4TGQxzfXO.jpg
Handsonic,"Vena Cava, Jordan Virelli",Drum & Bass,"Drum & Bass, Happy, Hopeful, Euphoric, energetic, Quirky",21 May 2014,Regular,https://ncsmusic.s3.eu-west-1.amazonaws.com/tracks/000/000/043/handsonic-1586946041-g3WnszMbL5.mp3,https://ncsmusic.s3.eu-west-1.amazonaws.com/tracks/000/000/043/100x100/handsonic-1586946039-cZVcXr90bg.jpg
High Life,David Bulla,House,"House, Happy, Hopeful, Euphoric, energetic",18 May 2014,Regular,https://ncsmusic.s3.eu-west-1.amazonaws.com/tracks/000/000/042/high-life-1586946026-0p9utdYlj2.mp3,https://ncsmusic.s3.eu-west-1.amazonaws.com/tracks/000/000/042/100x100/high-life-1586946024-STmHYVjfm2.jpg
Don't Leave Me,"Electronic Vibes, M.I.M.E",Hardstyle,"Hardstyle, Angry, Dark, energetic, Suspense, Fear",14 May 2014,Regular,https://ncsmusic.s3.eu-west-1.amazonaws.com/tracks/000/000/041/dont-leave-me-1586946018-l8MK6lNJGT.mp3,https://ncsmusic.s3.eu-west-1.amazonaws.com/tracks/000/000/041/100x100/dont-leave-me-1586946016-X3wNLdKGeD.jpg
California,"Luke Carpenter, John Ross, Corey Saxon",House,"House, romantic, energetic, Happy, Hopeful, Euphoric",11 May 2014,Regular,https://ncsmusic.s3.eu-west-1.amazonaws.com/tracks/000/000/040/california-1586946008-pwrUTCdo1X.mp3,https://ncsmusic.s3.eu-west-1.amazonaws.com/tracks/000/000/040/100x100/california-1586946006-dao07ozf8Y.jpg
Lost Language,The Void,Hardstyle,"Hardstyle, Angry, Dark, energetic, Suspense, Fear",4 May 2014,Regular,https://ncsmusic.s3.eu-west-1.amazonaws.com/tracks/000/000/039/lost-language-1586945998-U4i5BRfugB.mp3,https://ncsmusic.s3.eu-west-1.amazonaws.com/tracks/000/000/039/100x100/lost-language-1586945996-OWfdvxMEWK.jpg
Here We Are,Laszlo,Drum & Bass,"Drum & Bass, energetic, Epic, Happy, Euphoric",1 May 2014,Regular,https://ncsmusic.s3.eu-west-1.amazonaws.com/tracks/000/000/038/here-we-are-1586945988-7FIh6nFXOD.mp3,https://ncsmusic.s3.eu-west-1.amazonaws.com/tracks/000/000/038/100x100/here-we-are-1586945986-oERfT322IP.jpg
Hope,"Morley, Speo",Melodic Dubstep,"Melodic Dubstep, Dark, energetic, Weird, Suspense",22 Apr 2014,Regular,https://ncsmusic.s3.eu-west-1.amazonaws.com/tracks/000/000/036/hope-1586945973-XofUJRVQs7.mp3,https://ncsmusic.s3.eu-west-1.amazonaws.com/tracks/000/000/036/100x100/hope-1586945971-xQhgVrHDmd.jpg
Hold On To Me,"Electro-Light, Sidekicks",House,"House, energetic, Epic, Happy, Euphoric",20 Apr 2014,Regular,https://ncsmusic.s3.eu-west-1.amazonaws.com/tracks/000/000/035/hold-on-to-me-1586945965-ko8MBhRimx.mp3,https://ncsmusic.s3.eu-west-1.amazonaws.com/tracks/000/000/035/100x100/hold-on-to-me-1586945963-M0oRNYjNvA.jpg
This Life,"OLWIK, Johnning",House,"House, Hopeful, Happy, Euphoric, energetic",13 Apr 2014,Regular,https://ncsmusic.s3.eu-west-1.amazonaws.com/tracks/000/000/034/this-life-1586945955-rQrWtOC8U0.mp3,https://ncsmusic.s3.eu-west-1.amazonaws.com/tracks/000/000/034/100x100/this-life-1586945953-FMP4oO2qGI.jpg
Let You Know,"SirensCeol, Reaktion, The Eden Project",Drumstep,"Drumstep, energetic, Epic, Happy, Euphoric",10 Apr 2014,Regular,https://ncsmusic.s3.eu-west-1.amazonaws.com/tracks/000/000/033/let-you-know-1586945938-IdX9FP6mZC.mp3,https://ncsmusic.s3.eu-west-1.amazonaws.com/tracks/000/000/033/100x100/let-you-know-1586945936-DsGw6hRaVo.jpg
I'm Here,"Rob Gasser, The Eden Project",N/A,,8 Apr 2014,Regular,,https://ncsmusic.s3.eu-west-1.amazonaws.com/tracks/000/000/032/100x100/im-here-1586945935-TV1iYf1bJQ.jpg
Flames,"Vena Cava, Project Veresen, Raya",House,"House, Hopeful, Happy, Euphoric, energetic",1 Apr 2014,Regular,https://ncsmusic.s3.eu-west-1.amazonaws.com/tracks/000/000/031/flames-1586945926-v3xpqOLnrp.mp3,https://ncsmusic.s3.eu-west-1.amazonaws.com/tracks/000/000/031/100x100/1749224614_TOEhbaw2qI_NCS_3000.jpg
Origin,Electric Joy Ride,House,"House, Hopeful, Happy, Euphoric, energetic",26 Mar 2014,Regular,https://ncsmusic.s3.eu-west-1.amazonaws.com/tracks/000/000/029/origin-1586945900-bzeiLwQgEX.mp3,https://ncsmusic.s3.eu-west-1.amazonaws.com/tracks/000/000/029/100x100/origin-1586945898-BwksR2P8U4.jpg
Iris,"Friendzone, The Eden Project",House,"House, Happy, Euphoric, Dreamy, energetic",23 Mar 2014,Regular,https://ncsmusic.s3.eu-west-1.amazonaws.com/tracks/000/000/028/iris-1586945890-hhNO5jcFID.mp3,https://ncsmusic.s3.eu-west-1.amazonaws.com/tracks/000/000/028/100x100/iris-1586945888-pITCTC4LtS.jpg
Crest,Codeko,House,"House, Happy, Euphoric, Dreamy, energetic",17 Mar 2014,Regular,https://ncsmusic.s3.eu-west-1.amazonaws.com/tracks/000/000/027/crest-1586945881-SFn3JlgWVI.mp3,https://ncsmusic.s3.eu-west-1.amazonaws.com/tracks/000/000/027/100x100/crest-1586945879-wzcjgARrLv.jpg
Clearly (Venemy Remix),"Electro-Light, Iain Mannix, VENEMY",Dubstep,"Dubstep, Dreamy, Glamorous, Laid Back, Peaceful, Hopeful",9 Mar 2014,Regular,https://ncsmusic.s3.eu-west-1.amazonaws.com/tracks/000/000/026/clearly-venemy-remix-1586945873-AnoIQgYSY0.mp3,https://ncsmusic.s3.eu-west-1.amazonaws.com/tracks/000/000/026/100x100/clearly-venemy-remix-1586945871-JjjZiFPrHi.jpg
One Step Away,Laszlo,Melodic Dubstep,"Melodic Dubstep, Happy, Laid Back, Peaceful, Dreamy",4 Mar 2014,Regular,https://ncsmusic.s3.eu-west-1.amazonaws.com/tracks/000/000/025/one-step-away-1586945863-9WCa4pgDxW.mp3,https://ncsmusic.s3.eu-west-1.amazonaws.com/tracks/000/000/025/100x100/one-step-away-1586945862-bTiriluWcn.jpg
Redshift,Robert Chacon,Dubstep,"Dubstep, Suspense, Dark, Weird, sad",2 Mar 2014,Regular,https://ncsmusic.s3.eu-west-1.amazonaws.com/tracks/000/000/024/redshift-1586945855-y8fDkyQR8H.mp3,https://ncsmusic.s3.eu-west-1.amazonaws.com/tracks/000/000/024/100x100/redshift-1586945853-H2D4nJXBsb.jpg
Paralyzed,"DM Galaxy, Tyler Fiore",Dubstep,"Dubstep, Dark, energetic, Suspense, Fear",25 Feb 2014,Regular,https://ncsmusic.s3.eu-west-1.amazonaws.com/tracks/000/000/023/paralyzed-1586945847-llGu7sQphv.mp3,https://ncsmusic.s3.eu-west-1.amazonaws.com/tracks/000/000/023/100x100/paralyzed-1586945845-KQC0C3pXa0.jpg
Feel The Buzz,Sub.Soud,Drum & Bass,"Drum & Bass, Gloomy, Weird, Quirky, energetic",23 Feb 2014,Regular,https://ncsmusic.s3.eu-west-1.amazonaws.com/tracks/000/000/022/feel-the-buzz-1586945839-YZKjPvROL6.mp3,https://ncsmusic.s3.eu-west-1.amazonaws.com/tracks/000/000/022/100x100/feel-the-buzz-1586945837-pE6qAB4Nig.jpg
Fall To Light,Laszlo,Drum & Bass,"Drum & Bass, Hopeful, Happy, Euphoric, energetic",16 Feb 2014,Regular,https://ncsmusic.s3.eu-west-1.amazonaws.com/tracks/000/000/021/fall-to-light-1586945831-HcRi1KEKPS.mp3,https://ncsmusic.s3.eu-west-1.amazonaws.com/tracks/000/000/021/100x100/fall-to-light-1586945829-PT7IoEH1mu.jpg
Last Summer,Warptech,Drumstep,"Drumstep, Happy, Euphoric, Dreamy, energetic",12 Feb 2014,Regular,https://ncsmusic.s3.eu-west-1.amazonaws.com/tracks/000/000/020/last-summer-1586945823-tUbzQawutT.mp3,https://ncsmusic.s3.eu-west-1.amazonaws.com/tracks/000/000/020/100x100/last-summer-1586945821-WZ5JuKbLwh.jpg
Free Fall,Audioscribe,Drum & Bass,"Drum & Bass, Gloomy, Weird, Quirky, energetic",2 Feb 2014,Regular,https://ncsmusic.s3.eu-west-1.amazonaws.com/tracks/000/000/018/free-fall-1586945799-5SFxUH4WSW.mp3,https://ncsmusic.s3.eu-west-1.amazonaws.com/tracks/000/000/018/100x100/free-fall-1586945797-DHBdLiMIWb.jpg
Shootin Stars,DDark,Trap,"Trap, Dark, Gloomy, Fear, Suspense",30 Jan 2014,Regular,https://ncsmusic.s3.eu-west-1.amazonaws.com/tracks/000/000/017/shootin-stars-1586945791-wOzQKPG38w.mp3,https://ncsmusic.s3.eu-west-1.amazonaws.com/tracks/000/000/017/100x100/shootin-stars-1586945789-AG8xw17s3v.jpg
Summer Tune,Disfigure,Drum & Bass,"Drum & Bass, Hopeful, Happy, Euphoric, energetic",19 Jan 2014,Regular,https://ncsmusic.s3.eu-west-1.amazonaws.com/tracks/000/000/015/summer-tune-1586945775-rLg6zt83BQ.mp3,https://ncsmusic.s3.eu-west-1.amazonaws.com/tracks/000/000/015/100x100/summer-tune-1586945774-1TlkSzXIKU.jpg
Saved Me Now,Matthew Blake,House,"House, Hopeful, Happy, Euphoric, energetic",12 Jan 2014,Regular,https://ncsmusic.s3.eu-west-1.amazonaws.com/tracks/000/000/014/saved-me-now-1586945765-axblMvLF6D.mp3,https://ncsmusic.s3.eu-west-1.amazonaws.com/tracks/000/000/014/100x100/saved-me-now-1586945763-ps24CbJwbj.jpg
Resolution,"Warptech, Cory Friesenhan",Drumstep,"Drumstep, Quirky, Weird, energetic, Suspense",8 Jan 2014,Regular,https://ncsmusic.s3.eu-west-1.amazonaws.com/tracks/000/000/013/resolution-1586945758-Mqi99zJTpY.mp3,https://ncsmusic.s3.eu-west-1.amazonaws.com/tracks/000/000/013/100x100/resolution-1586945754-lpzv54sITw.jpg
Imaginary Friends,Laszlo,House,"House, Gloomy, Weird, Quirky, energetic",26 Dec 2013,Regular,https://ncsmusic.s3.eu-west-1.amazonaws.com/tracks/000/000/012/imaginary-friends-1586945745-rEQRXBuFIe.mp3,https://ncsmusic.s3.eu-west-1.amazonaws.com/tracks/000/000/012/100x100/imaginary-friends-1586945743-SUkDdf2Rdm.jpg
Reign,"VENEMY, Aznar, Doubletake",Dubstep,"Dubstep, Dark, Gloomy, Fear, sad",16 Dec 2013,Regular,https://ncsmusic.s3.eu-west-1.amazonaws.com/tracks/000/000/011/reign-1586945736-faEjuvoc8K.mp3,/static/web/img/no-track.png?_m=1693299337
Shine (Gabriel Drew & Bloom Remix),"Spektrem, Gabriel Drew, Bloom",House,"House, Happy, Euphoric, Dreamy, energetic",8 Dec 2013,Regular,https://ncsmusic.s3.eu-west-1.amazonaws.com/tracks/000/000/010/shine-gabriel-drew-bloom-remix-1586945730-OGZN9Cv4tQ.mp3,https://ncsmusic.s3.eu-west-1.amazonaws.com/tracks/000/000/010/100x100/shine-gabriel-drew-bloom-remix-1586945728-lwsWNcz3wk.jpg
Time Leap,Aero Chord,Drum & Bass,"Drum & Bass, Quirky, Weird, Peaceful, energetic",28 Nov 2013,Regular,https://ncsmusic.s3.eu-west-1.amazonaws.com/tracks/000/000/009/time-leap-1586945722-4uAee3lX0C.mp3,/static/web/img/no-track.png?_m=1693299337
Explode,Verm,House,"House, Dark, Angry, energetic, Suspense",26 Nov 2013,Regular,https://ncsmusic.s3.eu-west-1.amazonaws.com/tracks/000/000/008/explode-1586945714-kvmN5iqkgp.mp3,https://ncsmusic.s3.eu-west-1.amazonaws.com/tracks/000/000/008/100x100/explode-1586945712-jSUkC5pUaO.jpg
My Heart,"Different Heaven, EH!DE",Drumstep,"Drumstep, Quirky, Happy, Weird, energetic",13 Nov 2013,Regular,https://ncsmusic.s3.eu-west-1.amazonaws.com/tracks/000/000/007/my-heart-1586945702-4NfTD6qN1D.mp3,https://ncsmusic.s3.eu-west-1.amazonaws.com/tracks/000/000/007/100x100/my-heart-1586945701-HmFjvicOAb.jpg
Lets Fly Away Pt.2,"JIKES, Nori",Drum & Bass,"Drum & Bass, romantic, Hopeful, energetic, Euphoric, Happy",20 Oct 2013,Regular,https://ncsmusic.s3.eu-west-1.amazonaws.com/tracks/000/000/006/1742292701_p7oRFVHiIh_JIKES-Ft.-Nori---Let_s-Fly-Away-Pt.2-_NCS-Release_.mp3,https://ncsmusic.s3.eu-west-1.amazonaws.com/tracks/000/000/006/100x100/lets-fly-away-pt2-1586945691-h8IuDOI1P1.jpg
Skyline,Audioscribe,Drum & Bass,"Drum & Bass, Happy, Quirky, Weird, Hopeful",27 Jun 2013,Regular,https://ncsmusic.s3.eu-west-1.amazonaws.com/tracks/000/000/005/skyline-1586945684-ewPpvozb1V.mp3,https://ncs.io/static/web/img/no-artist.png
Shine,Spektrem,House,"House, Happy, energetic, Euphoric, Hopeful",5 May 2013,Regular,https://ncsmusic.s3.eu-west-1.amazonaws.com/tracks/000/000/004/shine-1586945670-Quaaj2gT6A.mp3,https://ncsmusic.s3.eu-west-1.amazonaws.com/tracks/000/000/004/100x100/shine-1586945669-q6xkJvEZBu.jpg
Shine (Sped Up),Spektrem,Progressive House,"Progressive House, romantic, Euphoric, Epic, Suspense",5 May 2013,Regular,https://ncsmusic.s3.eu-west-1.amazonaws.com/tracks/000/001/772/shine-sped-up-1727366528-4uVWO0GE3Z.mp3,https://ncsmusic.s3.eu-west-1.amazonaws.com/tracks/000/001/772/100x100/shine-sped-up-1727366525-n5HIBRoNm3.png
Shine (Slowed),Spektrem,Progressive House,"Progressive House, romantic, Euphoric, Epic, Suspense",5 May 2013,Regular,https://ncsmusic.s3.eu-west-1.amazonaws.com/tracks/000/001/773/shine-slowed-1727366532-eapWbSHiyT.mp3,https://ncsmusic.s3.eu-west-1.amazonaws.com/tracks/000/001/773/100x100/shine-slowed-1727366531-60c1SGNxPj.png
Blank,Disfigure,Melodic Dubstep,"Melodic Dubstep, Happy, Hopeful, Quirky, relaxed",1 May 2013,Regular,https://ncsmusic.s3.eu-west-1.amazonaws.com/tracks/000/000/003/blank-1586945660-LPD2Fw7OZ0.mp3,https://ncsmusic.s3.eu-west-1.amazonaws.com/tracks/000/000/003/100x100/blank-1586945658-bOQwSIyJEe.jpg
The Light,"Tetrix Bass, Veela",Dubstep,"Dubstep, Quirky, Weird, Laid Back, Dark",31 Mar 2013,Regular,https://ncsmusic.s3.eu-west-1.amazonaws.com/tracks/000/000/002/the-light-1586945652-fNjxvTkMGP.mp3,https://ncsmusic.s3.eu-west-1.amazonaws.com/tracks/000/000/002/100x100/the-light-1586945649-w28P8pEpMB.jpg
Coming Home,SirensCeol,Dubstep,"Dubstep, Dreamy, Euphoric, Hopeful, Peaceful",29 Mar 2013,Regular,https://ncsmusic.s3.eu-west-1.amazonaws.com/tracks/000/000/001/coming-home-1586945639-qbZM0z9kde.mp3,https://ncsmusic.s3.eu-west-1.amazonaws.com/tracks/000/000/001/100x100/coming-home-1586945636-YrM7DK2zGn.jpg
